Name,SMILES,target
6-Bromo-3'-methylflavone,CC1=CC(=CC=C1)C2=CC(=O)C3=C(O2)C=CC(=C3)Br,0
8-Geranyloxypsoralen,CC(=CCC/C(=C/COC1=C2C(=CC3=C1OC=C3)C=CC(=O)O2)/C)C,0
Piperidolate Hydrochloride,CCN1CCCC(C1)OC(=O)C(C2=CC=CC=C2)C3=CC=CC=C3.Cl,0
6-(3-methoxyphenyl)-N-(thiophen-2-ylmethyl)-4-quinazolinamine,COC1=CC=CC(=C1)C2=CC3=C(C=C2)N=CN=C3NCC4=CC=CS4,0
"2-(1,3-benzodioxol-5-yl)-N-(thiophen-2-ylmethyl)quinazolin-4-amine",C1OC2=C(O1)C=C(C=C2)C3=NC4=CC=CC=C4C(=N3)NCC5=CC=CS5,0
"methyl (2R,5R)-2-benzyl-5-methyl-5-(pyridin-2-ylmethylcarbamoyl)-2H-pyrrole-1-carboxylate",C[C@@]1(C=C[C@H](N1C(=O)OC)CC2=CC=CC=C2)C(=O)NCC3=CC=CC=N3,0
5-Aminosalicylic Acid,C1=CC(=C(C=C1N)C(=O)O)O,0
Tocris-1234,C[C@@H]1CC[C@@]2([C@@H](C[C@H]([C@H](O2)[C@H](C)C(=O)C3=CC=CN3)C)C)O[C@@H]1CC4=NC5=C(O4)C=CC(=C5C(=O)O)NC,0
N-(4-fluorophenyl)-5-(2-methylphenyl)pyrimidin-4-amine,CC1=CC=CC=C1C2=CN=CN=C2NC3=CC=C(C=C3)F,0
"2-(1,3-benzodioxol-5-yl)-N-(thiophen-2-ylmethyl)pyrimidin-4-amine",C1OC2=C(O1)C=C(C=C2)C3=NC=CC(=N3)NCC4=CC=CS4,0
Clebopride maleate,COC1=CC(=C(C=C1C(=O)NC2CCN(CC2)CC3=CC=CC=C3)Cl)N.C(=C\C(=O)O)\C(=O)O,0
Bis(2-chloro-4-methyl-6-quinolyl)methane,CC1=CC(=NC2=C1C=C(C=C2)CC3=CC4=C(C=C3)N=C(C=C4C)Cl)Cl,0
6-(2-methoxyphenyl)-N-methylquinazolin-4-amine,CNC1=NC=NC2=C1C=C(C=C2)C3=CC=CC=C3OC,0
"N-Cyano-N'-(1,1-dimethylpropyl)-N''-3-pyridinylguanidine",CCC(C)(C)N=C(NC#N)NC1=CN=CC=C1,0
Gangaleoidin,CC1=C2C(=C(C(=C1Cl)O)Cl)OC3=C(C(=C(C=C3OC2=O)OC)C(=O)OC)C,0
"benzyl N-[(R)-[(1R,2S)-2-[(2R)-1-(cyclopropylmethylamino)-1-oxopropan-2-yl]-1-methylcyclopropyl]-phenylmethyl]carbamate",C[C@H]([C@@H]1C[C@@]1(C)[C@H](C2=CC=CC=C2)NC(=O)OCC3=CC=CC=C3)C(=O)NCC4CC4,0
8-(2-Methoxyethyl)-6-(1-methylindol-3-yl)pteridin-7-one,CN1C=C(C2=CC=CC=C21)C3=NC4=CN=CN=C4N(C3=O)CCOC,0
"8,2'-Dimethoxyflavone",COC1=CC=CC=C1C2=CC(=O)C3=C(O2)C(=CC=C3)OC,0
"[(5S)-2-(2-methylpropyl)-2,7-diazaspiro[4.5]decan-7-yl]-pyridin-4-ylmethanone",CC(C)CN1CC[C@]2(C1)CCCN(C2)C(=O)C3=CC=NC=C3,0
8-(2-Methoxyethyl)-2-(4-methoxyphenoxy)-6-(4-methoxyphenyl)pteridin-7-one,COCCN1C2=NC(=NC=C2N=C(C1=O)C3=CC=C(C=C3)OC)OC4=CC=C(C=C4)OC,0
4-Imidazol-1-yl-6-pyridin-3-ylpyrimidine,C1=CC(=CN=C1)C2=CC(=NC=N2)N3C=CN=C3,0
"(3aS,5aS,6Z,8R,9S,9aS,9bS)-2-benzyl-8,9-dihydroxy-6-pent-4-ynoxyimino-4,5,5a,7,8,9,9a,9b-octahydro-3aH-benzo[e]isoindole-1,3-dione",C#CCCCO/N=C\1/C[C@H]([C@H]([C@H]2[C@@H]1CC[C@H]3[C@H]2C(=O)N(C3=O)CC4=CC=CC=C4)O)O,0
"N-[(3R,4R,5Z,11S,12R,13Z)-4,12-dimethyl-11-[(4-methylphenyl)sulfonylamino]-8,16-dioxo-1,9-dioxacyclohexadeca-5,13-dien-3-yl]-4-methylbenzenesulfonamide",C[C@H]/1[C@@H](COC(=O)C/C=C\[C@H]([C@H](COC(=O)C/C=C1)NS(=O)(=O)C2=CC=C(C=C2)C)C)NS(=O)(=O)C3=CC=C(C=C3)C,0
N-benzyl-5-(furan-3-yl)pyrimidin-4-amine,C1=CC=C(C=C1)CNC2=NC=NC=C2C3=COC=C3,0
"(2-Benzyl-2,9-diazaspiro[5.5]undecan-9-yl)-pyridin-4-ylmethanone",C1CC2(CCN(CC2)C(=O)C3=CC=NC=C3)CN(C1)CC4=CC=CC=C4,0
"N,N-dimethyl-4-[4-(thiophen-2-ylmethylamino)pyrimidin-2-yl]benzamide",CN(C)C(=O)C1=CC=C(C=C1)C2=NC=CC(=N2)NCC3=CC=CS3,0
Dihydrogambogic acid,CC(=CCCC1(C=CC2=C(C3=C(C(=C2O1)CC=C(C)C)OC45C6CC(C=C4C3=O)C(C5(OC6(C)C)C/C=C(/C)\C(=O)O)O)O)C)C,0
"6,7-Bis[(2,2-dimethyl-1,3-dioxolan-4-yl)methylsulfanyl]quinoline-5,8-dione",CC1(OCC(O1)CSC2=C(C(=O)C3=C(C2=O)C=CC=N3)SCC4COC(O4)(C)C)C,0
"methyl 4-[(Z,4R)-2-fluoro-5-(4-methoxyanilino)-4-methyl-5-oxo-1-(phenylmethoxycarbonylamino)pent-2-enyl]benzoate",C[C@H](/C=C(/C(C1=CC=C(C=C1)C(=O)OC)NC(=O)OCC2=CC=CC=C2)\F)C(=O)NC3=CC=C(C=C3)OC,0
"(3-fluorophenyl)-[(5S)-2-(pyridin-4-ylmethyl)-2,7-diazaspiro[4.5]decan-7-yl]methanone",C1C[C@@]2(CCN(C2)CC3=CC=NC=C3)CN(C1)C(=O)C4=CC(=CC=C4)F,0
2-(2-chlorophenyl)-N-(thiophen-2-ylmethyl)pyrimidin-4-amine,C1=CC=C(C(=C1)C2=NC=CC(=N2)NCC3=CC=CS3)Cl,0
"4,4'-Dichlorodiphenyl sulfone",C1=CC(=CC=C1S(=O)(=O)C2=CC=C(C=C2)Cl)Cl,0
2-(3-methoxyphenyl)-N-[(2-methoxyphenyl)methyl]pyrimidin-4-amine,COC1=CC=CC(=C1)C2=NC=CC(=N2)NCC3=CC=CC=C3OC,0
"[2-[6-Azanyl-1-(cyclopropylmethyl)-3-methyl-2,4-bis(oxidanylidene)pyrimidin-5-yl]-2-oxidanylidene-ethyl] 2,8-bis(trifluoromethyl)quinoline-4-carboxylate",CN1C(=O)C(=C(N(C1=O)CC2CC2)N)C(=O)COC(=O)C3=CC(=NC4=C3C=CC=C4C(F)(F)F)C(F)(F)F,0
2-(2-methoxyphenyl)-N-[(3-methylphenyl)methyl]pyrimidin-4-amine,CC1=CC(=CC=C1)CNC2=NC(=NC=C2)C3=CC=CC=C3OC,0
Isoliquiritigenin,C1=CC(=CC=C1/C=C/C(=O)C2=C(C=C(C=C2)O)O)O,0
8-[(4-Fluorophenyl)methyl]-2-methoxy-6-(4-methoxyphenyl)pteridin-7-one,COC1=CC=C(C=C1)C2=NC3=CN=C(N=C3N(C2=O)CC4=CC=C(C=C4)F)OC,0
2-{2-Benzimidazol-2-yl-1-[(4-methylphenyl)methyl]ethyl}benzimidazole,CC1=CC=C(C=C1)CC(CC2=NC3=CC=CC=C3N2)C4=NC5=CC=CC=C5N4,0
"6-(1,3-benzodioxol-5-yl)-N-[(5-methylpyrazin-2-yl)methyl]quinazolin-4-amine",CC1=CN=C(C=N1)CNC2=NC=NC3=C2C=C(C=C3)C4=CC5=C(C=C4)OCO5,0
"6-(3-methoxyphenyl)-N,N-dimethylquinazolin-4-amine",CN(C)C1=NC=NC2=C1C=C(C=C2)C3=CC(=CC=C3)OC,0
8-(2-Phenylethyl)-2-piperazin-1-yl-6-thiophen-2-ylpteridin-7-one,C1CN(CCN1)C2=NC=C3C(=N2)N(C(=O)C(=N3)C4=CC=CS4)CCC5=CC=CC=C5,0
GR-103545,COC(=O)N1CCN([C@@H](C1)CN2CCCC2)C(=O)CC3=CC(=C(C=C3)Cl)Cl,0
2-(Ethylamino)-8-[(4-fluorophenyl)methyl]-6-(2-phenylethyl)pteridin-7-one,CCNC1=NC=C2C(=N1)N(C(=O)C(=N2)CCC3=CC=CC=C3)CC4=CC=C(C=C4)F,0
N-[3-(4-piperazin-1-ylquinazolin-6-yl)phenyl]methanesulfonamide,CS(=O)(=O)NC1=CC=CC(=C1)C2=CC3=C(C=C2)N=CN=C3N4CCNCC4,0
Desipramine,CNCCCN1C2=CC=CC=C2CCC3=CC=CC=C31,0
"(E)-4-[(2R)-12-acetyloxy-8,21,21-trimethyl-5-(3-methylbut-2-enyl)-8-(4-methylpent-3-enyl)-14,18-dioxo-3,7,20-trioxahexacyclo[15.4.1.02,15.02,19.04,13.06,11]docosa-4,6(11),9,12,15-pentaen-19-yl]-2-methylbut-2-enoic acid",CC(=CCCC1(C=CC2=C(O1)C(=C3C(=C2OC(=O)C)C(=O)C4=CC5CC6[C@]4(O3)C(C5=O)(OC6(C)C)C/C=C(\C)/C(=O)O)CC=C(C)C)C)C,0
"[3,5-bis(trifluoromethyl)phenyl]-[(5S)-2-pyridin-2-yl-2,7-diazaspiro[4.5]decan-7-yl]methanone",C1C[C@@]2(CCN(C2)C3=CC=CC=N3)CN(C1)C(=O)C4=CC(=CC(=C4)C(F)(F)F)C(F)(F)F,0
N-butyl-2-methyl-8-phenyl-9-(2-piperidin-1-ylethyl)purin-6-amine,CCCCNC1=C2C(=NC(=N1)C)N(C(=N2)C3=CC=CC=C3)CCN4CCCCC4,0
"Gallopamil, (-)-",CC(C)[C@](CCCN(C)CCC1=CC(=C(C=C1)OC)OC)(C#N)C2=CC(=C(C(=C2)OC)OC)OC,0
"methyl (2R,3R,6R)-4-benzoyl-3-benzyl-9-[(2S)-2,3-dihydroxypropyl]-10-(dimethylcarbamoyl)-4,9-diazatricyclo[6.3.0.02,6]undeca-1(8),10-diene-3-carboxylate",CN(C)C(=O)C1=CC2=C(N1C[C@@H](CO)O)C[C@@H]3[C@H]2[C@](N(C3)C(=O)C4=CC=CC=C4)(CC5=CC=CC=C5)C(=O)OC,0
N-[3-[4-(thiophen-2-ylmethylamino)pyrimidin-5-yl]phenyl]methanesulfonamide,CS(=O)(=O)NC1=CC=CC(=C1)C2=CN=CN=C2NCC3=CC=CS3,0
"(2S,5R)-6-(6-chloro-3-pyridinyl)-2-phenyl-7-pyridin-3-yl-3-[[4-(trifluoromethyl)phenyl]methyl]-3-azatricyclo[5.1.1.01,5]nonane",C1[C@@H]2C(C3(CC2(C3)[C@H](N1CC4=CC=C(C=C4)C(F)(F)F)C5=CC=CC=C5)C6=CN=CC=C6)C7=CN=C(C=C7)Cl,0
2-pyridin-3-yl-N-(pyridin-3-ylmethyl)quinazolin-4-amine,C1=CC=C2C(=C1)C(=NC(=N2)C3=CN=CC=C3)NCC4=CN=CC=C4,0
"methyl (2R,3R,6R)-4-benzoyl-9-[2-(1H-indol-3-yl)ethyl]-3-[(4-methoxyphenyl)methyl]-10-(pyrrolidine-1-carbonyl)-4,9-diazatricyclo[6.3.0.02,6]undeca-1(8),10-diene-3-carboxylate",COC1=CC=C(C=C1)C[C@@]2([C@@H]3[C@@H](CC4=C3C=C(N4CCC5=CNC6=CC=CC=C65)C(=O)N7CCCC7)CN2C(=O)C8=CC=CC=C8)C(=O)OC,0
"N-[(2,4-dimethoxyphenyl)methyl]-5-(furan-3-yl)pyrimidin-4-amine",COC1=CC(=C(C=C1)CNC2=NC=NC=C2C3=COC=C3)OC,0
Picotamide monohydrate,COC1=C(C=C(C=C1)C(=O)NCC2=CN=CC=C2)C(=O)NCC3=CN=CC=C3.O,0
"pyridin-4-yl-[(5S)-2-pyridin-2-yl-2,7-diazaspiro[4.5]decan-7-yl]methanone",C1C[C@@]2(CCN(C2)C3=CC=CC=N3)CN(C1)C(=O)C4=CC=NC=C4,0
Drofenine hydrochloride,CCN(CC)CCOC(=O)C(C1CCCCC1)C2=CC=CC=C2.Cl,0
N-[2-(1H-imidazol-5-yl)ethyl]-5-(3-methoxyphenyl)pyrimidin-4-amine,COC1=CC=CC(=C1)C2=CN=CN=C2NCCC3=CN=CN3,0
"pyrazin-2-yl-[(5S)-2-(1,3-thiazol-2-ylmethyl)-2,7-diazaspiro[4.5]decan-7-yl]methanone",C1C[C@@]2(CCN(C2)CC3=NC=CS3)CN(C1)C(=O)C4=NC=CN=C4,0
"3,5-Di-tert-butylchalcone 4'-carboxylic acid",CC(C)(C)C1=CC(=CC(=C1)C(=O)/C=C/C2=CC=C(C=C2)C(=O)O)C(C)(C)C,0
LY 367265,C1CC2=C3C(=CC=C2)N(S(=O)(=O)N3C1)CCN4CCC(=CC4)C5=CNC6=C5C=CC(=C6)F,0
Tangeretin,COC1=CC=C(C=C1)C2=CC(=O)C3=C(O2)C(=C(C(=C3OC)OC)OC)OC,0
6-(2-methylphenyl)-N-(thiophen-2-ylmethyl)quinazolin-4-amine,CC1=CC=CC=C1C2=CC3=C(C=C2)N=CN=C3NCC4=CC=CS4,0
"6-(3,4-Difluorophenyl)-8-[2-(2-methoxyphenyl)ethyl]pteridin-7-one",COC1=CC=CC=C1CCN2C3=NC=NC=C3N=C(C2=O)C4=CC(=C(C=C4)F)F,0
8-(4-Fluorophenyl)-6-[4-(2-imidazol-1-ylethyl)piperazin-1-yl]-2-methyl-9-propylpurine,CCCN1C2=C(C(=NC(=N2)C)N3CCN(CC3)CCN4C=CN=C4)N=C1C5=CC=C(C=C5)F,0
Hexachlorophene,C1=C(C(=C(C(=C1Cl)Cl)CC2=C(C(=CC(=C2Cl)Cl)Cl)O)O)Cl,0
"trans-(1R,2R)-N-(cyclopropylmethyl)-2-[(R)-(diphenylphosphorylamino)-phenylmethyl]cyclopropane-1-carboxamide",C1CC1CNC(=O)[C@@H]2C[C@H]2[C@H](C3=CC=CC=C3)NP(=O)(C4=CC=CC=C4)C5=CC=CC=C5,0
N-[2-[[2-[3-(methanesulfonamido)phenyl]quinazolin-4-yl]amino]ethyl]acetamide,CC(=O)NCCNC1=NC(=NC2=CC=CC=C21)C3=CC(=CC=C3)NS(=O)(=O)C,0
N-[2-(5-methoxy-1H-indol-3-yl)ethyl]-6-pyridin-3-ylquinazolin-4-amine,COC1=CC2=C(C=C1)NC=C2CCNC3=NC=NC4=C3C=C(C=C4)C5=CN=CC=C5,0
Saquinavir Mesylate,CC(C)(C)NC(=O)[C@@H]1C[C@@H]2CCCC[C@@H]2CN1C[C@H]([C@H](CC3=CC=CC=C3)NC(=O)[C@H](CC(=O)N)NC(=O)C4=NC5=CC=CC=C5C=C4)O.CS(=O)(=O)O,0
2-(furan-3-yl)-N-[(3-methylphenyl)methyl]quinazolin-4-amine,CC1=CC(=CC=C1)CNC2=NC(=NC3=CC=CC=C32)C4=COC=C4,0
Oxiconazole Nitrate,C1=CC(=C(C=C1Cl)Cl)CO/N=C(\CN2C=CN=C2)/C3=C(C=C(C=C3)Cl)Cl.[N+](=O)(O)[O-],0
Cfm-2,COC1=C(C=C2C(=C1)CC(=O)NN=C2C3=CC=C(C=C3)N)OC,0
N-[2-(5-methoxy-1H-indol-3-yl)ethyl]-2-(3-methoxyphenyl)pyrimidin-4-amine,COC1=CC2=C(C=C1)NC=C2CCNC3=NC(=NC=C3)C4=CC(=CC=C4)OC,0
3-[8-(2-Cyanoethyl)-2-methoxy-7-oxopteridin-6-yl]benzonitrile,COC1=NC=C2C(=N1)N(C(=O)C(=N2)C3=CC=CC(=C3)C#N)CCC#N,0
2-(3-methoxyphenyl)-N-(pyridin-3-ylmethyl)quinazolin-4-amine,COC1=CC=CC(=C1)C2=NC3=CC=CC=C3C(=N2)NCC4=CN=CC=C4,0
2-(furan-3-yl)-N-[2-(5-methoxy-1H-indol-3-yl)ethyl]quinazolin-4-amine,COC1=CC2=C(C=C1)NC=C2CCNC3=NC(=NC4=CC=CC=C43)C5=COC=C5,0
"(3aS,5aR,6Z,8R,9S,9aS,9bS)-2-(1,3-benzodioxol-5-ylmethyl)-8,9-dihydroxy-6-phenylmethoxyimino-4,5,5a,7,8,9,9a,9b-octahydro-3aH-benzo[e]isoindole-1,3-dione",C1C[C@H]2[C@H]([C@@H]3[C@@H]1/C(=N\OCC4=CC=CC=C4)/C[C@H]([C@H]3O)O)C(=O)N(C2=O)CC5=CC6=C(C=C5)OCO6,0
"Benzyl 3-[6-[benzyl-[2-(butylamino)-1-[3-methoxycarbonyl-4-(2-methoxy-2-oxoethoxy)phenyl]-2-oxoethyl]amino]-6-oxohexyl]-4-methyl-2-oxo-6-(4-phenylphenyl)-1,6-dihydropyrimidine-5-carboxylate",CCCCNC(=O)C(C1=CC(=C(C=C1)OCC(=O)OC)C(=O)OC)N(CC2=CC=CC=C2)C(=O)CCCCCN3C(=C(C(NC3=O)C4=CC=C(C=C4)C5=CC=CC=C5)C(=O)OCC6=CC=CC=C6)C,0
"5-(3,5-dimethyl-1,2-oxazol-4-yl)-N-(2-methoxyethyl)pyrimidin-4-amine",CC1=C(C(=NO1)C)C2=CN=CN=C2NCCOC,0
2-(2-methylphenyl)-N-(thiophen-2-ylmethyl)pyrimidin-4-amine,CC1=CC=CC=C1C2=NC=CC(=N2)NCC3=CC=CS3,0
2-(3-methoxyanilino)-6-(1-methylindol-3-yl)-8-[[(2R)-oxolan-2-yl]methyl]pteridin-7-one,CN1C=C(C2=CC=CC=C21)C3=NC4=CN=C(N=C4N(C3=O)C[C@H]5CCCO5)NC6=CC(=CC=C6)OC,0
(-)-Beta-narcotine,CN1CCC2=CC3=C(C(=C2[C@@H]1[C@H]4C5=C(C(=C(C=C5)OC)OC)C(=O)O4)OC)OCO3,0
"4-methoxy-N-[(E)-(3,3,6,8-tetramethyl-1-oxo-4H-naphthalen-2-ylidene)amino]benzamide",CC1=CC(=C2C(=C1)CC(/C(=N\NC(=O)C3=CC=C(C=C3)OC)/C2=O)(C)C)C,0
Mrs-1523,CCCC1=C(C(=NC(=C1C(=O)SCC)CC)C2=CC=CC=C2)C(=O)OCCC,0
"[(2S,3S,6S)-3-(4-methoxyphenoxy)-6-phenyl-3,6-dihydro-2H-pyran-2-yl]methyl (4E)-4-[2-[(2S,3S,6R)-3-(4-methoxyphenoxy)-2-(propylcarbamoyloxymethyl)-3,6-dihydro-2H-pyran-6-yl]ethoxyimino]pentanoate",CCCNC(=O)OC[C@H]1[C@H](C=C[C@H](O1)CCO/N=C(\C)/CCC(=O)OC[C@H]2[C@H](C=C[C@H](O2)C3=CC=CC=C3)OC4=CC=C(C=C4)OC)OC5=CC=C(C=C5)OC,0
2-Methyl-2-(benzylthio)propylamine,CC(C)(CN)SCC1=CC=CC=C1,0
SB 228357,COC1=C(C=C2C(=C1)CCN2C(=O)NC3=CC(=CC(=C3)C4=CN=CC=C4)F)C(F)(F)F,0
2-Methoxy-8-[(3-methoxyphenyl)methyl]-6-thiophen-2-ylpteridin-7-one,COC1=CC=CC(=C1)CN2C3=NC(=NC=C3N=C(C2=O)C4=CC=CS4)OC,0
6-(furan-3-yl)-N-[2-(5-methoxy-1H-indol-3-yl)ethyl]quinazolin-4-amine,COC1=CC2=C(C=C1)NC=C2CCNC3=NC=NC4=C3C=C(C=C4)C5=COC=C5,0
Tetraoctylammonium bromide,CCCCCCCC[N+](CCCCCCCC)(CCCCCCCC)CCCCCCCC.[Br-],0
"4-[[(5S)-7-methylsulfonyl-2,7-diazaspiro[4.5]decan-2-yl]methyl]benzonitrile",CS(=O)(=O)N1CCC[C@]2(C1)CCN(C2)CC3=CC=C(C=C3)C#N,0
Oxethazaine,CC(C)(CC1=CC=CC=C1)N(C)C(=O)CN(CCO)CC(=O)N(C)C(C)(C)CC2=CC=CC=C2,0
"1,2,12,12a-Tetrahydro-2-(1-(hydroxymethyl)ethenyl)-8,9-dimethoxy(1)benzopyrano(3,4-b)furo(2,3-h)(1)benzopyran-6(6aH)-one",COC1=C(C=C2C(=C1)C3C(CO2)OC4=C(C3=O)C=CC5=C4CC(O5)C(=C)CO)OC,0
4-[6-(2-Methoxyphenyl)quinazolin-4-yl]morpholine,COC1=CC=CC=C1C2=CC3=C(C=C2)N=CN=C3N4CCOCC4,0
"methyl 4-[(Z,4R)-2-iodo-4-methyl-5-[(5-methylfuran-2-yl)methylamino]-5-oxo-1-(phenylmethoxycarbonylamino)pent-2-enyl]benzoate",CC1=CC=C(O1)CNC(=O)[C@H](C)/C=C(/C(C2=CC=C(C=C2)C(=O)OC)NC(=O)OCC3=CC=CC=C3)\I,0
"1-[5-(2-Hydroxypent-4-enyl)-7-[(2-methylpropan-2-yl)oxy]-3-tricyclo[2.2.1.02,6]heptanyl]pent-4-en-2-ol",CC(C)(C)OC1C2C(C3C1C3C2CC(CC=C)O)CC(CC=C)O,0
"[(5S)-2-[(2-methoxyphenyl)methyl]-2,7-diazaspiro[4.5]decan-7-yl]-(1-methylpyrrol-2-yl)methanone",CN1C=CC=C1C(=O)N2CCC[C@]3(C2)CCN(C3)CC4=CC=CC=C4OC,0
"5,7,2'-Trihydroxyflavone",C1=CC=C(C(=C1)C2=CC(=O)C3=C(C=C(C=C3O2)O)O)O,0
"(2R)-2-[(1R,2S)-2-[(S)-acetamido(phenyl)methyl]-2-methylcyclopropyl]-N-naphthalen-2-ylpropanamide",C[C@H]([C@H]1C[C@]1(C)[C@@H](C2=CC=CC=C2)NC(=O)C)C(=O)NC3=CC4=CC=CC=C4C=C3,0
"N-[[(1R,2R)-2-butylcyclopropyl]-[2-(trifluoromethyl)phenyl]methyl]furan-2-carboxamide",CCCC[C@@H]1C[C@H]1C(C2=CC=CC=C2C(F)(F)F)NC(=O)C3=CC=CO3,0
5-(3-methoxyphenyl)-N-phenylpyrimidin-4-amine,COC1=CC=CC(=C1)C2=CN=CN=C2NC3=CC=CC=C3,0
"9-Ethyl-7-methoxy-1,3-dihydrofuro[3,4-b]quinoline",CCC1=C2COCC2=NC3=C1C=C(C=C3)OC,0
8-Cyclopentyltheophylline,CN1C2=C(C(=O)N(C1=O)C)NC(=N2)C3CCCC3,0
"methyl (2R,3R,6R)-4-benzoyl-9-benzyl-3-[(4-fluorophenyl)methyl]-10-(pyrrolidine-1-carbonyl)-4,9-diazatricyclo[6.3.0.02,6]undeca-1(8),10-diene-3-carboxylate",COC(=O)[C@]1([C@@H]2[C@@H](CC3=C2C=C(N3CC4=CC=CC=C4)C(=O)N5CCCC5)CN1C(=O)C6=CC=CC=C6)CC7=CC=C(C=C7)F,0
"6-(3,5-Difluorophenyl)-2-(ethylamino)-8-(4-methoxyphenyl)pteridin-7-one",CCNC1=NC=C2C(=N1)N(C(=O)C(=N2)C3=CC(=CC(=C3)F)F)C4=CC=C(C=C4)OC,0
"(2R,5R)-1-benzoyl-2-benzyl-N-(cyclopropylmethyl)-5-methyl-2H-pyrrole-5-carboxamide",C[C@@]1(C=C[C@H](N1C(=O)C2=CC=CC=C2)CC3=CC=CC=C3)C(=O)NCC4CC4,0
"[(2S,3S,6S)-3-(4-methoxyphenoxy)-6-phenyl-3,6-dihydro-2H-pyran-2-yl]methyl (4Z)-4-[(1S)-1-[3-(2,4,6-trimethylphenyl)-1,2-oxazol-5-yl]ethoxy]iminopentanoate",CC1=CC(=C(C(=C1)C)C2=NOC(=C2)[C@H](C)O/N=C(/C)\CCC(=O)OC[C@H]3[C@H](C=C[C@H](O3)C4=CC=CC=C4)OC5=CC=C(C=C5)OC)C,0
"(2S)-1,1-dibutoxy-3-naphthalen-2-ylsulfanylpropan-2-ol",CCCCOC([C@@H](CSC1=CC2=CC=CC=C2C=C1)O)OCCCC,0
"9-[(1-ethylpyrrolidin-2-yl)methyl]-N,N-bis(2-methoxyethyl)-2-methyl-8-phenylpurin-6-amine",CCN1CCCC1CN2C3=C(C(=NC(=N3)C)N(CCOC)CCOC)N=C2C4=CC=CC=C4,0
"benzyl N-[(S)-[(1S,2R)-2-[(2R)-1-[2-(1H-indol-3-yl)ethylamino]-1-oxopropan-2-yl]-1-methylcyclopropyl]-phenylmethyl]carbamate",C[C@H]([C@H]1C[C@]1(C)[C@@H](C2=CC=CC=C2)NC(=O)OCC3=CC=CC=C3)C(=O)NCCC4=CNC5=CC=CC=C54,0
"N,N-dimethyl-6-(2-methylphenyl)quinazolin-4-amine",CC1=CC=CC=C1C2=CC3=C(C=C2)N=CN=C3N(C)C,0
"N-[(2,4-dimethoxyphenyl)methyl]-2-[2-[(dimethylamino)methyl]phenyl]pyrimidin-4-amine",CN(C)CC1=CC=CC=C1C2=NC=CC(=N2)NCC3=C(C=C(C=C3)OC)OC,0
"N-[(4-chlorophenyl)-[(1R,2R)-1,2-dipropylcyclopropyl]methyl]furan-2-carboxamide",CCC[C@@H]1C[C@@]1(CCC)C(C2=CC=C(C=C2)Cl)NC(=O)C3=CC=CO3,0
"1-Methyl-2,9-dihydro-7H-pyrido(3,4-b)indol-7-one--hydrogen chloride (1/1)",CC1=C2C(=C3C=CC(=O)C=C3N2)C=CN1.Cl,0
8-Cyclopropyl-2-(4-methoxyphenoxy)-6-methylpteridin-7-one,CC1=NC2=CN=C(N=C2N(C1=O)C3CC3)OC4=CC=C(C=C4)OC,0
"6-(1,3-benzodioxol-5-yl)-N-(2-furanylmethyl)-N-methyl-4-quinazolinamine",CN(CC1=CC=CO1)C2=NC=NC3=C2C=C(C=C3)C4=CC5=C(C=C4)OCO5,0
3-Imidazol-1-ylpropylcarbamodithioic acid,C1=CN(C=N1)CCCNC(=S)S,0
"methyl (Z,5R,6S,7Z)-5-methyl-6-[(4-methylphenyl)sulfonylamino]-7-[(1S)-1-[3-(2,4,6-trimethylphenyl)-1,2-oxazol-5-yl]ethoxy]iminohept-3-enoate",CC1=CC=C(C=C1)S(=O)(=O)N[C@H](/C=N\O[C@@H](C)C2=CC(=NO2)C3=C(C=C(C=C3C)C)C)[C@H](C)/C=C\CC(=O)OC,0
SB-408124,CC1=CC(=C2C=C(C=C(C2=N1)F)F)NC(=O)NC3=CC=C(C=C3)N(C)C,0
6-(2-methylphenyl)-N-(pyridin-3-ylmethyl)pyrimidin-4-amine,CC1=CC=CC=C1C2=CC(=NC=N2)NCC3=CN=CC=C3,0
5-(2-Methylphenyl)-4-piperazin-1-ylpyrimidine,CC1=CC=CC=C1C2=CN=CN=C2N3CCNCC3,0
"tert-butyl (9R,13S,17R,21R)-16-[[4-fluoro-2-(trifluoromethyl)phenyl]methoxy]-9,13-dimethyl-5-oxo-4,6,15-trioxa-12-azapentacyclo[11.6.2.02,8.010,20.017,21]henicos-10(20)-ene-12-carboxylate",C[C@@H]1C2COC(=O)OCC2C3CC[C@@H]4[C@@H]5C3=C1CN([C@@]5(COC4OCC6=C(C=C(C=C6)F)C(F)(F)F)C)C(=O)OC(C)(C)C,0
AGELASINE (stereochemistry of diterpene unknown),CC1CCC2(C(C1(C)CC/C(=C/C[N+]3=CN(C4=C(N=CN=C43)N)C)/C)CCC=C2C)C.[Cl-],0
"[(1R,5R,13S)-6-(furan-3-yl)-16-(1-hydroxy-2-methoxy-2-oxoethyl)-1,5,15,15-tetramethyl-8,17-dioxo-7-oxatetracyclo[11.3.1.02,11.05,10]heptadec-11-en-14-yl] (E)-2-methylbut-2-enoate",C/C=C(\C)/C(=O)OC1[C@@H]2C=C3C(CC[C@@]4(C3CC(=O)OC4C5=COC=C5)C)[C@@](C2=O)(C(C1(C)C)C(C(=O)OC)O)C,0
Sappanone A dimethyl ether,COC1=CC2=C(C=C1)C(=O)/C(=C/C3=CC(=C(C=C3)OC)O)/CO2,0
"methyl 2-[(1R,8R,12S)-13-(furan-3-yl)-6,6,8,12-tetramethyl-17-methylidene-5,15-dioxo-2,14-dioxatetracyclo[7.7.1.01,12.03,8]heptadecan-7-yl]-2-hydroxyacetate",C[C@@]12CCC3C(=C)[C@@]1(CC(=O)OC2C4=COC=C4)OC5[C@]3(C(C(C(=O)C5)(C)C)C(C(=O)OC)O)C,0
"[(1S,2S,7S,11R)-12,14-diacetyloxy-6-(furan-3-yl)-1,7,11,15,15-pentamethyl-5-oxo-3-oxapentacyclo[8.8.0.02,4.02,7.011,16]octadecan-18-yl] acetate",CC(=O)OC1CC2[C@](C3[C@@]1([C@@]45C(O4)C(=O)C([C@@]5(CC3)C)C6=COC=C6)C)(C(CC(C2(C)C)OC(=O)C)OC(=O)C)C,0
"methyl (Z,5R,6S,7Z)-7-[(2S)-1-(2,3-dimethyl-6,7,8,9-tetrahydropyrido[3,2-b]azepin-5-yl)propan-2-yl]oxyimino-6-methoxy-5-methylhept-3-enoate",CC1=CC2=C(CCCCN2C[C@H](C)O/N=C\[C@H]([C@H](C)/C=C\CC(=O)OC)OC)N=C1C,0
"4-(4-imidazol-1-ylquinazolin-2-yl)-N,N-dimethylaniline",CN(C)C1=CC=C(C=C1)C2=NC3=CC=CC=C3C(=N2)N4C=CN=C4,0
"1-(2,3-Dibenzimidazol-2-ylpropyl)-2-methoxybenzene",COC1=CC=CC=C1CC(CC2=NC3=CC=CC=C3N2)C4=NC5=CC=CC=C5N4,0
"(1R,2S,12R,16S)-8,14-diethyl-3-[2-(1H-indol-3-yl)ethylimino]-2-methyl-4-oxa-6,14-diazatetracyclo[7.7.0.02,6.012,16]hexadec-8-ene-5,7,13,15-tetrone",CCC1=C2CC[C@@H]3[C@H]([C@H]2[C@]4(C(=NCCC5=CNC6=CC=CC=C65)OC(=O)N4C1=O)C)C(=O)N(C3=O)CC,0
"methyl (2R,3R,6R)-4-benzoyl-3-benzyl-9-[(5-methylfuran-2-yl)methyl]-10-(pyrrolidine-1-carbonyl)-4,9-diazatricyclo[6.3.0.02,6]undeca-1(8),10-diene-3-carboxylate",CC1=CC=C(O1)CN2C3=C(C=C2C(=O)N4CCCC4)[C@H]5[C@@H](C3)CN([C@@]5(CC6=CC=CC=C6)C(=O)OC)C(=O)C7=CC=CC=C7,0
"Tea, ext.",C1C(C(OC2=CC(=CC(=C21)O)O)C3=CC(=C(C(=C3)O)O)O)OC(=O)C4=CC(=C(C(=C4)O)O)O,0
"(5S)-7-(benzenesulfonyl)-2-phenyl-2,7-diazaspiro[4.5]decane",C1C[C@@]2(CCN(C2)C3=CC=CC=C3)CN(C1)S(=O)(=O)C4=CC=CC=C4,0
Cis-Resveratrol,C1=CC(=CC=C1/C=C\C2=CC(=CC(=C2)O)O)O,0
IC261,COC1=CC(=C(C(=C1)OC)/C=C/2\C3=CC=CC=C3NC2=O)OC,0
N-benzyl-5-(2-methoxyphenyl)pyrimidin-4-amine,COC1=CC=CC=C1C2=CN=CN=C2NCC3=CC=CC=C3,0
8-(2-Methoxyethyl)-6-methylpteridin-7-one,CC1=NC2=CN=CN=C2N(C1=O)CCOC,0
4-[6-(Furan-3-yl)quinazolin-4-yl]morpholine,C1COCCN1C2=NC=NC3=C2C=C(C=C3)C4=COC=C4,0
"Benzyl 3-[6-[[2-(butylamino)-1-[3-methoxycarbonyl-4-(2-methoxy-2-oxoethoxy)phenyl]-2-oxoethyl]-hexylamino]-6-oxohexyl]-4-methyl-6-(4-nitrophenyl)-2-oxo-1,6-dihydropyrimidine-5-carboxylate",CCCCCCN(C(C1=CC(=C(C=C1)OCC(=O)OC)C(=O)OC)C(=O)NCCCC)C(=O)CCCCCN2C(=C(C(NC2=O)C3=CC=C(C=C3)[N+](=O)[O-])C(=O)OCC4=CC=CC=C4)C,0
"tert-butyl (1S,5R,11R,15R)-6,7-bis(methoxymethyl)-12-[(4-methoxyphenyl)methoxy]-1,5-dimethyl-13-oxa-2-azatetracyclo[6.6.2.04,16.011,15]hexadec-4(16)-ene-2-carboxylate",C[C@@H]1C(C(C2CC[C@@H]3[C@@H]4C2=C1CN([C@@]4(COC3OCC5=CC=C(C=C5)OC)C)C(=O)OC(C)(C)C)COC)COC,0
"methyl N-[2-(3,4-dimethoxyphenyl)ethyl]-N-[(E)-2-(4-methoxyphenyl)ethenyl]carbamate",COC1=CC=C(C=C1)/C=C/N(CCC2=CC(=C(C=C2)OC)OC)C(=O)OC,0
Purvalanol A,CC(C)[C@H](CO)NC1=NC(=C2C(=N1)N(C=N2)C(C)C)NC3=CC(=CC=C3)Cl,0
"[(1R,2S,12R,16S)-8,14-diethyl-3-(2-methoxyethylimino)-2-methyl-5,13,15-trioxo-4-oxa-6,14-diazatetracyclo[7.7.0.02,6.012,16]hexadeca-7,9-dien-7-yl] N,N-diethylcarbamate",CCC1=C(N2C(=O)OC(=NCCOC)[C@@]2([C@H]3C1=CC[C@@H]4[C@H]3C(=O)N(C4=O)CC)C)OC(=O)N(CC)CC,0
"(2S)-1-[(E)-4-(2,3-dimethyl-6,7,8,9-tetrahydropyrido[3,2-b]azepin-5-yl)butan-2-ylideneamino]oxy-3-(furan-2-ylmethoxy)propan-2-ol",CC1=CC2=C(CCCCN2CC/C(=N/OC[C@H](COCC3=CC=CO3)O)/C)N=C1C,0
"methyl (2R,3R,6R)-4-benzoyl-3-benzyl-9-(2-methoxy-2-oxoethyl)-10-(pyrrolidine-1-carbonyl)-4,9-diazatricyclo[6.3.0.02,6]undeca-1(8),10-diene-3-carboxylate",COC(=O)CN1C2=C(C=C1C(=O)N3CCCC3)[C@H]4[C@@H](C2)CN([C@@]4(CC5=CC=CC=C5)C(=O)OC)C(=O)C6=CC=CC=C6,0
Sappanone A 7-methyl ether,COC1=CC2=C(C=C1)C(=O)/C(=C\C3=CC(=C(C=C3)O)O)/CO2,0
"methyl 4-[[(1R,2R)-2-butylcyclopropyl]-[[4-(trifluoromethyl)benzoyl]amino]methyl]benzoate",CCCC[C@@H]1C[C@H]1C(C2=CC=C(C=C2)C(=O)OC)NC(=O)C3=CC=C(C=C3)C(F)(F)F,0
2-[2-[(dimethylamino)methyl]phenyl]-N-[(3-methylphenyl)methyl]quinazolin-4-amine,CC1=CC(=CC=C1)CNC2=NC(=NC3=CC=CC=C32)C4=CC=CC=C4CN(C)C,0
"N-(2-hydroxy-6,7-dihydro-5H-cyclopenta[b]pyridin-4-yl)-4-methylbenzenesulfonamide",CC1=CC=C(C=C1)S(=O)(=O)NC2=CC(=O)NC3=C2CCC3,0
Silibinin,COC1=C(C=CC(=C1)[C@@H]2[C@H](OC3=C(O2)C=C(C=C3)[C@@H]4[C@H](C(=O)C5=C(C=C(C=C5O4)O)O)O)CO)O,0
methyl 2-[phenyl-[[(2S)-pyrrolidine-2-carbonyl]amino]methyl]cyclopropane-1-carboxylate,COC(=O)C1CC1C(C2=CC=CC=C2)NC(=O)[C@@H]3CCCN3,0
3-[4-(Benzylamino)pyrimidin-2-yl]benzonitrile,C1=CC=C(C=C1)CNC2=NC(=NC=C2)C3=CC=CC(=C3)C#N,0
"(E)-4-(2,3-dimethyl-6,7,8,9-tetrahydropyrido[3,2-b]azepin-5-yl)-N-[(1S)-1-[3-(2,4,6-trimethylphenyl)-1,2-oxazol-5-yl]ethoxy]butan-2-imine",CC1=CC(=C(C(=C1)C)C2=NOC(=C2)[C@H](C)O/N=C(\C)/CCN3CCCCC4=C3C=C(C(=N4)C)C)C,0
6-(4-Chlorophenyl)-8-[(3-methoxyphenyl)methyl]pteridin-7-one,COC1=CC=CC(=C1)CN2C3=NC=NC=C3N=C(C2=O)C4=CC=C(C=C4)Cl,0
methyl 4-[(E)-2-propyl-1-(thiophen-2-ylsulfonylamino)hex-2-enyl]benzoate,CCC/C=C(\CCC)/C(C1=CC=C(C=C1)C(=O)OC)NS(=O)(=O)C2=CC=CS2,0
N-(furan-2-ylmethyl)-6-(3-methoxyphenyl)-N-methylpyrimidin-4-amine,CN(CC1=CC=CO1)C2=NC=NC(=C2)C3=CC(=CC=C3)OC,0
Lansoprazole,CC1=C(C=CN=C1CS(=O)C2=NC3=CC=CC=C3N2)OCC(F)(F)F,0
"(3,5-dimethyl-1,2-oxazol-4-yl)-[(5S)-2-[(2-methoxyphenyl)methyl]-2,7-diazaspiro[4.5]decan-7-yl]methanone",CC1=C(C(=NO1)C)C(=O)N2CCC[C@]3(C2)CCN(C3)CC4=CC=CC=C4OC,0
(R)-Enilconazole,C=CCO[C@@H](CN1C=CN=C1)C2=C(C=C(C=C2)Cl)Cl,0
"4-propan-2-yl-12-trimethylsilyl-11H-indolizino[1,2-b]quinolin-9-one",CC(C)C1=CC=CC2=C1N=C3C(=C2[Si](C)(C)C)CN4C3=CC=CC4=O,0
"(5S)-7-(benzenesulfonyl)-2-pyridin-4-yl-2,7-diazaspiro[4.5]decane",C1C[C@@]2(CCN(C2)C3=CC=NC=C3)CN(C1)S(=O)(=O)C4=CC=CC=C4,0
"methyl 4-[(E,4R)-5-[(3-hydroxy-4-methoxyphenyl)methylamino]-4-methyl-5-oxo-1-(phenylmethoxycarbonylamino)pent-2-enyl]benzoate",C[C@H](/C=C/C(C1=CC=C(C=C1)C(=O)OC)NC(=O)OCC2=CC=CC=C2)C(=O)NCC3=CC(=C(C=C3)OC)O,0
Carbonyl cyanide (m-chlorophenyl)hydrazone,C1=CC(=CC(=C1)Cl)NN=C(C#N)C#N,0
N-[3-[4-(4-fluoroanilino)quinazolin-6-yl]phenyl]methanesulfonamide,CS(=O)(=O)NC1=CC=CC(=C1)C2=CC3=C(C=C2)N=CN=C3NC4=CC=C(C=C4)F,0
"(2R)-2-[(1S,2R)-2-[(R)-acetamido(phenyl)methyl]-2-methylcyclopropyl]-N-naphthalen-2-ylpropanamide",C[C@H]([C@@H]1C[C@@]1(C)[C@H](C2=CC=CC=C2)NC(=O)C)C(=O)NC3=CC4=CC=CC=C4C=C3,0
"4-(4-methoxyphenyl)-6-[(E)-2-(4-methoxyphenyl)ethenyl]-1,5-dimethylbicyclo[3.2.1]oct-6-en-2-one",CC12CC(C(CC1=O)C3=CC=C(C=C3)OC)(C(=C2)/C=C/C4=CC=C(C=C4)OC)C,0
"4-[4-(benzylamino)quinazolin-2-yl]-N,N-dimethylbenzamide",CN(C)C(=O)C1=CC=C(C=C1)C2=NC3=CC=CC=C3C(=N2)NCC4=CC=CC=C4,0
N-[3-[4-[(5-methylpyrazin-2-yl)methylamino]quinazolin-2-yl]phenyl]methanesulfonamide,CC1=CN=C(C=N1)CNC2=NC(=NC3=CC=CC=C32)C4=CC(=CC=C4)NS(=O)(=O)C,0
Terconazole (USAN:USP:INN:BAN),CC(C)N1CCN(CC1)C2=CC=C(C=C2)OC[C@@H]3CO[C@@](O3)(CN4C=NC=N4)C5=C(C=C(C=C5)Cl)Cl,0
"methyl (2R,3R,6R)-4-benzoyl-10-(dimethylcarbamoyl)-3-[(4-methoxyphenyl)methyl]-4,9-diazatricyclo[6.3.0.02,6]undeca-1(8),10-diene-3-carboxylate",CN(C)C(=O)C1=CC2=C(N1)C[C@@H]3[C@H]2[C@](N(C3)C(=O)C4=CC=CC=C4)(CC5=CC=C(C=C5)OC)C(=O)OC,0
Benfluorex hydrochloride,CC(CC1=CC(=CC=C1)C(F)(F)F)NCCOC(=O)C2=CC=CC=C2.Cl,0
"methyl (2S)-2-[[(1S,2S)-1-methyl-2-[(R)-phenyl(phenylmethoxycarbonylamino)methyl]cyclopropanecarbonyl]amino]-3-phenylpropanoate",C[C@@]1(C[C@@H]1[C@H](C2=CC=CC=C2)NC(=O)OCC3=CC=CC=C3)C(=O)N[C@@H](CC4=CC=CC=C4)C(=O)OC,0
DA-3003-1,C1COCCN1CCNC2=C(C(=O)C3=C(C2=O)N=CC=C3)Cl,0
"[6-[2-(2,4-difluorophenyl)ethynyl]-3-(4-methoxyphenoxy)-3,6-dihydro-2H-pyran-2-yl]methanol",COC1=CC=C(C=C1)OC2C=CC(OC2CO)C#CC3=C(C=C(C=C3)F)F,0
Lopac-C-8270,CC(=O)OCC1=C(N2[C@H]([C@@H](C2=O)NC(=O)CSC3=CC=NC=C3)SC1)C(=O)[O-].[Na+],0
"2-(4-Phenylphenyl)-2,9-diazaspiro[5.5]undecane",C1CC2(CCNCC2)CN(C1)C3=CC=C(C=C3)C4=CC=CC=C4,0
"methyl (2R,3R,6R)-4-benzoyl-10-(dimethylcarbamoyl)-3-[(4-fluorophenyl)methyl]-9-(2-methoxyethyl)-4,9-diazatricyclo[6.3.0.02,6]undeca-1(8),10-diene-3-carboxylate",CN(C)C(=O)C1=CC2=C(N1CCOC)C[C@@H]3[C@H]2[C@](N(C3)C(=O)C4=CC=CC=C4)(CC5=CC=C(C=C5)F)C(=O)OC,0
"methyl (2R,3R,6R)-4-benzoyl-3-[(4-fluorophenyl)methyl]-9-(naphthalen-1-ylmethyl)-10-(pyrrolidine-1-carbonyl)-4,9-diazatricyclo[6.3.0.02,6]undeca-1(8),10-diene-3-carboxylate",COC(=O)[C@]1([C@@H]2[C@@H](CC3=C2C=C(N3CC4=CC=CC5=CC=CC=C54)C(=O)N6CCCC6)CN1C(=O)C7=CC=CC=C7)CC8=CC=C(C=C8)F,0
N-(furan-2-ylmethyl)-N-methyl-6-(2-methylphenyl)quinazolin-4-amine,CC1=CC=CC=C1C2=CC3=C(C=C2)N=CN=C3N(C)CC4=CC=CO4,0
"3,5-Pyridinedicarboxylic acid, 1,4-dihydro-2,6-dimethyl-4-(3-nitrophenyl)-, 2-methoxyethyl 1-methylethyl ester, (4S)-",CC1=C([C@@H](C(=C(N1)C)C(=O)OC(C)C)C2=CC(=CC=C2)[N+](=O)[O-])C(=O)OCCOC,0
"Thr1 inhibitor, 1",C=CC(=O)C1=CC2=CC=CC=C2C=C1,0
"9-(furan-2-carbonyl)-N-(4-methoxyphenyl)-2,9-diazaspiro[5.5]undecane-2-carboxamide",COC1=CC=C(C=C1)NC(=O)N2CCCC3(C2)CCN(CC3)C(=O)C4=CC=CO4,0
N-[3-(4-anilinoquinazolin-6-yl)phenyl]methanesulfonamide,CS(=O)(=O)NC1=CC=CC(=C1)C2=CC3=C(C=C2)N=CN=C3NC4=CC=CC=C4,0
"methyl (2S,3aS,4S,5S,6S,7aR)-1-[(4-tert-butylphenyl)methyl]-3a,4,5,6-tetrahydroxy-3,4,5,6,7,7a-hexahydro-2H-indole-2-carboxylate",CC(C)(C)C1=CC=C(C=C1)CN2[C@@H]3C[C@@H]([C@@H]([C@@H]([C@@]3(C[C@H]2C(=O)OC)O)O)O)O,0
N-[3-[6-[furan-2-ylmethyl(methyl)amino]pyrimidin-4-yl]phenyl]methanesulfonamide,CN(CC1=CC=CO1)C2=NC=NC(=C2)C3=CC(=CC=C3)NS(=O)(=O)C,0
"Deoxysappanone B 7,4'-dimethyl ether",COC1=CC2=C(C=C1)C(=O)C(CO2)CC3=CC(=C(C=C3)OC)O,0
"5,3',4'-Trihydroxyflavone",C1=CC(=C2C(=C1)OC(=CC2=O)C3=CC(=C(C=C3)O)O)O,0
"5,3'-Dihydroxyflavone",C1=CC(=CC(=C1)O)C2=CC(=O)C3=C(C=CC=C3O2)O,0
Chicago Sky Blue,COC1=C(C=CC(=C1)C2=CC(=C(C=C2)N=NC3=C(C4=C(C=C3)C(=CC(=C4N)S(=O)(=O)[O-])S(=O)(=O)[O-])O)OC)N=NC5=C(C6=C(C=C5)C(=CC(=C6N)S(=O)(=O)[O-])S(=O)(=O)[O-])O,0
"(E)-4-(2,3-diethyl-7,8-dihydro-5H-1,6-naphthyridin-6-yl)-N-[(1S)-1-[3-(2,4,6-trimethylphenyl)-1,2-oxazol-5-yl]ethoxy]butan-2-imine",CCC1=C(N=C2CCN(CC2=C1)CC/C(=N/O[C@@H](C)C3=CC(=NO3)C4=C(C=C(C=C4C)C)C)/C)CC,0
Cgh 2466 dihydrochloride,C1=CC(=C(C=C1C2=C(SC(=N2)N)C3=CC=NC=C3)Cl)Cl.Cl.Cl,0
RS-39604,COC1=CC(=CC(=C1)COC2=CC(=C(C=C2C(=O)CCC3CCN(CC3)CCNS(=O)(=O)C)Cl)N)OC,0
"N-[(4-chlorophenyl)-[(1R,2S)-2-cyclohexyl-1-methylcyclopropyl]methyl]-2,2-dimethylpropanamide",C[C@]1(C[C@H]1C2CCCCC2)C(C3=CC=C(C=C3)Cl)NC(=O)C(C)(C)C,0
Lopac-P-4405,COC1=CC(=CC(=C1OC)OC)[C@@H]2[C@@H]3[C@@H](COC3=O)[C@@H](C4=CC5=C(C=C24)OCO5)O,0
6-Methyl-2-morpholin-4-yl-8-(2-phenylethyl)pteridin-7-one,CC1=NC2=CN=C(N=C2N(C1=O)CCC3=CC=CC=C3)N4CCOCC4,0
N-cyclopropyl-6-(3-methoxyphenyl)quinazolin-4-amine,COC1=CC=CC(=C1)C2=CC3=C(C=C2)N=CN=C3NC4CC4,0
Necrostatin-1,CN1C(=O)C(NC1=S)CC2=CNC3=CC=CC=C32,0
Xanthone,C1=CC=C2C(=C1)C(=O)C3=CC=CC=C3O2,0
Mdl-28170,CC(C)[C@@H](C(=O)N[C@@H](CC1=CC=CC=C1)C=O)NC(=O)OCC2=CC=CC=C2,0
"methyl 4-[(E,4R)-4-methyl-5-oxo-1-(phenylmethoxycarbonylamino)-5-(2-pyrrolidin-1-ylethylamino)pent-2-enyl]benzoate",C[C@H](/C=C/C(C1=CC=C(C=C1)C(=O)OC)NC(=O)OCC2=CC=CC=C2)C(=O)NCCN3CCCC3,0
"[(2S,3S,6S)-3-(4-methylphenoxy)-6-(2-phenylethynyl)-3,6-dihydro-2H-pyran-2-yl]methyl (4E)-4-[(2S,3R,4S,5S,6R)-3,4,5-triacetyloxy-6-(acetyloxymethyl)oxan-2-yl]oxyiminopentanoate",CC1=CC=C(C=C1)O[C@H]2C=C[C@H](O[C@H]2COC(=O)CC/C(=N/O[C@H]3[C@@H]([C@H]([C@H]([C@H](O3)COC(=O)C)OC(=O)C)OC(=O)C)OC(=O)C)/C)C#CC4=CC=CC=C4,0
"methyl (2R,3R,6R)-4-benzoyl-10-(dimethylcarbamoyl)-3-[(4-methoxyphenyl)methyl]-9-(2-pyridin-2-ylethyl)-4,9-diazatricyclo[6.3.0.02,6]undeca-1(8),10-diene-3-carboxylate",CN(C)C(=O)C1=CC2=C(N1CCC3=CC=CC=N3)C[C@@H]4[C@H]2[C@](N(C4)C(=O)C5=CC=CC=C5)(CC6=CC=C(C=C6)OC)C(=O)OC,0
Puromycin dihydrochloride from Streptomyces alboniger powder,CN(C)C1=NC=NC2=C1N=CN2C3C(C(C(O3)CO)NC(=O)C(CC4=CC=C(C=C4)OC)N)O.Cl.Cl,0
8-Cyclopropyl-2-(ethylamino)-6-(2-phenylethyl)pteridin-7-one,CCNC1=NC=C2C(=N1)N(C(=O)C(=N2)CCC3=CC=CC=C3)C4CC4,0
"3-[4-[(2,4-Dimethoxyphenyl)methylamino]pyrimidin-5-yl]benzonitrile",COC1=CC(=C(C=C1)CNC2=NC=NC=C2C3=CC=CC(=C3)C#N)OC,0
C35H36F3N3O5,CCOC(=O)NC[C@H](CC1=CC=C(C=C1)OCCC2=C(OC(=N2)C3=CC=CC=C3)C)N/C(=C\C(=O)C4=CC=C(C=C4)C(F)(F)F)/C,0
Hematein,C1C2=CC(=C(C=C2C3=C4C=CC(=O)C(=C4OCC31O)O)O)O,0
6-(4-Chlorophenyl)-8-cyclopropyl-2-(4-methoxyphenoxy)pteridin-7-one,COC1=CC=C(C=C1)OC2=NC=C3C(=N2)N(C(=O)C(=N3)C4=CC=C(C=C4)Cl)C5CC5,0
Isoeugenitol,CC1=CC(=O)C2=C(C=C(C(=C2O1)C)O)O,0
2-[4-(dimethylamino)phenyl]-N-(thiophen-2-ylmethyl)pyrimidin-4-amine,CN(C)C1=CC=C(C=C1)C2=NC=CC(=N2)NCC3=CC=CS3,0
"[(5S)-2-benzhydryl-2,7-diazaspiro[4.5]decan-7-yl]-(3-fluorophenyl)methanone",C1C[C@@]2(CCN(C2)C(C3=CC=CC=C3)C4=CC=CC=C4)CN(C1)C(=O)C5=CC(=CC=C5)F,0
Bergaptol,C1=CC(=O)OC2=CC3=C(C=CO3)C(=C21)O,0
"3-((1,3-benzodioxol-5-ylmethylene)amino)-6H-benzo[c]chromen-6-one",C1OC2=C(O1)C=C(C=C2)C=NC3=CC4=C(C=C3)C5=CC=CC=C5C(=O)O4,0
"methyl 4-[(Z,4R)-5-[(3-hydroxy-4-methoxyphenyl)methylamino]-2-iodo-4-methyl-5-oxo-1-(phenylmethoxycarbonylamino)pent-2-enyl]benzoate",C[C@H](/C=C(/C(C1=CC=C(C=C1)C(=O)OC)NC(=O)OCC2=CC=CC=C2)\I)C(=O)NCC3=CC(=C(C=C3)OC)O,0
"[(1R,2S,12R,16S)-8-ethyl-3-[2-(1H-indol-3-yl)ethylimino]-2-methyl-5,13,15-trioxo-4-oxa-6,14-diazatetracyclo[7.7.0.02,6.012,16]hexadeca-7,9-dien-7-yl] N,N-diethylcarbamate",CCC1=C(N2C(=O)OC(=NCCC3=CNC4=CC=CC=C43)[C@@]2([C@H]5C1=CC[C@@H]6[C@H]5C(=O)NC6=O)C)OC(=O)N(CC)CC,0
"3-[(3S,5S,8S,9R,10R,13S,14S,17R)-3,14-dihydroxy-10,13-dimethyl-1,2,3,4,5,6,7,8,9,11,12,15,16,17-tetradecahydrocyclopenta[a]phenanthren-17-yl]-2H-furan-5-one",C[C@@]12CC[C@@H](C[C@@H]1CC[C@H]3[C@H]2CC[C@@]4([C@@]3(CC[C@@H]4C5=CC(=O)OC5)O)C)O,0
"(2S,5R)-2,6,7-triphenyl-3-(pyridin-3-ylmethyl)-3-azatricyclo[5.1.1.01,5]nonane",C1[C@@H]2C(C3(CC2(C3)[C@H](N1CC4=CN=CC=C4)C5=CC=CC=C5)C6=CC=CC=C6)C7=CC=CC=C7,0
"methyl (2R,3R,6R)-4-benzoyl-3-[(4-methoxyphenyl)methyl]-10-(pyrrolidine-1-carbonyl)-9-[(3,4,5-trifluorophenyl)methyl]-4,9-diazatricyclo[6.3.0.02,6]undeca-1(8),10-diene-3-carboxylate",COC1=CC=C(C=C1)C[C@@]2([C@@H]3[C@@H](CC4=C3C=C(N4CC5=CC(=C(C(=C5)F)F)F)C(=O)N6CCCC6)CN2C(=O)C7=CC=CC=C7)C(=O)OC,0
"4-[4-[(2-methoxyphenyl)methylamino]quinazolin-6-yl]-N,N-dimethylbenzamide",CN(C)C(=O)C1=CC=C(C=C1)C2=CC3=C(C=C2)N=CN=C3NCC4=CC=CC=C4OC,0
Resveratrol,C1=CC(=CC=C1/C=C/C2=CC(=CC(=C2)O)O)O,0
"methyl (2R,3R,6R)-4-benzoyl-10-(dimethylcarbamoyl)-9-[2-(4-hydroxy-3-methoxyphenyl)ethyl]-3-[(4-methoxyphenyl)methyl]-4,9-diazatricyclo[6.3.0.02,6]undeca-1(8),10-diene-3-carboxylate",CN(C)C(=O)C1=CC2=C(N1CCC3=CC(=C(C=C3)O)OC)C[C@@H]4[C@H]2[C@](N(C4)C(=O)C5=CC=CC=C5)(CC6=CC=C(C=C6)OC)C(=O)OC,0
"methyl (2R,3aR,6S,7aR)-1-[(2-chloro-6-fluorophenyl)methyl]-6-hydroxy-2,3,3a,4,5,6,7,7a-octahydroindole-2-carboxylate",COC(=O)[C@H]1C[C@H]2CC[C@@H](C[C@H]2N1CC3=C(C=CC=C3Cl)F)O,0
"methyl (2R,3R,6R)-4-benzoyl-10-(dimethylcarbamoyl)-3-[(4-fluorophenyl)methyl]-9-[(5-methylfuran-2-yl)methyl]-4,9-diazatricyclo[6.3.0.02,6]undeca-1(8),10-diene-3-carboxylate",CC1=CC=C(O1)CN2C3=C(C=C2C(=O)N(C)C)[C@H]4[C@@H](C3)CN([C@@]4(CC5=CC=C(C=C5)F)C(=O)OC)C(=O)C6=CC=CC=C6,0
2-(Ethylamino)-8-[(3-methoxyphenyl)methyl]pteridin-7-one,CCNC1=NC=C2C(=N1)N(C(=O)C=N2)CC3=CC(=CC=C3)OC,0
"N-[(2,4-dimethoxyphenyl)methyl]-5-[2-(trifluoromethyl)phenyl]pyrimidin-4-amine",COC1=CC(=C(C=C1)CNC2=NC=NC=C2C3=CC=CC=C3C(F)(F)F)OC,0
"9-[4-(diethylamino)butyl]-N,N-bis(2-methoxyethyl)-2-methyl-8-phenylpurin-6-amine",CCN(CC)CCCCN1C2=C(C(=NC(=N2)C)N(CCOC)CCOC)N=C1C3=CC=CC=C3,0
2-anilino-8-[[(2R)-oxolan-2-yl]methyl]-6-(2-phenylethyl)pteridin-7-one,C1C[C@@H](OC1)CN2C3=NC(=NC=C3N=C(C2=O)CCC4=CC=CC=C4)NC5=CC=CC=C5,0
"9-[3,5-bis(trifluoromethyl)benzoyl]-N-(3-cyanophenyl)-2,9-diazaspiro[5.5]undecane-2-carboxamide",C1CC2(CCN(CC2)C(=O)C3=CC(=CC(=C3)C(F)(F)F)C(F)(F)F)CN(C1)C(=O)NC4=CC=CC(=C4)C#N,0
"methyl 2-[(1R,5R)-14-acetyloxy-6-(furan-3-yl)-1,5,15,15-tetramethyl-8,17-dioxo-7-oxatetracyclo[11.3.1.02,11.05,10]heptadec-10-en-16-yl]-2-hydroxyacetate",CC(=O)OC1C2CC3=C4CC(=O)OC([C@@]4(CCC3[C@@](C2=O)(C(C1(C)C)C(C(=O)OC)O)C)C)C5=COC=C5,0
Deguelin,CC1(C=CC2=C(O1)C=CC3=C2O[C@@H]4COC5=CC(=C(C=C5[C@@H]4C3=O)OC)OC)C,0
"benzyl N-[(R)-[(1R,2S)-2-[(2R)-1-(1H-benzimidazol-2-ylmethylamino)-1-oxopropan-2-yl]-1-methylcyclopropyl]-phenylmethyl]carbamate",C[C@H]([C@@H]1C[C@@]1(C)[C@H](C2=CC=CC=C2)NC(=O)OCC3=CC=CC=C3)C(=O)NCC4=NC5=CC=CC=C5N4,0
SB 204741,CC1=NSC(=C1)NC(=O)NC2=CC3=C(C=C2)N(C=C3)C,0
N-[2-(5-methoxy-1H-indol-3-yl)ethyl]-2-[2-(trifluoromethyl)phenyl]pyrimidin-4-amine,COC1=CC2=C(C=C1)NC=C2CCNC3=NC(=NC=C3)C4=CC=CC=C4C(F)(F)F,0
"[3-acetyloxy-6-(3,5-dimethylphenyl)-3,6-dihydro-2H-pyran-2-yl]methyl acetate",CC1=CC(=CC(=C1)C2C=CC(C(O2)COC(=O)C)OC(=O)C)C,0
Lopac-P-8139,CCCCCCCCCCCCCC(=O)O[C@H]1[C@H]([C@]2([C@@H](C=C(C[C@]3([C@H]2C=C(C3=O)C)O)CO)[C@@H]4[C@]1(C4(C)C)OC(=O)C)O)C,0
6-(2-methoxyphenyl)-N-(1H-pyrazol-5-yl)pyrimidin-4-amine,COC1=CC=CC=C1C2=CC(=NC=N2)NC3=CC=NN3,0
Guanfacine,C1=CC(=C(C(=C1)Cl)CC(=O)N=C(N)N)Cl,0
"4-[4-[(2,4-dimethoxyphenyl)methylamino]pyrimidin-5-yl]-N,N-dimethylbenzamide",CN(C)C(=O)C1=CC=C(C=C1)C2=CN=CN=C2NCC3=C(C=C(C=C3)OC)OC,0
"5-(1,3-benzodioxol-5-yl)-N-phenylpyrimidin-4-amine",C1OC2=C(O1)C=C(C=C2)C3=CN=CN=C3NC4=CC=CC=C4,0
"N-(4-methoxyphenyl)-9-(pyridine-4-carbonyl)-2,9-diazaspiro[5.5]undecane-2-carboxamide",COC1=CC=C(C=C1)NC(=O)N2CCCC3(C2)CCN(CC3)C(=O)C4=CC=NC=C4,0
2-Methoxy-8-(4-methoxyphenyl)-6-(1-methylindol-3-yl)pteridin-7-one,CN1C=C(C2=CC=CC=C21)C3=NC4=CN=C(N=C4N(C3=O)C5=CC=C(C=C5)OC)OC,0
"(1S)-1-[(1S,2S)-2-butylcyclopropyl]-N-diphenylphosphoryl-1-[1-(2-phenylprop-2-enyl)cyclopropyl]methanamine",CCCC[C@H]1C[C@@H]1[C@@H](C2(CC2)CC(=C)C3=CC=CC=C3)NP(=O)(C4=CC=CC=C4)C5=CC=CC=C5,0
N-[3-[4-[furan-2-ylmethyl(methyl)amino]pyrimidin-5-yl]phenyl]methanesulfonamide,CN(CC1=CC=CO1)C2=NC=NC=C2C3=CC(=CC=C3)NS(=O)(=O)C,0
Rilmenidine,C1CC1C(C2CC2)NC3=NCCO3,0
Carbonyl cyanide p-trifluoromethoxyphenylhydrazone,C1=CC(=CC=C1NN=C(C#N)C#N)OC(F)(F)F,0
Chloranil,C1(=C(C(=O)C(=C(C1=O)Cl)Cl)Cl)Cl,0
N-benzyl-2-[2-[(dimethylamino)methyl]phenyl]quinazolin-4-amine,CN(C)CC1=CC=CC=C1C2=NC3=CC=CC=C3C(=N2)NCC4=CC=CC=C4,0
(r)-Salmeterol,C1=CC=C(C=C1)CCCCOCCCCCCNC[C@@H](C2=CC(=C(C=C2)O)CO)O,0
N-benzyl-6-[2-[(dimethylamino)methyl]phenyl]quinazolin-4-amine,CN(C)CC1=CC=CC=C1C2=CC3=C(C=C2)N=CN=C3NCC4=CC=CC=C4,0
3-[2-(3-Methoxyanilino)-7-oxopteridin-8-yl]propanenitrile,COC1=CC=CC(=C1)NC2=NC=C3C(=N2)N(C(=O)C=N3)CCC#N,0
"4-[4-[2-(1H-imidazol-5-yl)ethylamino]pyrimidin-5-yl]-N,N-dimethylbenzamide",CN(C)C(=O)C1=CC=C(C=C1)C2=CN=CN=C2NCCC3=CN=CN3,0
"3,4,5-trihydroxy-1,8-bis(3,5,7-trihydroxy-3,4-dihydro-2H-chromen-2-yl)benzo[7]annulen-6-one",C1C(C(OC2=CC(=CC(=C21)O)O)C3=CC4=C(C(=C(C=C4C5C(CC6=C(C=C(C=C6O5)O)O)O)O)O)C(=O)C(=C3)O)O,0
"(4R)-4-[(3S,5S,8S,9R,10R,13S,14R,17S)-3-hydroxy-10,13-dimethyl-2,3,4,5,6,7,8,9,11,12,14,15,16,17-tetradecahydro-1H-cyclopenta[a]phenanthren-17-yl]pentanehydrazide",C[C@H](CCC(=O)NN)[C@@H]1CC[C@H]2[C@]1(CC[C@@H]3[C@@H]2CC[C@@H]4[C@]3(CC[C@@H](C4)O)C)C,0
"2,5-Di-tert-butyl-4-methoxyphenol",CC(C)(C)C1=CC(=C(C=C1OC)C(C)(C)C)O,0
"[(9S,10R,13R,17S)-17-(2-chloroacetyl)-9-fluoro-11-hydroxy-10,13,16-trimethyl-3-oxo-6,7,8,11,12,14,15,16-octahydrocyclopenta[a]phenanthren-17-yl] propanoate",CCC(=O)O[C@]1(C(CC2[C@]1(CC([C@@]3(C2CCC4=CC(=O)C=C[C@]43C)F)O)C)C)C(=O)CCl,0
3-[6-(Pyridin-3-ylmethylamino)pyrimidin-4-yl]benzonitrile,C1=CC(=CC(=C1)C2=CC(=NC=N2)NCC3=CN=CC=C3)C#N,0
"4-(3-methoxyphenyl)-6-[(E)-2-(3-methoxyphenyl)ethenyl]-1,5-dimethylbicyclo[3.2.1]oct-6-en-2-one",CC12CC(C(CC1=O)C3=CC(=CC=C3)OC)(C(=C2)/C=C/C4=CC(=CC=C4)OC)C,0
"1-[(5S)-2-[[3,5-bis(trifluoromethyl)phenyl]methyl]-2,7-diazaspiro[4.5]decan-7-yl]ethanone",CC(=O)N1CCC[C@]2(C1)CCN(C2)CC3=CC(=CC(=C3)C(F)(F)F)C(F)(F)F,0
"4-(4-imidazol-1-ylpyrimidin-5-yl)-N,N-dimethylaniline",CN(C)C1=CC=C(C=C1)C2=CN=CN=C2N3C=CN=C3,0
2-(3-methoxyanilino)-8-[[(2R)-oxolan-2-yl]methyl]-6-thiophen-2-ylpteridin-7-one,COC1=CC=CC(=C1)NC2=NC=C3C(=N2)N(C(=O)C(=N3)C4=CC=CS4)C[C@H]5CCCO5,0
"(5R)-N-(3-fluorophenyl)-9-(thiadiazole-4-carbonyl)-2,9-diazaspiro[4.5]decane-2-carboxamide",C1C[C@@]2(CCN(C2)C(=O)NC3=CC(=CC=C3)F)CN(C1)C(=O)C4=CSN=N4,0
8-[(4-Fluorophenyl)methyl]-2-(3-methoxyanilino)pteridin-7-one,COC1=CC=CC(=C1)NC2=NC=C3C(=N2)N(C(=O)C=N3)CC4=CC=C(C=C4)F,0
N-[2-(5-methoxy-1H-indol-3-yl)ethyl]-2-(2-methylphenyl)pyrimidin-4-amine,CC1=CC=CC=C1C2=NC=CC(=N2)NCCC3=CNC4=C3C=C(C=C4)OC,0
(2S)-N-tert-butyl-3-[4-(2-methoxyphenyl)piperazin-1-yl]-2-phenylpropanamide,CC(C)(C)NC(=O)[C@H](CN1CCN(CC1)C2=CC=CC=C2OC)C3=CC=CC=C3,0
"N-[2-(3,4-dimethoxyphenyl)ethyl]-N-methyl-3-[4-[(3-propan-2-yl-1H-indol-2-yl)sulfonyl]phenoxy]propan-1-amine",CC(C)C1=C(NC2=CC=CC=C21)S(=O)(=O)C3=CC=C(C=C3)OCCCN(C)CCC4=CC(=C(C=C4)OC)OC,0
Bisacodyl,CC(=O)OC1=CC=C(C=C1)C(C2=CC=C(C=C2)OC(=O)C)C3=CC=CC=N3,0
"[3,5-Bis(trifluoromethyl)phenyl]-[2-[(2-methoxyphenyl)methyl]-2,9-diazaspiro[5.5]undecan-9-yl]methanone",COC1=CC=CC=C1CN2CCCC3(C2)CCN(CC3)C(=O)C4=CC(=CC(=C4)C(F)(F)F)C(F)(F)F,0
"trans-methyl (1S,2S)-2-[(S)-phenyl-(pyridine-3-carbonylamino)methyl]cyclopropane-1-carboxylate",COC(=O)[C@H]1C[C@@H]1[C@@H](C2=CC=CC=C2)NC(=O)C3=CN=CC=C3,0
5-(2-methylphenyl)-N-piperidin-4-ylpyrimidin-4-amine,CC1=CC=CC=C1C2=CN=CN=C2NC3CCNCC3,0
methyl 2-[phenyl-[[(2R)-piperidine-2-carbonyl]amino]methyl]cyclopropane-1-carboxylate,COC(=O)C1CC1C(C2=CC=CC=C2)NC(=O)[C@H]3CCCCN3,0
Derrustone,COC1=CC2=C(C(=C1)OC)C(=O)C(=CO2)C3=CC4=C(C=C3)OCO4,0
"methyl (2R,3R,6R)-4-benzoyl-9-[(2-bromothiophen-3-yl)methyl]-10-(dimethylcarbamoyl)-3-[(4-fluorophenyl)methyl]-4,9-diazatricyclo[6.3.0.02,6]undeca-1(8),10-diene-3-carboxylate",CN(C)C(=O)C1=CC2=C(N1CC3=C(SC=C3)Br)C[C@@H]4[C@H]2[C@](N(C4)C(=O)C5=CC=CC=C5)(CC6=CC=C(C=C6)F)C(=O)OC,0
Methyl 4-[3-[(diphenylphosphorylamino)-phenylmethyl]-1-bicyclo[1.1.0]butanyl]benzoate,COC(=O)C1=CC=C(C=C1)C23CC2(C3)C(C4=CC=CC=C4)NP(=O)(C5=CC=CC=C5)C6=CC=CC=C6,0
4'-Hydroxyflavanone,C1C(OC2=CC=CC=C2C1=O)C3=CC=C(C=C3)O,0
3-[6-[2-(5-methoxy-1H-indol-3-yl)ethylamino]pyrimidin-4-yl]benzonitrile,COC1=CC2=C(C=C1)NC=C2CCNC3=NC=NC(=C3)C4=CC=CC(=C4)C#N,0
"methyl (2R,3R,6R)-4-benzoyl-10-(dimethylcarbamoyl)-3-[(4-methoxyphenyl)methyl]-9-[(5-methylfuran-2-yl)methyl]-4,9-diazatricyclo[6.3.0.02,6]undeca-1(8),10-diene-3-carboxylate",CC1=CC=C(O1)CN2C3=C(C=C2C(=O)N(C)C)[C@H]4[C@@H](C3)CN([C@@]4(CC5=CC=C(C=C5)OC)C(=O)OC)C(=O)C6=CC=CC=C6,0
3-[8-(2-Methoxyethyl)-2-(4-methoxyphenoxy)-7-oxopteridin-6-yl]benzonitrile,COCCN1C2=NC(=NC=C2N=C(C1=O)C3=CC=CC(=C3)C#N)OC4=CC=C(C=C4)OC,0
3-[4-[2-(5-methoxy-1H-indol-3-yl)ethylamino]pyrimidin-2-yl]benzonitrile,COC1=CC2=C(C=C1)NC=C2CCNC3=NC(=NC=C3)C4=CC=CC(=C4)C#N,0
"(3aS,5aS,6Z,8R,9S,9aS,9bS)-2-(1,3-benzodioxol-5-ylmethyl)-6-[(2E)-3,7-dimethylocta-2,6-dienoxy]imino-8,9-dihydroxy-4,5,5a,7,8,9,9a,9b-octahydro-3aH-benzo[e]isoindole-1,3-dione",CC(=CCC/C(=C/CO/N=C\1/C[C@H]([C@H]([C@H]2[C@@H]1CC[C@H]3[C@H]2C(=O)N(C3=O)CC4=CC5=C(C=C4)OCO5)O)O)/C)C,0
N-(2-Aminoethyl)-5-chloronaphthalene-1-sulfonamide,C1=CC2=C(C=CC=C2Cl)C(=C1)S(=O)(=O)NCCN,0
4-Imidazol-1-yl-2-(2-methoxyphenyl)pyrimidine,COC1=CC=CC=C1C2=NC=CC(=N2)N3C=CN=C3,0
"methyl 4-[(2S,5R)-2-phenyl-3-(pyridin-3-ylmethyl)-6-[4-(trifluoromethyl)phenyl]-3-azatricyclo[5.1.1.01,5]nonan-7-yl]benzoate",COC(=O)C1=CC=C(C=C1)C23CC4(C2)[C@@H](C3C5=CC=C(C=C5)C(F)(F)F)CN([C@@H]4C6=CC=CC=C6)CC7=CN=CC=C7,0
8-Benzyl-6-(2-phenylethyl)pteridin-7-one,C1=CC=C(C=C1)CCC2=NC3=CN=CN=C3N(C2=O)CC4=CC=CC=C4,0
Bifemelane,CNCCCCOC1=CC=CC=C1CC2=CC=CC=C2,0
"Methyl 4-benzoyl-3-benzyl-10-(pyrrolidine-1-carbonyl)-9-[[4-(trifluoromethoxy)phenyl]methyl]-4,9-diazatricyclo[6.3.0.02,6]undeca-1(8),10-diene-3-carboxylate",COC(=O)C1(C2C(CC3=C2C=C(N3CC4=CC=C(C=C4)OC(F)(F)F)C(=O)N5CCCC5)CN1C(=O)C6=CC=CC=C6)CC7=CC=CC=C7,0
"[(5S)-2-[[3,5-bis(trifluoromethyl)phenyl]methyl]-2,7-diazaspiro[4.5]decan-7-yl]-pyridin-4-ylmethanone",C1C[C@@]2(CCN(C2)CC3=CC(=CC(=C3)C(F)(F)F)C(F)(F)F)CN(C1)C(=O)C4=CC=NC=C4,0
"methyl 4-[(E,4R)-4-methyl-5-[(5-methyl-1,2-oxazol-3-yl)methylamino]-5-oxo-1-(phenylmethoxycarbonylamino)-2-pyridin-3-ylpent-2-enyl]benzoate",CC1=CC(=NO1)CNC(=O)[C@H](C)/C=C(\C2=CN=CC=C2)/C(C3=CC=C(C=C3)C(=O)OC)NC(=O)OCC4=CC=CC=C4,0
Tocris-1347,CCCCN1CCC[C@@H]1CNC(=O)C2=C(C3=CC=CC=C3C(=C2)C#N)OC,0
"6-(3,5-dimethylisoxazol-4-yl)-N-(thiophen-2-ylmethyl)quinazolin-4-amine",CC1=C(C(=NO1)C)C2=CC3=C(C=C2)N=CN=C3NCC4=CC=CS4,0
Cilostazol,C1CCC(CC1)N2C(=NN=N2)CCCCOC3=CC4=C(C=C3)NC(=O)CC4,0
"(3aS,5aR,6Z,8R,9S,9aS,9bS)-2-benzyl-6-[(2S)-3-(furan-2-ylmethoxy)-2-hydroxypropoxy]imino-8,9-dihydroxy-4,5,5a,7,8,9,9a,9b-octahydro-3aH-benzo[e]isoindole-1,3-dione",C1C[C@H]2[C@H]([C@@H]3[C@@H]1/C(=N\OC[C@H](COCC4=CC=CO4)O)/C[C@H]([C@H]3O)O)C(=O)N(C2=O)CC5=CC=CC=C5,0
Dexmedetomidine,CC1=C(C(=CC=C1)[C@H](C)C2=CN=CN2)C,0
2-[4-[2-(5-methoxy-1H-indol-3-yl)ethylamino]quinazolin-6-yl]benzonitrile,COC1=CC2=C(C=C1)NC=C2CCNC3=NC=NC4=C3C=C(C=C4)C5=CC=CC=C5C#N,0
"benzyl N-[(R)-[(1R,2R)-1-methyl-2-(propan-2-ylcarbamoyl)cyclopropyl]-phenylmethyl]carbamate",CC(C)NC(=O)[C@@H]1C[C@@]1(C)[C@H](C2=CC=CC=C2)NC(=O)OCC3=CC=CC=C3,0
"(2-Benzhydryl-2,9-diazaspiro[5.5]undecan-9-yl)-(furan-2-yl)methanone",C1CC2(CCN(CC2)C(=O)C3=CC=CO3)CN(C1)C(C4=CC=CC=C4)C5=CC=CC=C5,0
N-[(5-methylpyrazin-2-yl)methyl]-2-pyridin-3-ylquinazolin-4-amine,CC1=CN=C(C=N1)CNC2=NC(=NC3=CC=CC=C32)C4=CN=CC=C4,0
"N,N-dimethyl-4-[4-(2-morpholin-4-ylethylamino)pyrimidin-5-yl]benzamide",CN(C)C(=O)C1=CC=C(C=C1)C2=CN=CN=C2NCCN3CCOCC3,0
"(E)-4-(2,3-dimethyl-6,7,8,9-tetrahydropyrido[3,2-b]azepin-5-yl)-N-[[(2R,3S,6S)-3-(4-methoxyphenoxy)-6-phenyl-3,6-dihydro-2H-pyran-2-yl]methoxy]butan-2-imine",CC1=CC2=C(CCCCN2CC/C(=N/OC[C@@H]3[C@H](C=C[C@H](O3)C4=CC=CC=C4)OC5=CC=C(C=C5)OC)/C)N=C1C,0
2-(Furan-3-yl)-4-imidazol-1-ylquinazoline,C1=CC=C2C(=C1)C(=NC(=N2)C3=COC=C3)N4C=CN=C4,0
Carbetapentane Citrate,CCN(CC)CCOCCOC(=O)C1(CCCC1)C2=CC=CC=C2.C(C(=O)O)C(CC(=O)O)(C(=O)O)O,0
N-[2-[[5-(2-methylphenyl)pyrimidin-4-yl]amino]ethyl]acetamide,CC1=CC=CC=C1C2=CN=CN=C2NCCNC(=O)C,0
Sulconazole Nitrate,C1=CC(=CC=C1CSC(CN2C=CN=C2)C3=C(C=C(C=C3)Cl)Cl)Cl.[N+](=O)(O)[O-],0
Lopac-S-1316,C[C@H]1C(=O)N[C@H](C(=O)N[C@H](C(=O)N[C@H](C(=O)N[C@H](C(=O)N[C@H](C(=O)N1C)CC2=CC=CC=C2)C(C)C)CCCCN)CC3=CNC4=CC=CC=C43)CC5=CC=C(C=C5)O,0
2-(3-methoxyphenyl)-N-[(5-methylpyrazin-2-yl)methyl]quinazolin-4-amine,CC1=CN=C(C=N1)CNC2=NC(=NC3=CC=CC=C32)C4=CC(=CC=C4)OC,0
"4-(6-imidazol-1-ylpyrimidin-4-yl)-N,N-dimethylbenzamide",CN(C)C(=O)C1=CC=C(C=C1)C2=CC(=NC=N2)N3C=CN=C3,0
Lopac-L-2540,CC1=CC=CC=C1N2CCN(CC2)S(=O)(=O)C[C@]34CC[C@@H](C3(C)C)C[C@H]4NC(=O)[C@H](CCS(=O)(=O)C)N,0
"diethyl 2-(3-hexyl-6,7-dimethoxy-3,4-dihydro-1H-isochromen-1-yl)propanedioate",CCCCCCC1CC2=CC(=C(C=C2C(O1)C(C(=O)OCC)C(=O)OCC)OC)OC,0
"Quercetin 5,7,3',4'-tetramethyl ether",COC1=C(C=C(C=C1)C2=C(C(=O)C3=C(O2)C=C(C=C3OC)OC)O)OC,0
2-(3-Methoxyanilino)-8-(2-methoxyethyl)-6-methylpteridin-7-one,CC1=NC2=CN=C(N=C2N(C1=O)CCOC)NC3=CC(=CC=C3)OC,0
2-(3-methoxyphenyl)-N-pyridin-4-ylquinazolin-4-amine,COC1=CC=CC(=C1)C2=NC3=CC=CC=C3C(=N2)NC4=CC=NC=C4,0
9-[(1-ethylpyrrolidin-2-yl)methyl]-N-(2-methoxyethyl)-2-methyl-8-phenylpurin-6-amine,CCN1CCCC1CN2C(=NC3=C(N=C(N=C32)C)NCCOC)C4=CC=CC=C4,0
"methyl 4-[(E,4R)-5-(cyclohexylamino)-2,4-dimethyl-5-oxo-1-(phenylmethoxycarbonylamino)pent-2-enyl]benzoate",C[C@H](/C=C(\C)/C(C1=CC=C(C=C1)C(=O)OC)NC(=O)OCC2=CC=CC=C2)C(=O)NC3CCCCC3,0
"methyl (2R,3R,6R)-4-benzoyl-3,9-dibenzyl-10-(pyrrolidine-1-carbonyl)-4,9-diazatricyclo[6.3.0.02,6]undeca-1(8),10-diene-3-carboxylate",COC(=O)[C@]1([C@@H]2[C@@H](CC3=C2C=C(N3CC4=CC=CC=C4)C(=O)N5CCCC5)CN1C(=O)C6=CC=CC=C6)CC7=CC=CC=C7,0
Quinalizarin,C1=CC(=C(C2=C1C(=O)C3=C(C=CC(=C3C2=O)O)O)O)O,0
Ajmalicine,C[C@H]1[C@H]2CN3CCC4=C([C@@H]3C[C@@H]2C(=CO1)C(=O)OC)NC5=CC=CC=C45,0
"2-(3,4-dichlorophenyl)-1-[(2S)-2-(pyrrolidin-1-ylmethyl)piperidin-1-yl]ethanone",C1CCN([C@@H](C1)CN2CCCC2)C(=O)CC3=CC(=C(C=C3)Cl)Cl,0
"(1R,2S,12R,16S)-3-(cyclopropylmethylimino)-8-ethyl-2-methyl-14-phenyl-4-oxa-6,14-diazatetracyclo[7.7.0.02,6.012,16]hexadec-8-ene-5,7,13,15-tetrone",CCC1=C2CC[C@@H]3[C@H]([C@H]2[C@]4(C(=NCC5CC5)OC(=O)N4C1=O)C)C(=O)N(C3=O)C6=CC=CC=C6,0
(NE)-4-methyl-N-[(2-non-1-ynylphenyl)methylidene]benzenesulfinamide,CCCCCCCC#CC1=CC=CC=C1/C=N/S(=O)C2=CC=C(C=C2)C,0
"11H-Indeno[1,2-b]quinoline",C1C2=CC=CC=C2C3=NC4=CC=CC=C4C=C31,0
"4-[6-[2-(5-methoxy-1H-indol-3-yl)ethylamino]pyrimidin-4-yl]-N,N-dimethylbenzamide",CN(C)C(=O)C1=CC=C(C=C1)C2=CC(=NC=N2)NCCC3=CNC4=C3C=C(C=C4)OC,0
"N-(3-fluorophenyl)-7-(pyridine-4-carbonyl)-2,7-diazaspiro[3.5]nonane-2-carboxamide",C1CN(CCC12CN(C2)C(=O)NC3=CC(=CC=C3)F)C(=O)C4=CC=NC=C4,0
"phenyl (5S)-2-[(4-cyanophenyl)methyl]-2,7-diazaspiro[4.5]decane-7-carboxylate",C1C[C@@]2(CCN(C2)CC3=CC=C(C=C3)C#N)CN(C1)C(=O)OC4=CC=CC=C4,0
8-(4-Methoxyphenyl)-2-morpholin-4-yl-6-(2-phenylethyl)pteridin-7-one,COC1=CC=C(C=C1)N2C3=NC(=NC=C3N=C(C2=O)CCC4=CC=CC=C4)N5CCOCC5,0
N-[3-[4-(2-methoxyethylamino)quinazolin-2-yl]phenyl]methanesulfonamide,COCCNC1=NC(=NC2=CC=CC=C21)C3=CC(=CC=C3)NS(=O)(=O)C,0
3-[4-[(5-Methylpyrazin-2-yl)methylamino]pyrimidin-2-yl]benzonitrile,CC1=CN=C(C=N1)CNC2=NC(=NC=C2)C3=CC=CC(=C3)C#N,0
"methyl 2-[(1R,5R)-6-(furan-3-yl)-14-hydroxy-8-methoxy-1,5,15,15-tetramethyl-17-oxo-7-oxatetracyclo[11.3.1.02,11.05,10]heptadeca-8,10-dien-16-yl]acetate",C[C@@]12CCC3C(=C1C=C(OC2C4=COC=C4)OC)CC5C(C(C([C@@]3(C5=O)C)CC(=O)OC)(C)C)O,0
N-[3-(Cyclohexylidene-1H-imidazol-5-ylmethyl)phenyl]ethanesulfonamide,CCS(=O)(=O)NC1=CC=CC(=C1)C(=C2CCCCC2)C3=CN=CN3,0
Bithionolate Sodium,C1=C(C=C(C(=C1SC2=C(C(=CC(=C2)Cl)Cl)[O-])[O-])Cl)Cl.[Na+].[Na+],0
"methyl 2-[(1R,2S,12R,16S)-8,14-diethyl-2-methyl-3,5,7,13,15-pentaoxo-4,6,14-triazatetracyclo[7.7.0.02,6.012,16]hexadec-8-en-4-yl]acetate",CCC1=C2CC[C@@H]3[C@H]([C@H]2[C@]4(C(=O)N(C(=O)N4C1=O)CC(=O)OC)C)C(=O)N(C3=O)CC,0
"N,N-dimethyl-4-[4-[(3-methylphenyl)methylamino]pyrimidin-5-yl]benzamide",CC1=CC(=CC=C1)CNC2=NC=NC=C2C3=CC=C(C=C3)C(=O)N(C)C,0
8-(4-fluorophenyl)-2-methyl-N-(3-morpholin-4-ylpropyl)-9-propylpurin-6-amine,CCCN1C(=NC2=C(N=C(N=C21)C)NCCCN3CCOCC3)C4=CC=C(C=C4)F,0
N-(thiophen-2-ylmethyl)-2-[2-(trifluoromethyl)phenyl]pyrimidin-4-amine,C1=CC=C(C(=C1)C2=NC=CC(=N2)NCC3=CC=CS3)C(F)(F)F,0
"[2-(4-Amino-1,3-dimethyl-2,6-dioxopyrimidin-5-yl)-2-oxoethyl] 2-(furan-2-yl)quinoline-4-carboxylate",CN1C(=C(C(=O)N(C1=O)C)C(=O)COC(=O)C2=CC(=NC3=CC=CC=C32)C4=CC=CO4)N,0
Nonaethylene Glycol Nonylphenyl Ether,CCCCCCCCCC1=CC=C(C=C1)OCCOCCOCCOCCOCCOCCOCCOCCOCCO,0
"1,2,9,10-Tetramethoxy-6,7-dimethyl-5,6-dihydro-4h-dibenzo[de,g]quinoline",CC1=C2C3=C(C4=CC(=C(C=C14)OC)OC)C(=C(C=C3CCN2C)OC)OC,0
"6-(3,5-difluorophenyl)-2-(4-methoxyphenoxy)-8-[[(2R)-oxolan-2-yl]methyl]pteridin-7-one",COC1=CC=C(C=C1)OC2=NC=C3C(=N2)N(C(=O)C(=N3)C4=CC(=CC(=C4)F)F)C[C@H]5CCCO5,0
5-(2-methoxyphenyl)-N-(pyridin-3-ylmethyl)pyrimidin-4-amine,COC1=CC=CC=C1C2=CN=CN=C2NCC3=CN=CC=C3,0
N-[3-[4-(dimethylamino)quinazolin-2-yl]phenyl]methanesulfonamide,CN(C)C1=NC(=NC2=CC=CC=C21)C3=CC(=CC=C3)NS(=O)(=O)C,0
"6-(3,5-dimethyl-1,2-oxazol-4-yl)-N-(pyridin-3-ylmethyl)pyrimidin-4-amine",CC1=C(C(=NO1)C)C2=CC(=NC=N2)NCC3=CN=CC=C3,0
6-[4-(dimethylamino)phenyl]-N-(furan-2-ylmethyl)-N-methylpyrimidin-4-amine,CN(C)C1=CC=C(C=C1)C2=CC(=NC=N2)N(C)CC3=CC=CO3,0
"2,2'-Dihydroxy-6,6'-dinaphthyldisulfide",C1=CC2=C(C=CC(=C2)SSC3=CC4=C(C=C3)C=C(C=C4)O)C=C1O,0
8-[(4-Fluorophenyl)methyl]-6-methyl-2-piperazin-1-ylpteridin-7-one,CC1=NC2=CN=C(N=C2N(C1=O)CC3=CC=C(C=C3)F)N4CCNCC4,0
"methyl (2R,3R,6R)-4-benzoyl-3-[(4-methoxyphenyl)methyl]-10-(pyrrolidine-1-carbonyl)-9-[[6-(trifluoromethyl)-3-pyridinyl]methyl]-4,9-diazatricyclo[6.3.0.02,6]undeca-1(8),10-diene-3-carboxylate",COC1=CC=C(C=C1)C[C@@]2([C@@H]3[C@@H](CC4=C3C=C(N4CC5=CN=C(C=C5)C(F)(F)F)C(=O)N6CCCC6)CN2C(=O)C7=CC=CC=C7)C(=O)OC,0
"2-(3,4-Dimethoxyphenyl)-3-hydroxy-6-methylchromen-4-one",CC1=CC2=C(C=C1)OC(=C(C2=O)O)C3=CC(=C(C=C3)OC)OC,0
Kenpaullone,C1C2=C(C3=CC=CC=C3NC1=O)NC4=C2C=C(C=C4)Br,0
5-[2-[(dimethylamino)methyl]phenyl]-N-[(5-methylpyrazin-2-yl)methyl]pyrimidin-4-amine,CC1=CN=C(C=N1)CNC2=NC=NC=C2C3=CC=CC=C3CN(C)C,0
"[6-(3,5-dimethylphenyl)-3-ethoxycarbonyloxy-3,6-dihydro-2H-pyran-2-yl]methyl ethyl carbonate",CCOC(=O)OCC1C(C=CC(O1)C2=CC(=CC(=C2)C)C)OC(=O)OCC,0
"[(9S,10R,13R,17S)-9-fluoro-11-hydroxy-17-(2-hydroxyacetyl)-10,13,16-trimethyl-3-oxo-6,7,8,11,12,14,15,16-octahydrocyclopenta[a]phenanthren-17-yl] pentanoate",CCCCC(=O)O[C@]1(C(CC2[C@]1(CC([C@@]3(C2CCC4=CC(=O)C=C[C@]43C)F)O)C)C)C(=O)CO,0
"[2-[(5S,10R,13R,17R)-3,17-dihydroxy-10,13-dimethyl-11-oxo-2,3,4,5,6,7,8,9,12,14,15,16-dodecahydro-1H-cyclopenta[a]phenanthren-17-yl]-2-oxoethyl] acetate",CC(=O)OCC(=O)[C@]1(CCC2[C@]1(CC(=O)C3C2CC[C@@H]4[C@]3(CCC(C4)O)C)C)O,0
"6-(4-bromophenyl)-3-(ethenoxymethyl)-7-methyl-4,6,7,8,9,9a-hexahydro-3H-pyrido[2,1-c][1,4]oxazin-1-one",CC1CCC2C(=O)OC(CN2C1C3=CC=C(C=C3)Br)COC=C,0
N-cyclopropyl-6-[2-[(dimethylamino)methyl]phenyl]pyrimidin-4-amine,CN(C)CC1=CC=CC=C1C2=CC(=NC=N2)NC3CC3,0
8-Methyl-6-(1-methylindol-3-yl)-2-piperazin-1-ylpteridin-7-one,CN1C=C(C2=CC=CC=C21)C3=NC4=CN=C(N=C4N(C3=O)C)N5CCNCC5,0
6-(4-Chlorophenyl)-2-methoxy-8-(thiophen-2-ylmethyl)pteridin-7-one,COC1=NC=C2C(=N1)N(C(=O)C(=N2)C3=CC=C(C=C3)Cl)CC4=CC=CS4,0
3-[2-Methoxy-7-oxo-6-(2-phenylethyl)pteridin-8-yl]propanenitrile,COC1=NC=C2C(=N1)N(C(=O)C(=N2)CCC3=CC=CC=C3)CCC#N,0
"(E)-4-(6,7-dimethyl-3,4-dihydro-2H-1,5-naphthyridin-1-yl)-N-[[(2R,3S,6S)-3-(4-methoxyphenoxy)-6-phenyl-3,6-dihydro-2H-pyran-2-yl]methoxy]butan-2-imine",CC1=CC2=C(CCCN2CC/C(=N/OC[C@@H]3[C@H](C=C[C@H](O3)C4=CC=CC=C4)OC5=CC=C(C=C5)OC)/C)N=C1C,0
3-[6-(4-Fluorophenyl)-2-methoxy-7-oxopteridin-8-yl]propanenitrile,COC1=NC=C2C(=N1)N(C(=O)C(=N2)C3=CC=C(C=C3)F)CCC#N,0
Nicardipine Hydrochloride,CC1=C(C(C(=C(N1)C)C(=O)OCCN(C)CC2=CC=CC=C2)C3=CC(=CC=C3)[N+](=O)[O-])C(=O)OC.Cl,0
Isoniazid,C1=CN=CC=C1C(=O)NN,0
"(1E)-1-(4-methoxyphenyl)-4-methylpenta-1,4-dien-3-ol",CC(=C)C(/C=C/C1=CC=C(C=C1)OC)O,0
6-[[2-(1-Methylethyl)phenyl]]sulfonyl-5-nitro-8-quinolinamine,CC(C)C1=CC=CC=C1S(=O)(=O)C2=C(C3=C(C(=C2)N)N=CC=C3)[N+](=O)[O-],0
2-(4-Methoxyphenoxy)-8-(4-methoxyphenyl)-6-methylpteridin-7-one,CC1=NC2=CN=C(N=C2N(C1=O)C3=CC=C(C=C3)OC)OC4=CC=C(C=C4)OC,0
"(1-methylpyrrol-2-yl)-[(5S)-2-pyridin-4-yl-2,7-diazaspiro[4.5]decan-7-yl]methanone",CN1C=CC=C1C(=O)N2CCC[C@]3(C2)CCN(C3)C4=CC=NC=C4,0
3-[8-(2-Cyanoethyl)-2-(4-methoxyphenoxy)-7-oxopteridin-6-yl]benzonitrile,COC1=CC=C(C=C1)OC2=NC=C3C(=N2)N(C(=O)C(=N3)C4=CC=CC(=C4)C#N)CCC#N,0
3-(4-Imidazol-1-ylpyrimidin-2-yl)benzonitrile,C1=CC(=CC(=C1)C2=NC=CC(=N2)N3C=CN=C3)C#N,0
"N-[[(1R,2R)-2-butylcyclopropyl]-(4-chlorophenyl)methyl]pyridine-3-carboxamide",CCCC[C@@H]1C[C@H]1C(C2=CC=C(C=C2)Cl)NC(=O)C3=CN=CC=C3,0
N-[(E)-2-propyl-1-[4-(trifluoromethyl)phenyl]hex-2-enyl]benzenesulfonamide,CCC/C=C(\CCC)/C(C1=CC=C(C=C1)C(F)(F)F)NS(=O)(=O)C2=CC=CC=C2,0
"4-[4-[2-(5-methoxy-1H-indol-3-yl)ethylamino]pyrimidin-5-yl]-N,N-dimethylbenzamide",CN(C)C(=O)C1=CC=C(C=C1)C2=CN=CN=C2NCCC3=CNC4=C3C=C(C=C4)OC,0
3-[2-(3-Chlorophenoxy)-8-(2-methoxyethyl)-7-oxopteridin-6-yl]benzonitrile,COCCN1C2=NC(=NC=C2N=C(C1=O)C3=CC=CC(=C3)C#N)OC4=CC(=CC=C4)Cl,0
"methyl (2R,3R,6R)-4-benzoyl-10-(dimethylcarbamoyl)-9-[(1,5-dimethylpyrazol-3-yl)methyl]-3-[(4-methoxyphenyl)methyl]-4,9-diazatricyclo[6.3.0.02,6]undeca-1(8),10-diene-3-carboxylate",CC1=CC(=NN1C)CN2C3=C(C=C2C(=O)N(C)C)[C@H]4[C@@H](C3)CN([C@@]4(CC5=CC=C(C=C5)OC)C(=O)OC)C(=O)C6=CC=CC=C6,0
Lopac-B-015,C[C@]1(CCC[C@H](C1)C(C)(C)NC(=O)CBr)NC[C@H](COC2=CC=CC=C2CC=C)O,0
"2-Methoxy-6,8-bis(2-phenylethyl)pteridin-7-one",COC1=NC=C2C(=N1)N(C(=O)C(=N2)CCC3=CC=CC=C3)CCC4=CC=CC=C4,0
2-Methoxy-8-methyl-6-(1-methylindol-3-yl)pteridin-7-one,CN1C=C(C2=CC=CC=C21)C3=NC4=CN=C(N=C4N(C3=O)C)OC,0
2-(2-methoxyphenyl)-N-[(5-methylpyrazin-2-yl)methyl]quinazolin-4-amine,CC1=CN=C(C=N1)CNC2=NC(=NC3=CC=CC=C32)C4=CC=CC=C4OC,0
"methyl (3R,3aR,4S,6aR)-2-benzoyl-3-benzyl-4-[3-(dimethylamino)-2,3-dioxopropyl]-5-oxo-3a,4,6,6a-tetrahydro-1H-cyclopenta[c]pyrrole-3-carboxylate",CN(C)C(=O)C(=O)C[C@H]1[C@H]2[C@@H](CC1=O)CN([C@@]2(CC3=CC=CC=C3)C(=O)OC)C(=O)C4=CC=CC=C4,0
"[(1S,2S,8S,12R)-13,15-diacetyloxy-7-(furan-3-yl)-1,8,12,16,16-pentamethyl-5-oxo-3,6-dioxapentacyclo[9.8.0.02,4.02,8.012,17]nonadecan-19-yl] acetate",CC(=O)OC1CC2[C@](C3[C@@]1([C@@]45C(O4)C(=O)OC([C@@]5(CC3)C)C6=COC=C6)C)(C(CC(C2(C)C)OC(=O)C)OC(=O)C)C,0
2-[4-[(5-Methylpyrazin-2-yl)methylamino]quinazolin-6-yl]benzonitrile,CC1=CN=C(C=N1)CNC2=NC=NC3=C2C=C(C=C3)C4=CC=CC=C4C#N,0
"methyl 2,5-dimethyl-4-(2-(phenylmethyl)benzoyl)-1H-pyrrole-3-carboxylate",CC1=C(C(=C(N1)C)C(=O)OC)C(=O)C2=CC=CC=C2CC3=CC=CC=C3,0
"4-((2-chlorobenzyl)thio)-1H-imidazo[4,5-d]pyridazine-7-thiol",C1=CC=C(C(=C1)CSC2=NNC(=S)C3=C2NC=N3)Cl,0
"[(10S,13S)-17-acetyl-10,13-dimethyl-3-oxo-1,2,6,7,8,9,11,12,14,15,16,17-dodecahydrocyclopenta[a]phenanthren-11-yl] acetate",CC(=O)C1CCC2[C@@]1(CC(C3C2CCC4=CC(=O)CC[C@@]34C)OC(=O)C)C,0
"[3,5-bis(trifluoromethyl)phenyl]-[(5S)-2-pyrimidin-2-yl-2,7-diazaspiro[4.5]decan-7-yl]methanone",C1C[C@@]2(CCN(C2)C3=NC=CC=N3)CN(C1)C(=O)C4=CC(=CC(=C4)C(F)(F)F)C(F)(F)F,0
"Benzyl 3-[6-[[2-(butylamino)-1-[3-methoxycarbonyl-4-(2-methoxy-2-oxoethoxy)phenyl]-2-oxoethyl]-(2-pyridin-2-ylethyl)amino]-6-oxohexyl]-4-methyl-2-oxo-6-(4-phenylphenyl)-1,6-dihydropyrimidine-5-carboxylate",CCCCNC(=O)C(C1=CC(=C(C=C1)OCC(=O)OC)C(=O)OC)N(CCC2=CC=CC=N2)C(=O)CCCCCN3C(=C(C(NC3=O)C4=CC=C(C=C4)C5=CC=CC=C5)C(=O)OCC6=CC=CC=C6)C,0
"Diethyl 2-[[4,5-dimethoxy-2-(2-oxooctyl)phenyl]methylidene]propanedioate",CCCCCCC(=O)CC1=CC(=C(C=C1C=C(C(=O)OCC)C(=O)OCC)OC)OC,0
N-cyclopropyl-2-[2-(trifluoromethyl)phenyl]quinazolin-4-amine,C1CC1NC2=NC(=NC3=CC=CC=C32)C4=CC=CC=C4C(F)(F)F,0
"N-[(2,4-dimethoxyphenyl)methyl]-6-(furan-3-yl)pyrimidin-4-amine",COC1=CC(=C(C=C1)CNC2=NC=NC(=C2)C3=COC=C3)OC,0
"Benzyl 3-[6-[[2-(butylamino)-1-(4-hydroxyphenyl)-2-oxoethyl]-hexylamino]-6-oxohexyl]-4-methyl-2-oxo-6-(4-phenylphenyl)-1,6-dihydropyrimidine-5-carboxylate",CCCCCCN(C(C1=CC=C(C=C1)O)C(=O)NCCCC)C(=O)CCCCCN2C(=C(C(NC2=O)C3=CC=C(C=C3)C4=CC=CC=C4)C(=O)OCC5=CC=CC=C5)C,0
"N-[(2,4-dimethoxyphenyl)methyl]-5-(2-methylphenyl)pyrimidin-4-amine",CC1=CC=CC=C1C2=CN=CN=C2NCC3=C(C=C(C=C3)OC)OC,0
"(2R)-6,7-dimethyl-2-[5-(phenoxymethyl)-1H-indol-3-yl]-4,9-dihydrofuro[3,2-b]quinoxalin-3-one",CC1=CC2=C(C=C1C)NC3=C(N2)C(=O)[C@H](O3)C4=CNC5=C4C=C(C=C5)COC6=CC=CC=C6,0
"methyl 2-[(1R,2S,12R,16S)-2-benzyl-7-(diethylcarbamoyloxy)-8-ethyl-3-(2-methoxyethylimino)-5,13,15-trioxo-4-oxa-6,14-diazatetracyclo[7.7.0.02,6.012,16]hexadeca-7,9-dien-14-yl]acetate",CCC1=C(N2C(=O)OC(=NCCOC)[C@@]2([C@H]3C1=CC[C@@H]4[C@H]3C(=O)N(C4=O)CC(=O)OC)CC5=CC=CC=C5)OC(=O)N(CC)CC,0
5-pyridin-3-yl-N-(thiophen-2-ylmethyl)pyrimidin-4-amine,C1=CC(=CN=C1)C2=CN=CN=C2NCC3=CC=CS3,0
Nifuroxazide EP Impurity E,C1=CC(=CC=C1C(=O)N/N=C\C2=CC=C(O2)[N+](=O)[O-])O,0
"trans-methyl (1S,2S)-2-[(S)-benzenesulfonamido(phenyl)methyl]cyclopropane-1-carboxylate",COC(=O)[C@H]1C[C@@H]1[C@@H](C2=CC=CC=C2)NS(=O)(=O)C3=CC=CC=C3,0
"(2R,5R)-1-benzoyl-5-benzyl-N-(cyclopropylmethyl)-2-methyl-2H-pyrrole-5-carboxamide",C[C@@H]1C=C[C@](N1C(=O)C2=CC=CC=C2)(CC3=CC=CC=C3)C(=O)NCC4CC4,0
"methyl (2R,3R,6R)-4-benzoyl-9-[(2S)-2,3-dihydroxypropyl]-3-[(4-fluorophenyl)methyl]-10-(pyrrolidine-1-carbonyl)-4,9-diazatricyclo[6.3.0.02,6]undeca-1(8),10-diene-3-carboxylate",COC(=O)[C@]1([C@@H]2[C@@H](CC3=C2C=C(N3C[C@@H](CO)O)C(=O)N4CCCC4)CN1C(=O)C5=CC=CC=C5)CC6=CC=C(C=C6)F,0
"[3-(4-tert-butylphenoxy)-6-(2-phenylethynyl)-3,6-dihydro-2H-pyran-2-yl]methanol",CC(C)(C)C1=CC=C(C=C1)OC2C=CC(OC2CO)C#CC3=CC=CC=C3,0
"[9-[[3,5-Bis(trifluoromethyl)phenyl]methyl]-3,9-diazaspiro[5.5]undecan-3-yl]-pyridin-4-ylmethanone",C1CN(CCC12CCN(CC2)C(=O)C3=CC=NC=C3)CC4=CC(=CC(=C4)C(F)(F)F)C(F)(F)F,0
"[(1S,8S,12R)-7-(furan-3-yl)-15-hydroxy-1,8,12,16,16-pentamethyl-5-oxo-3,6-dioxapentacyclo[9.8.0.02,4.02,8.012,17]nonadecan-19-yl] acetate",CC(=O)OC1CC2[C@@](CCC(C2(C)C)O)(C3[C@@]1(C45C(O4)C(=O)OC([C@@]5(CC3)C)C6=COC=C6)C)C,0
"(6aR,10aS)-9-(methylsulfanylmethyl)-7-propyl-6,6a,8,9,10,10a-hexahydro-4H-indolo[4,3-fg]quinoline;methanesulfonic acid",CCCN1CC(C[C@@H]2[C@H]1CC3=CNC4=CC=CC2=C34)CSC.CS(=O)(=O)O,0
"2-[4-[(2,4-Dimethoxyphenyl)methylamino]quinazolin-6-yl]benzonitrile",COC1=CC(=C(C=C1)CNC2=NC=NC3=C2C=C(C=C3)C4=CC=CC=C4C#N)OC,0
"(3aS,5aR,6Z,8R,9S,9aS,9bS)-6-[(2S)-1-(2,3-dimethyl-6,7,8,9-tetrahydropyrido[3,2-b]azepin-5-yl)propan-2-yl]oxyimino-2-ethyl-8,9-dihydroxy-4,5,5a,7,8,9,9a,9b-octahydro-3aH-benzo[e]isoindole-1,3-dione",CCN1C(=O)[C@H]2CC[C@@H]\3[C@@H]([C@@H]2C1=O)[C@@H]([C@@H](C/C3=N/O[C@@H](C)CN4CCCCC5=C4C=C(C(=N5)C)C)O)O,0
"6-chloro-1-methyl-N-(2-phenylethyl)-1H-pyrazolo[3,4-d]pyrimidin-4-amine",CN1C2=NC(=NC(=C2C=N1)NCCC3=CC=CC=C3)Cl,0
"[(5S)-2-benzhydryl-2,7-diazaspiro[4.5]decan-7-yl]-pyridin-4-ylmethanone",C1C[C@@]2(CCN(C2)C(C3=CC=CC=C3)C4=CC=CC=C4)CN(C1)C(=O)C5=CC=NC=C5,0
"[3,5-Bis(trifluoromethyl)phenyl]-(2-pyridin-2-yl-2,9-diazaspiro[5.5]undecan-9-yl)methanone",C1CC2(CCN(CC2)C(=O)C3=CC(=CC(=C3)C(F)(F)F)C(F)(F)F)CN(C1)C4=CC=CC=N4,0
"(2E)-3-(2H-1,3-Benzodioxol-5-yl)-1-(thiophen-2-yl)prop-2-en-1-one",C1OC2=C(O1)C=C(C=C2)/C=C/C(=O)C3=CC=CS3,0
"methyl (2R,3R,6R)-4-benzoyl-9-[(6-fluoro-4H-1,3-benzodioxin-8-yl)methyl]-3-[(4-methoxyphenyl)methyl]-10-(pyrrolidine-1-carbonyl)-4,9-diazatricyclo[6.3.0.02,6]undeca-1(8),10-diene-3-carboxylate",COC1=CC=C(C=C1)C[C@@]2([C@@H]3[C@@H](CC4=C3C=C(N4CC5=CC(=CC6=C5OCOC6)F)C(=O)N7CCCC7)CN2C(=O)C8=CC=CC=C8)C(=O)OC,0
"3,3'-Dimethoxybenzidine-4,4'-diisocyanate",COC1=C(C=CC(=C1)C2=CC(=C(C=C2)N=C=O)OC)N=C=O,0
N-[2-[[6-(3-methoxyphenyl)quinazolin-4-yl]amino]ethyl]acetamide,CC(=O)NCCNC1=NC=NC2=C1C=C(C=C2)C3=CC(=CC=C3)OC,0
N-(furan-2-ylmethyl)-N-methyl-6-pyridin-3-ylquinazolin-4-amine,CN(CC1=CC=CO1)C2=NC=NC3=C2C=C(C=C3)C4=CN=CC=C4,0
"(1-methylpyrrol-2-yl)-[(5S)-2-phenyl-2,7-diazaspiro[4.5]decan-7-yl]methanone",CN1C=CC=C1C(=O)N2CCC[C@]3(C2)CCN(C3)C4=CC=CC=C4,0
"methyl (2R,3R,6R)-4-benzoyl-3-[(4-fluorophenyl)methyl]-9-(pyridin-2-ylmethyl)-10-(pyrrolidine-1-carbonyl)-4,9-diazatricyclo[6.3.0.02,6]undeca-1(8),10-diene-3-carboxylate",COC(=O)[C@]1([C@@H]2[C@@H](CC3=C2C=C(N3CC4=CC=CC=N4)C(=O)N5CCCC5)CN1C(=O)C6=CC=CC=C6)CC7=CC=C(C=C7)F,0
"1H-(1,2,4)oxadiazolo(4,3-a)quinoxalin-1-one",C1=CC=C2C(=C1)N=CC3=NOC(=O)N23,0
2-(4-Methylpiperazin-1-yl)-8-(2-phenylethyl)-6-thiophen-2-ylpteridin-7-one,CN1CCN(CC1)C2=NC=C3C(=N2)N(C(=O)C(=N3)C4=CC=CS4)CCC5=CC=CC=C5,0
2-(Pyridin-3-yl)-N-(thiophen-2-ylmethyl)quinazolin-4-amine,C1=CC=C2C(=C1)C(=NC(=N2)C3=CN=CC=C3)NCC4=CC=CS4,0
"phenyl (5S)-2-pyridin-2-yl-2,7-diazaspiro[4.5]decane-7-carboxylate",C1C[C@@]2(CCN(C2)C3=CC=CC=N3)CN(C1)C(=O)OC4=CC=CC=C4,0
Iodophenpropit,C1=CC(=CC=C1CCN=C(N)SCCCC2=CN=CN2)I,0
"methyl 2-[[(1R,2S,12R,16S)-2-benzyl-7-(diethylcarbamoyloxy)-8-ethyl-5,13,15-trioxo-4-oxa-6,14-diazatetracyclo[7.7.0.02,6.012,16]hexadeca-7,9-dien-3-ylidene]amino]acetate",CCC1=C(N2C(=O)OC(=NCC(=O)OC)[C@@]2([C@H]3C1=CC[C@@H]4[C@H]3C(=O)NC4=O)CC5=CC=CC=C5)OC(=O)N(CC)CC,0
"7-(Benzenesulfonyl)-2-[(2-methoxyphenyl)methyl]-2,7-diazaspiro[3.5]nonane",COC1=CC=CC=C1CN2CC3(C2)CCN(CC3)S(=O)(=O)C4=CC=CC=C4,0
"N-[(R)-[(1R,2S)-1-methyl-2-[(2R)-1-(naphthalen-2-ylamino)-1-oxopropan-2-yl]cyclopropyl]-phenylmethyl]pyrazine-2-carboxamide",C[C@H]([C@@H]1C[C@@]1(C)[C@H](C2=CC=CC=C2)NC(=O)C3=NC=CN=C3)C(=O)NC4=CC5=CC=CC=C5C=C4,0
6-[4-(dimethylamino)phenyl]-N-(2-methoxyethyl)quinazolin-4-amine,CN(C)C1=CC=C(C=C1)C2=CC3=C(C=C2)N=CN=C3NCCOC,0
8-Cyclopropyl-2-(4-methoxyphenoxy)-6-phenylpteridin-7-one,COC1=CC=C(C=C1)OC2=NC=C3C(=N2)N(C(=O)C(=N3)C4=CC=CC=C4)C5CC5,0
2-(3-methoxyphenyl)-N-(2-morpholin-4-ylethyl)quinazolin-4-amine,COC1=CC=CC(=C1)C2=NC3=CC=CC=C3C(=N2)NCCN4CCOCC4,0
Fusarium toxin,CC1CCCC(=O)CCC/C=C/C2=C(C(=CC(=C2)O)O)C(=O)O1,0
Nitazoxanide,CC(=O)OC1=CC=CC=C1C(=O)NC2=NC=C(S2)[N+](=O)[O-],0
2-(3-methoxyphenyl)-N-[(5-methylpyrazin-2-yl)methyl]pyrimidin-4-amine,CC1=CN=C(C=N1)CNC2=NC(=NC=C2)C3=CC(=CC=C3)OC,0
"[6-[2-(2,4-difluorophenyl)ethynyl]-3-ethoxycarbonyloxy-3,6-dihydro-2H-pyran-2-yl]methyl ethyl carbonate",CCOC(=O)OCC1C(C=CC(O1)C#CC2=C(C=C(C=C2)F)F)OC(=O)OCC,0
"2-(3,5-dimethyl-1,2-oxazol-4-yl)-N-(4-fluorophenyl)pyrimidin-4-amine",CC1=C(C(=NO1)C)C2=NC=CC(=N2)NC3=CC=C(C=C3)F,0
"8-(2-(4-Hydroxy-6-oxotetrahydro-2H-pyran-2-yl)ethyl)-3,7-dimethyl-1,2,3,7,8,8a-hexahydro-1-naphthalenyl 2,2-dimethylbutanoate",CCC(C)(C)C(=O)OC1CC(C=C2C1C(C(C=C2)C)CCC3CC(CC(=O)O3)O)C,0
"benzyl N-[(R)-[(1R,2S)-2-[(2R)-1-[2-(1H-indol-3-yl)ethylamino]-1-oxopropan-2-yl]-1-methylcyclopropyl]-phenylmethyl]carbamate",C[C@H]([C@@H]1C[C@@]1(C)[C@H](C2=CC=CC=C2)NC(=O)OCC3=CC=CC=C3)C(=O)NCCC4=CNC5=CC=CC=C54,0
"N-[(4-chlorophenyl)-[(1R,2R)-1,2-dipropylcyclopropyl]methyl]thiophene-2-carboxamide",CCC[C@@H]1C[C@@]1(CCC)C(C2=CC=C(C=C2)Cl)NC(=O)C3=CC=CS3,0
"[2-[[3,5-Bis(trifluoromethyl)phenyl]methyl]-2,9-diazaspiro[5.5]undecan-9-yl]-(3-fluorophenyl)methanone",C1CC2(CCN(CC2)C(=O)C3=CC(=CC=C3)F)CN(C1)CC4=CC(=CC(=C4)C(F)(F)F)C(F)(F)F,0
"2-(4-Methylpiperazin-1-yl)-6,8-bis(2-phenylethyl)pteridin-7-one",CN1CCN(CC1)C2=NC=C3C(=N2)N(C(=O)C(=N3)CCC4=CC=CC=C4)CCC5=CC=CC=C5,0
2-(3-Methoxyphenyl)-4-(4-methylpiperazin-1-yl)quinazoline,CN1CCN(CC1)C2=NC(=NC3=CC=CC=C32)C4=CC(=CC=C4)OC,0
8-[(4-Fluorophenyl)methyl]-2-methoxy-6-(2-phenylethyl)pteridin-7-one,COC1=NC=C2C(=N1)N(C(=O)C(=N2)CCC3=CC=CC=C3)CC4=CC=C(C=C4)F,0
"methyl 4-[(E,4R)-5-(dimethylamino)-4-methyl-5-oxo-1-(phenylmethoxycarbonylamino)-2-pyridin-3-ylpent-2-enyl]benzoate",C[C@H](/C=C(\C1=CN=CC=C1)/C(C2=CC=C(C=C2)C(=O)OC)NC(=O)OCC3=CC=CC=C3)C(=O)N(C)C,0
2-Methoxy-8-(2-phenylethyl)-6-thiophen-2-ylpteridin-7-one,COC1=NC=C2C(=N1)N(C(=O)C(=N2)C3=CC=CS3)CCC4=CC=CC=C4,0
"[(2S,3S,6S)-3-(4-methylphenoxy)-6-(2-phenylethynyl)-3,6-dihydro-2H-pyran-2-yl]methyl (4E)-4-[2-[(2S,3S,6R)-3-(4-methoxyphenoxy)-2-(propylcarbamoyloxymethyl)-3,6-dihydro-2H-pyran-6-yl]ethoxyimino]pentanoate",CCCNC(=O)OC[C@H]1[C@H](C=C[C@H](O1)CCO/N=C(\C)/CCC(=O)OC[C@H]2[C@H](C=C[C@H](O2)C#CC3=CC=CC=C3)OC4=CC=C(C=C4)C)OC5=CC=C(C=C5)OC,0
Itriglumide sodium,CC1=CC(=C(C(=C1)C(=O)N2CCC3(CCCC3)CC2)NC(=O)C[C@H](CC(=O)[O-])C4=CC=CC5=CC=CC=C54)C.[Na+],0
N-[3-(4-anilinoquinazolin-2-yl)phenyl]methanesulfonamide,CS(=O)(=O)NC1=CC=CC(=C1)C2=NC3=CC=CC=C3C(=N2)NC4=CC=CC=C4,0
"[5-(4-Methylphenyl)sulfonyl-[1,2,4]triazino[5,6-b]indol-3-yl]-phenylmethanone",CC1=CC=C(C=C1)S(=O)(=O)N2C3=CC=CC=C3C4=C2N=C(N=N4)C(=O)C5=CC=CC=C5,0
5-[4-(dimethylamino)phenyl]-N-[2-(5-methoxy-1H-indol-3-yl)ethyl]pyrimidin-4-amine,CN(C)C1=CC=C(C=C1)C2=CN=CN=C2NCCC3=CNC4=C3C=C(C=C4)OC,0
S-(2-Aminoethyl)isothiuronium bromide hydrobromide,C(CSC(=N)N)N.Br.Br,0
N-[3-[4-(cyclopropylamino)quinazolin-2-yl]phenyl]methanesulfonamide,CS(=O)(=O)NC1=CC=CC(=C1)C2=NC3=CC=CC=C3C(=N2)NC4CC4,0
N-(furan-2-ylmethyl)-2-(3-methoxyphenyl)-N-methylpyrimidin-4-amine,CN(CC1=CC=CO1)C2=NC(=NC=C2)C3=CC(=CC=C3)OC,0
4'-Hydroxy-5-methoxyflavone,COC1=CC=CC2=C1C(=O)C=C(O2)C3=CC=C(C=C3)O,0
RS-100329,CC1=CNC(=O)N(C1=O)CCCN2CCN(CC2)C3=CC=CC=C3OCC(F)(F)F,0
"[(4bR,10aR,12aR)-1-(furan-3-yl)-4b,7,7,10a,12a-pentamethyl-3,8-dioxo-5,6,6a,10b,11,12-hexahydro-1H-naphtho[2,1-f]isochromen-5-yl] acetate",CC(=O)OC1CC2[C@](C=CC(=O)C2(C)C)(C3[C@@]1(C4=CC(=O)OC([C@@]4(CC3)C)C5=COC=C5)C)C,0
"(1R,9R,10E,11R,13R,14S)-4-[(6-chloro-1,3-benzodioxol-5-yl)methyl]-14-hydroxy-10-phenylmethoxyimino-12-oxa-2,4,6-triazatetracyclo[7.5.0.02,6.011,13]tetradecane-3,5-dione",C1CN2C(=O)N(C(=O)N2[C@@H]3[C@@H]1/C(=N\OCC4=CC=CC=C4)/[C@@H]5[C@@H]([C@H]3O)O5)CC6=CC7=C(C=C6Cl)OCO7,0
"(Z,2R,3R)-N-[(2S)-1-(2,3-dimethyl-6,7,8,9-tetrahydropyrido[3,2-b]azepin-5-yl)propan-2-yl]oxy-2,4-dimethyl-3-phenylmethoxypentan-1-imine",CC1=CC2=C(CCCCN2C[C@H](C)O/N=C\[C@@H](C)[C@@H](C(C)C)OCC3=CC=CC=C3)N=C1C,0
Propanil,CCC(=O)NC1=CC(=C(C=C1)Cl)Cl,0
8-[2-(2-Methoxyphenyl)ethyl]-6-thiophen-2-ylpteridin-7-one,COC1=CC=CC=C1CCN2C3=NC=NC=C3N=C(C2=O)C4=CC=CS4,0
N-[(2-methoxyphenyl)methyl]-2-[2-(trifluoromethyl)phenyl]pyrimidin-4-amine,COC1=CC=CC=C1CNC2=NC(=NC=C2)C3=CC=CC=C3C(F)(F)F,0
2-Phenylmelatonin,CC(=O)NCCC1=C(NC2=C1C=C(C=C2)OC)C3=CC=CC=C3,0
Tocris-1038,CC1=C(C2=C3N1[C@@H](COC3=CC=C2)CN4CCOCC4)C(=O)C5=CC6=CC=CC=C6C=C5,0
Malathion,CCOC(=O)CC(C(=O)OCC)SP(=S)(OC)OC,0
4-(4-Methylpiperazin-1-yl)-6-[2-(trifluoromethyl)phenyl]quinazoline,CN1CCN(CC1)C2=NC=NC3=C2C=C(C=C3)C4=CC=CC=C4C(F)(F)F,0
"(2R)-2,4-bis(1H-indol-3-yl)butan-1-ol",C1=CC=C2C(=C1)C(=CN2)CC[C@@H](CO)C3=CNC4=CC=CC=C43,0
"(2S,5R)-6-(6-chloro-3-pyridinyl)-3-methyl-2-phenyl-7-pyridin-3-yl-3-azatricyclo[5.1.1.01,5]nonane",CN1C[C@@H]2C(C3(CC2(C3)[C@H]1C4=CC=CC=C4)C5=CN=CC=C5)C6=CN=C(C=C6)Cl,0
N-cyclopropyl-6-(2-methoxyphenyl)quinazolin-4-amine,COC1=CC=CC=C1C2=CC3=C(C=C2)N=CN=C3NC4CC4,0
N-[3-[4-(2-morpholin-4-ylethylamino)quinazolin-2-yl]phenyl]methanesulfonamide,CS(=O)(=O)NC1=CC=CC(=C1)C2=NC3=CC=CC=C3C(=N2)NCCN4CCOCC4,0
2-(2-methylphenyl)-N-pyridin-4-ylquinazolin-4-amine,CC1=CC=CC=C1C2=NC3=CC=CC=C3C(=N2)NC4=CC=NC=C4,0
"methyl 4-[(E,4R)-5-[(3,5-difluorophenyl)methylamino]-4-methyl-5-oxo-1-(phenylmethoxycarbonylamino)-2-pyridin-3-ylpent-2-enyl]benzoate",C[C@H](/C=C(\C1=CN=CC=C1)/C(C2=CC=C(C=C2)C(=O)OC)NC(=O)OCC3=CC=CC=C3)C(=O)NCC4=CC(=CC(=C4)F)F,0
Tocris-0987,CCS(=O)(=O)N1CCC[C@@H]2[C@@H]1C[C@H]3C4=C(CCN3C2)C=C(C=C4)OC,0
3-[4-[Furan-2-ylmethyl(methyl)amino]pyrimidin-5-yl]benzonitrile,CN(CC1=CC=CO1)C2=NC=NC=C2C3=CC=CC(=C3)C#N,0
"(5R)-9-[3,5-bis(trifluoromethyl)benzoyl]-N-(4-methoxyphenyl)-2,9-diazaspiro[4.5]decane-2-carboxamide",COC1=CC=C(C=C1)NC(=O)N2CC[C@]3(C2)CCCN(C3)C(=O)C4=CC(=CC(=C4)C(F)(F)F)C(F)(F)F,0
6-(4-fluorophenyl)-2-methoxy-8-[[(2R)-oxolan-2-yl]methyl]pteridin-7-one,COC1=NC=C2C(=N1)N(C(=O)C(=N2)C3=CC=C(C=C3)F)C[C@H]4CCCO4,0
"4H-Pyrimido[6,1-a]isoquinolin-4-one, 2,3,6,7-tetrahydro-9,10-dimethoxy-3-methyl-2-[(2,4,6-trimethylphenyl)imino]-, hydrochloride (1:1)",CC1=CC(=C(C(=C1)C)N=C2C=C3C4=CC(=C(C=C4CCN3C(=O)N2C)OC)OC)C.Cl,0
N-[3-[4-(methylamino)quinazolin-6-yl]phenyl]methanesulfonamide,CNC1=NC=NC2=C1C=C(C=C2)C3=CC(=CC=C3)NS(=O)(=O)C,0
"[(5S)-2-[[3,5-bis(trifluoromethyl)phenyl]methyl]-2,7-diazaspiro[4.5]decan-7-yl]-(1-methylpyrrol-2-yl)methanone",CN1C=CC=C1C(=O)N2CCC[C@]3(C2)CCN(C3)CC4=CC(=CC(=C4)C(F)(F)F)C(F)(F)F,0
"methyl 4-[(Z,4R)-5-(cyclohexylamino)-2-fluoro-4-methyl-5-oxo-1-(phenylmethoxycarbonylamino)pent-2-enyl]benzoate",C[C@H](/C=C(/C(C1=CC=C(C=C1)C(=O)OC)NC(=O)OCC2=CC=CC=C2)\F)C(=O)NC3CCCCC3,0
"methyl (2S)-2-[[(1R,2R)-1-methyl-2-[(S)-phenyl(phenylmethoxycarbonylamino)methyl]cyclopropanecarbonyl]amino]-3-phenylpropanoate",C[C@]1(C[C@H]1[C@@H](C2=CC=CC=C2)NC(=O)OCC3=CC=CC=C3)C(=O)N[C@@H](CC4=CC=CC=C4)C(=O)OC,0
"methyl (2R,3R,6R)-4-benzoyl-9-[(4-hydroxy-3-methoxyphenyl)methyl]-3-[(4-methoxyphenyl)methyl]-10-(pyrrolidine-1-carbonyl)-4,9-diazatricyclo[6.3.0.02,6]undeca-1(8),10-diene-3-carboxylate",COC1=CC=C(C=C1)C[C@@]2([C@@H]3[C@@H](CC4=C3C=C(N4CC5=CC(=C(C=C5)O)OC)C(=O)N6CCCC6)CN2C(=O)C7=CC=CC=C7)C(=O)OC,0
N-1-Naphthylbenzamide,C1=CC=C(C=C1)C(=O)NC2=CC=CC3=CC=CC=C32,0
"(5R)-N-(3-cyanophenyl)-9-(3-fluorobenzoyl)-2,9-diazaspiro[4.5]decane-2-carboxamide",C1C[C@@]2(CCN(C2)C(=O)NC3=CC=CC(=C3)C#N)CN(C1)C(=O)C4=CC(=CC=C4)F,0
N-(2-morpholin-4-ylethyl)-5-[2-(trifluoromethyl)phenyl]pyrimidin-4-amine,C1COCCN1CCNC2=NC=NC=C2C3=CC=CC=C3C(F)(F)F,0
4-(4-tert-butylphenoxy)-5-[(E)-4-phenylbut-1-en-3-ynyl]oxolan-3-ol,CC(C)(C)C1=CC=C(C=C1)OC2C(COC2/C=C/C#CC3=CC=CC=C3)O,0
N-[2-(1H-imidazol-5-yl)ethyl]-5-[2-(trifluoromethyl)phenyl]pyrimidin-4-amine,C1=CC=C(C(=C1)C2=CN=CN=C2NCCC3=CN=CN3)C(F)(F)F,0
3-[4-[(2-Methoxyphenyl)methylamino]pyrimidin-2-yl]benzonitrile,COC1=CC=CC=C1CNC2=NC(=NC=C2)C3=CC=CC(=C3)C#N,0
"(4aR,10aS)-4a,7-dimethyl-1,3,4,9,10,10a-hexahydrophenanthren-2-one",CC1=CC2=C(C=C1)[C@@]3(CCC(=O)C[C@@H]3CC2)C,0
"8-[(4-Methoxyphenoxy)methyl]-2-(2-phenoxyethyl)-6-phenyl-1,3,4,7,8,10-hexahydropyrano[4,3-c][1,6]naphthyridine",COC1=CC=C(C=C1)OCC2CC3=C(CO2)C4=C(CCN(C4)CCOC5=CC=CC=C5)N=C3C6=CC=CC=C6,0
"9-[3,5-bis(trifluoromethyl)benzoyl]-N-phenyl-2,9-diazaspiro[5.5]undecane-2-carboxamide",C1CC2(CCN(CC2)C(=O)C3=CC(=CC(=C3)C(F)(F)F)C(F)(F)F)CN(C1)C(=O)NC4=CC=CC=C4,0
Arthonioic acid,CCCCCC(=O)CC1=C(C(=CC(=C1)O)O)C(=O)OC2=CC(=C(C(=C2)OC)C(=O)O)CC(=O)CCCCC,0
"(2S,5R)-6-(6-chloro-3-pyridinyl)-3-(cyclohexylmethyl)-2-phenyl-7-pyridin-3-yl-3-azatricyclo[5.1.1.01,5]nonane",C1CCC(CC1)CN2C[C@@H]3C(C4(CC3(C4)[C@H]2C5=CC=CC=C5)C6=CN=CC=C6)C7=CN=C(C=C7)Cl,0
"(2-Benzhydryl-2,9-diazaspiro[5.5]undecan-9-yl)-(4-methoxyphenyl)methanone",COC1=CC=C(C=C1)C(=O)N2CCC3(CCCN(C3)C(C4=CC=CC=C4)C5=CC=CC=C5)CC2,0
"methyl N-[(S)-[(1S,2R)-1-methyl-2-[(2R)-1-(naphthalen-2-ylamino)-1-oxopropan-2-yl]cyclopropyl]-phenylmethyl]carbamate",C[C@H]([C@H]1C[C@]1(C)[C@@H](C2=CC=CC=C2)NC(=O)OC)C(=O)NC3=CC4=CC=CC=C4C=C3,0
"2-(3,4-dichlorophenyl)-N-methyl-N-[(1S)-1-phenyl-2-pyrrolidin-1-ylethyl]acetamide",CN([C@H](CN1CCCC1)C2=CC=CC=C2)C(=O)CC3=CC(=C(C=C3)Cl)Cl,0
N-cyclohexyl-2-methyl-9-[3-(2-methylpiperidin-1-yl)propyl]-8-phenylpurin-6-amine,CC1CCCCN1CCCN2C(=NC3=C(N=C(N=C32)C)NC4CCCCC4)C5=CC=CC=C5,0
"(2R,5R)-1-benzoyl-5-benzyl-2-methyl-N-(2-morpholin-4-ylethyl)-2H-pyrrole-5-carboxamide",C[C@@H]1C=C[C@](N1C(=O)C2=CC=CC=C2)(CC3=CC=CC=C3)C(=O)NCCN4CCOCC4,0
N-methyl-5-[2-(trifluoromethyl)phenyl]pyrimidin-4-amine,CNC1=NC=NC=C1C2=CC=CC=C2C(F)(F)F,0
Arasertaconazole,C1=CC2=C(C(=C1)Cl)SC=C2CO[C@@H](CN3C=CN=C3)C4=C(C=C(C=C4)Cl)Cl,0
Sch-79797,CC(C)C1=CC=C(C=C1)CN2C=CC3=C2C=CC4=C3C(=NC(=N4)NC5CC5)N,0
"methyl 2-[(1R,8R,12S)-13-(furan-3-yl)-6,6,8,12-tetramethyl-17-methylidene-5,15-dioxo-2,14-dioxatetracyclo[7.7.1.01,12.03,8]heptadecan-7-yl]acetate",C[C@@]12CCC3C(=C)[C@@]1(CC(=O)OC2C4=COC=C4)OC5[C@]3(C(C(C(=O)C5)(C)C)CC(=O)OC)C,0
"[2-(4-Amino-1,3-dimethyl-2,6-dioxopyrimidin-5-yl)-2-oxoethyl] 2-phenylquinoline-4-carboxylate",CN1C(=C(C(=O)N(C1=O)C)C(=O)COC(=O)C2=CC(=NC3=CC=CC=C32)C4=CC=CC=C4)N,0
"(2E)-3-(3,4-Dimethoxyphenyl)-1-(2-thienyl)-2-propen-1-one",COC1=C(C=C(C=C1)/C=C/C(=O)C2=CC=CS2)OC,0
8-[(4-Fluorophenyl)methyl]-2-methoxy-6-thiophen-2-ylpteridin-7-one,COC1=NC=C2C(=N1)N(C(=O)C(=N2)C3=CC=CS3)CC4=CC=C(C=C4)F,0
Ethaverine,CCOC1=C(C=C(C=C1)CC2=NC=CC3=CC(=C(C=C32)OCC)OCC)OCC,0
Levisoprenaline,CC(C)NC[C@@H](C1=CC(=C(C=C1)O)O)O,0
Cisatracurium Besylate,C[N@@+]1(CCC2=CC(=C(C=C2[C@H]1CC3=CC(=C(C=C3)OC)OC)OC)OC)CCC(=O)OCCCCCOC(=O)CC[N@+]4(CCC5=CC(=C(C=C5[C@H]4CC6=CC(=C(C=C6)OC)OC)OC)OC)C.C1=CC=C(C=C1)S(=O)(=O)[O-].C1=CC=C(C=C1)S(=O)(=O)[O-],0
2-Anilino-8-[(3-methoxyphenyl)methyl]pteridin-7-one,COC1=CC=CC(=C1)CN2C(=O)C=NC3=CN=C(N=C32)NC4=CC=CC=C4,0
N-(4-fluorophenyl)-2-[2-(trifluoromethyl)phenyl]pyrimidin-4-amine,C1=CC=C(C(=C1)C2=NC=CC(=N2)NC3=CC=C(C=C3)F)C(F)(F)F,0
"phenyl (5S)-2-pyridin-4-yl-2,7-diazaspiro[4.5]decane-7-carboxylate",C1C[C@@]2(CCN(C2)C3=CC=NC=C3)CN(C1)C(=O)OC4=CC=CC=C4,0
Luzindole,CC(=O)NCCC1=C(NC2=CC=CC=C21)CC3=CC=CC=C3,0
5'beta-Rotenone,CC(=C)C1CC2=C(O1)C=CC3=C2OC4COC5=CC(=C(C=C5C4C3=O)OC)OC,0
Lopac-E-3770,CCCCCCCCCCCCCCCCCC(=O)NC[C@@H](COP(=O)([O-])OCC[N+](C)(C)C)OCC,0
2-(Dimethylamino)-6-(4-fluorophenyl)-8-[(3-methoxyphenyl)methyl]pteridin-7-one,CN(C)C1=NC=C2C(=N1)N(C(=O)C(=N2)C3=CC=C(C=C3)F)CC4=CC(=CC=C4)OC,0
Tyrphostin 23,C1=CC(=C(C=C1C=C(C#N)C#N)O)O,0
N-(2-methoxyethyl)-6-(2-methylphenyl)quinazolin-4-amine,CC1=CC=CC=C1C2=CC3=C(C=C2)N=CN=C3NCCOC,0
"N-[2-[[2-(1,3-benzodioxol-5-yl)quinazolin-4-yl]amino]ethyl]acetamide",CC(=O)NCCNC1=NC(=NC2=CC=CC=C21)C3=CC4=C(C=C3)OCO4,0
"4-[6-(3,5-Dimethyl-1,2-oxazol-4-yl)quinazolin-4-yl]morpholine",CC1=C(C(=NO1)C)C2=CC3=C(C=C2)N=CN=C3N4CCOCC4,0
"[(5S)-2-pyridin-4-yl-2,7-diazaspiro[4.5]decan-7-yl]-(thiadiazol-4-yl)methanone",C1C[C@@]2(CCN(C2)C3=CC=NC=C3)CN(C1)C(=O)C4=CSN=N4,0
Methyl 2-[(benzylcarbamoylamino)-phenylmethyl]-3-oxobutanoate,CC(=O)C(C(C1=CC=CC=C1)NC(=O)NCC2=CC=CC=C2)C(=O)OC,0
AM404,CCCCC/C=C\C/C=C\C/C=C\C/C=C\CCCC(=O)NC1=CC=C(C=C1)O,0
"4',6-Dihydroxyflavone",C1=CC(=CC=C1C2=CC(=O)C3=C(O2)C=CC(=C3)O)O,0
"4,4'-Thiodianiline",C1=CC(=CC=C1N)SC2=CC=C(C=C2)N,0
"N-[(2,4-dimethoxyphenyl)methyl]-2-(2-methoxyphenyl)quinazolin-4-amine",COC1=CC(=C(C=C1)CNC2=NC(=NC3=CC=CC=C32)C4=CC=CC=C4OC)OC,0
1-(4-Fluorophenyl)-3-(3-(4-fluorophenyl)-3-hydroxypropyl)-4-(4-hydroxyphenyl)azetidin-2-one,C1=CC(=CC=C1C2C(C(=O)N2C3=CC=C(C=C3)F)CCC(C4=CC=C(C=C4)F)O)O,0
Paeonol,CC(=O)C1=C(C=C(C=C1)OC)O,0
2-[4-(dimethylamino)phenyl]-N-(2-methoxyethyl)quinazolin-4-amine,CN(C)C1=CC=C(C=C1)C2=NC3=CC=CC=C3C(=N2)NCCOC,0
N-[(E)-1-(4-phenylphenyl)-2-propylhex-2-enyl]quinoline-8-sulfonamide,CCC/C=C(\CCC)/C(C1=CC=C(C=C1)C2=CC=CC=C2)NS(=O)(=O)C3=CC=CC4=C3N=CC=C4,0
2-(ethylamino)-6-(1-methylindol-3-yl)-8-[[(2R)-oxolan-2-yl]methyl]pteridin-7-one,CCNC1=NC=C2C(=N1)N(C(=O)C(=N2)C3=CN(C4=CC=CC=C43)C)C[C@H]5CCCO5,0
Doxorubicin Hydrochloride,C[C@H]1[C@H]([C@H](C[C@@H](O1)O[C@H]2C[C@@](CC3=C2C(=C4C(=C3O)C(=O)C5=C(C4=O)C(=CC=C5)OC)O)(C(=O)CO)O)N)O.Cl,0
"(5R)-9-(3,5-dimethyl-1,2-oxazole-4-carbonyl)-N-phenyl-2,9-diazaspiro[4.5]decane-2-carboxamide",CC1=C(C(=NO1)C)C(=O)N2CCC[C@]3(C2)CCN(C3)C(=O)NC4=CC=CC=C4,0
N-benzyl-2-(furan-3-yl)quinazolin-4-amine,C1=CC=C(C=C1)CNC2=NC(=NC3=CC=CC=C32)C4=COC=C4,0
T-1032 free base,COC1=CC(=CC(=C1OC)OC)C2=C(N(C(=O)C3=C2C=CC(=C3)OCC4=CC=CC=N4)C5=CC=C(C=C5)N)C(=O)OC,0
"(R)-8,9-Dichloro-2,3,4,4a-Tetrahydro-1H-Pyrazino[1,2-a]Quinoxalin-5(6H)-One",C1CN2[C@H](CN1)C(=O)NC3=CC(=C(C=C32)Cl)Cl,0
"6,6-Dimethyl-4-phenyl-11-(2-phenylethyl)-9-[[4-(trifluoromethyl)phenyl]methyl]-1,11-diazatricyclo[7.3.0.03,7]dodeca-3,7-diene-5,10,12-trione",CC1(C2=CC3(C(=O)N(C(=O)N3CC2=C(C1=O)C4=CC=CC=C4)CCC5=CC=CC=C5)CC6=CC=C(C=C6)C(F)(F)F)C,0
Lopac-P-8828,CCCN1C[C@H](C[C@@H]2[C@@H]1CC3=CNC4=CC=CC2=C34)CSC.CS(=O)(=O)O,0
N-methyl-6-(2-methylphenyl)quinazolin-4-amine,CC1=CC=CC=C1C2=CC3=C(C=C2)N=CN=C3NC,0
"Doxazosin methanesulfonate, (R)-",COC1=C(C=C2C(=C1)C(=NC(=N2)N3CCN(CC3)C(=O)[C@H]4COC5=CC=CC=C5O4)N)OC.CS(=O)(=O)O,0
"3,3'-Dichloro-4,4'-Diaminodiphenylmethane",C1=CC(=C(C=C1CC2=CC(=C(C=C2)N)Cl)Cl)N,0
6-(4-Methoxyphenyl)-2-piperazin-1-yl-8-(thiophen-2-ylmethyl)pteridin-7-one,COC1=CC=C(C=C1)C2=NC3=CN=C(N=C3N(C2=O)CC4=CC=CS4)N5CCNCC5,0
"methyl (2R,3R,6R)-4-benzoyl-10-(dimethylcarbamoyl)-9-[(1,5-dimethylpyrazol-3-yl)methyl]-3-[(4-fluorophenyl)methyl]-4,9-diazatricyclo[6.3.0.02,6]undeca-1(8),10-diene-3-carboxylate",CC1=CC(=NN1C)CN2C3=C(C=C2C(=O)N(C)C)[C@H]4[C@@H](C3)CN([C@@]4(CC5=CC=C(C=C5)F)C(=O)OC)C(=O)C6=CC=CC=C6,0
"[(5S)-2-benzhydryl-2,7-diazaspiro[4.5]decan-7-yl]-(furan-2-yl)methanone",C1C[C@@]2(CCN(C2)C(C3=CC=CC=C3)C4=CC=CC=C4)CN(C1)C(=O)C5=CC=CO5,0
Y-27632 dihydrochloride,C[C@H](C1CCC(CC1)C(=O)NC2=CC=NC=C2)N.Cl.Cl,0
6-(3-pyridinyl)-N-(3-pyridinylmethyl)-4-quinazolinamine,C1=CC(=CN=C1)CNC2=NC=NC3=C2C=C(C=C3)C4=CN=CC=C4,0
3-(4-Piperazin-1-ylquinazolin-2-yl)benzonitrile,C1CN(CCN1)C2=NC(=NC3=CC=CC=C32)C4=CC=CC(=C4)C#N,0
(+)-Thaliporphine,CN1CCC2=CC(=C(C3=C2[C@@H]1CC4=CC(=C(C=C43)OC)OC)O)OC,0
Carboxyamidotriazole,C1=CC(=CC=C1C(=O)C2=C(C=C(C=C2Cl)CN3C(=C(N=N3)C(=O)N)N)Cl)Cl,0
"3-chloro-N-[(R)-[(1R,2S)-1-methyl-2-[(2R)-1-(naphthalen-2-ylamino)-1-oxopropan-2-yl]cyclopropyl]-phenylmethyl]pyridine-4-carboxamide",C[C@H]([C@@H]1C[C@@]1(C)[C@H](C2=CC=CC=C2)NC(=O)C3=C(C=NC=C3)Cl)C(=O)NC4=CC5=CC=CC=C5C=C4,0
(+)-Methysticin,COC1=CC(=O)O[C@H](C1)/C=C/C2=CC3=C(C=C2)OCO3,0
"(1S,2S)-N,N'-dimethyl-1,2-dipyridin-4-ylethane-1,2-diamine",CN[C@@H](C1=CC=NC=C1)[C@H](C2=CC=NC=C2)NC,0
N-benzyl-9-[4-(diethylamino)butyl]-2-methyl-8-phenylpurin-6-amine,CCN(CC)CCCCN1C(=NC2=C(N=C(N=C21)C)NCC3=CC=CC=C3)C4=CC=CC=C4,0
"N-[3-[4-[(2,4-dimethoxyphenyl)methylamino]quinazolin-6-yl]phenyl]methanesulfonamide",COC1=CC(=C(C=C1)CNC2=NC=NC3=C2C=C(C=C3)C4=CC(=CC=C4)NS(=O)(=O)C)OC,0
Phenelzine Sulfate,C1=CC=C(C=C1)CCNN.OS(=O)(=O)O,0
"5,6-dichloro-1-ethyl-1,3-dihydro-2H-benzimidazol-2-one",CCN1C2=CC(=C(C=C2NC1=O)Cl)Cl,0
"(2S,5R)-2,7-diphenyl-3-(pyridin-3-ylmethyl)-6-[4-(trifluoromethyl)phenyl]-3-azatricyclo[5.1.1.01,5]nonane",C1[C@@H]2C(C3(CC2(C3)[C@H](N1CC4=CN=CC=C4)C5=CC=CC=C5)C6=CC=CC=C6)C7=CC=C(C=C7)C(F)(F)F,0
"2,5-dimethyl-N-[(R)-[(1R,2S)-1-methyl-2-[(2R)-1-(naphthalen-2-ylamino)-1-oxopropan-2-yl]cyclopropyl]-phenylmethyl]pyrazole-3-carboxamide",CC1=NN(C(=C1)C(=O)N[C@@H](C2=CC=CC=C2)[C@@]3(C[C@H]3[C@@H](C)C(=O)NC4=CC5=CC=CC=C5C=C4)C)C,0
6-(4-Fluorophenyl)-2-(3-methoxyanilino)-8-(2-methoxyethyl)pteridin-7-one,COCCN1C2=NC(=NC=C2N=C(C1=O)C3=CC=C(C=C3)F)NC4=CC(=CC=C4)OC,0
Cinalukast,CCC(CC)(CC(=O)NC1=CC=CC(=C1)/C=C/C2=NC(=CS2)C3CCC3)C(=O)O,0
"6-(2-chlorophenyl)-N-[(2,4-dimethoxyphenyl)methyl]pyrimidin-4-amine",COC1=CC(=C(C=C1)CNC2=NC=NC(=C2)C3=CC=CC=C3Cl)OC,0
"(1R,2S,12R,16S)-2-benzyl-8,14-diethyl-3-(2-methoxyethylimino)-4-oxa-6,14-diazatetracyclo[7.7.0.02,6.012,16]hexadec-8-ene-5,7,13,15-tetrone",CCC1=C2CC[C@@H]3[C@H]([C@H]2[C@]4(C(=NCCOC)OC(=O)N4C1=O)CC5=CC=CC=C5)C(=O)N(C3=O)CC,0
"(2R,7R)-9-(3,4-dichlorophenyl)-2,7-bis[(dimethylamino)methyl]-3,4,5,6,7,9-hexahydro-2H-xanthene-1,8-dione",CN(C)C[C@H]1CCC2=C(C1=O)C(C3=C(O2)CC[C@@H](C3=O)CN(C)C)C4=CC(=C(C=C4)Cl)Cl,0
"methyl 4-[(Z,4R)-5-[(3,4-dimethoxyphenyl)methylamino]-2-fluoro-4-methyl-5-oxo-1-(phenylmethoxycarbonylamino)pent-2-enyl]benzoate",C[C@H](/C=C(/C(C1=CC=C(C=C1)C(=O)OC)NC(=O)OCC2=CC=CC=C2)\F)C(=O)NCC3=CC(=C(C=C3)OC)OC,0
"5-(1,3-benzodioxol-5-yl)-N-(2,4-dimethylphenyl)-1,3,4-oxadiazol-2-amine",CC1=CC(=C(C=C1)NC2=NN=C(O2)C3=CC4=C(C=C3)OCO4)C,0
"(2-Phenyl-2,9-diazaspiro[5.5]undecan-9-yl)-(thiadiazol-4-yl)methanone",C1CC2(CCN(CC2)C(=O)C3=CSN=N3)CN(C1)C4=CC=CC=C4,0
"Phenyl 2-pyridin-4-yl-2,9-diazaspiro[5.5]undecane-9-carboxylate",C1CC2(CCN(CC2)C(=O)OC3=CC=CC=C3)CN(C1)C4=CC=NC=C4,0
GW-7647,CC(C)(C(=O)O)SC1=CC=C(C=C1)CCN(CCCCC2CCCCC2)C(=O)NC3CCCCC3,0
"[9-(3-Phenylphenyl)-3,9-diazaspiro[5.5]undecan-3-yl]-pyridin-4-ylmethanone",C1CN(CCC12CCN(CC2)C(=O)C3=CC=NC=C3)C4=CC=CC(=C4)C5=CC=CC=C5,0
Trim,C1=CC=C(C(=C1)C(F)(F)F)N2C=CN=C2,0
Cgp-7930,CC(C)(C)C1=CC(=CC(=C1O)C(C)(C)C)CC(C)(C)CO,0
Hexestrol,CC[C@H](C1=CC=C(C=C1)O)[C@@H](CC)C2=CC=C(C=C2)O,0
Alpha-quinidine,C=CC1CN2CCC1CC2C(C3=CC=NC4=CC=CC=C34)O,0
"N-cyclopropyl-2-(3,5-dimethyl-1,2-oxazol-4-yl)pyrimidin-4-amine",CC1=C(C(=NO1)C)C2=NC=CC(=N2)NC3CC3,0
"6-(3,5-Difluorophenyl)-8-[2-(2-methoxyphenyl)ethyl]pteridin-7-one",COC1=CC=CC=C1CCN2C3=NC=NC=C3N=C(C2=O)C4=CC(=CC(=C4)F)F,0
SU6656,CN(C)S(=O)(=O)C1=CC\2=C(C=C1)NC(=O)/C2=C\C3=CC4=C(N3)CCCC4,0
2-Methoxy-8-[(3-methoxyphenyl)methyl]-6-phenylpteridin-7-one,COC1=CC=CC(=C1)CN2C3=NC(=NC=C3N=C(C2=O)C4=CC=CC=C4)OC,0
"methyl 2-[(1R,2S,12R,16S)-2-benzyl-8-ethyl-3-[2-(1H-indol-3-yl)ethylimino]-5,7,13,15-tetraoxo-4-oxa-6,14-diazatetracyclo[7.7.0.02,6.012,16]hexadec-8-en-14-yl]acetate",CCC1=C2CC[C@@H]3[C@H]([C@H]2[C@]4(C(=NCCC5=CNC6=CC=CC=C65)OC(=O)N4C1=O)CC7=CC=CC=C7)C(=O)N(C3=O)CC(=O)OC,0
2-[4-(dimethylamino)phenyl]-N-pyridin-4-ylquinazolin-4-amine,CN(C)C1=CC=C(C=C1)C2=NC3=CC=CC=C3C(=N2)NC4=CC=NC=C4,0
W-7 Hydrochloride,C1=CC2=C(C=CC=C2Cl)C(=C1)S(=O)(=O)NCCCCCCN.Cl,0
"2,2'-(Methylenedithio)bisbenzothiazole",C1=CC=C2C(=C1)N=C(S2)SCSC3=NC4=CC=CC=C4S3,0
"2,2-dimethylpropanoyloxymethyl 7-[[(2Z)-2-(2-amino-1,3-thiazol-4-yl)-2-methoxyiminoacetyl]amino]-3-[(Z)-2-(4-methyl-1,3-thiazol-5-yl)ethenyl]-8-oxo-5-thia-1-azabicyclo[4.2.0]oct-2-ene-2-carboxylate",CC1=C(SC=N1)/C=C\C2=C(N3C(C(C3=O)NC(=O)/C(=N\OC)/C4=CSC(=N4)N)SC2)C(=O)OCOC(=O)C(C)(C)C,0
4'-Hydroxy-6-methoxyflavone,COC1=CC2=C(C=C1)OC(=CC2=O)C3=CC=C(C=C3)O,0
"4-(6-imidazol-1-ylpyrimidin-4-yl)-N,N-dimethylaniline",CN(C)C1=CC=C(C=C1)C2=CC(=NC=N2)N3C=CN=C3,0
N-[2-[(2-pyridin-3-ylquinazolin-4-yl)amino]ethyl]acetamide,CC(=O)NCCNC1=NC(=NC2=CC=CC=C21)C3=CN=CC=C3,0
"2-(1,3-benzodioxol-5-yl)-N-pyridin-4-ylquinazolin-4-amine",C1OC2=C(O1)C=C(C=C2)C3=NC4=CC=CC=C4C(=N3)NC5=CC=NC=C5,0
8-(4-fluorophenyl)-2-methyl-9-propyl-N-(2-thiomorpholin-4-ylethyl)purin-6-amine,CCCN1C(=NC2=C(N=C(N=C21)C)NCCN3CCSCC3)C4=CC=C(C=C4)F,0
"(2R)-N-[(2S,3S)-4-[(3S,4aR,8aS)-3-(tert-butylcarbamoyl)-3,4,4a,5,6,7,8,8a-octahydro-1H-isoquinolin-2-yl]-3-hydroxy-1-phenylbutan-2-yl]-2-(quinoline-2-carbonylamino)butanediamide;methanesulfonic acid",CC(C)(C)NC(=O)[C@@H]1C[C@H]2CCCC[C@@H]2CN1C[C@@H]([C@H](CC3=CC=CC=C3)NC(=O)[C@@H](CC(=O)N)NC(=O)C4=NC5=CC=CC=C5C=C4)O.CS(=O)(=O)O,0
5-(2-methoxyphenyl)-N-phenylpyrimidin-4-amine,COC1=CC=CC=C1C2=CN=CN=C2NC3=CC=CC=C3,0
4-Imidazol-1-yl-2-pyridin-3-ylquinazoline,C1=CC=C2C(=C1)C(=NC(=N2)C3=CN=CC=C3)N4C=CN=C4,0
"methyl (2R)-2-ethyl-2,4,5,7,10-pentahydroxy-6,11-dioxo-3,4-dihydro-1H-tetracene-1-carboxylate",CC[C@]1(CC(C2=C(C3=C(C=C2C1C(=O)OC)C(=O)C4=C(C=CC(=C4C3=O)O)O)O)O)O,0
"[(2S,3S,6S)-3-(4-methoxyphenoxy)-6-phenyl-3,6-dihydro-2H-pyran-2-yl]methyl (4Z)-4-[(2R)-2-[(3aS,5R,6R,6aS)-6-hydroxy-2,2-dimethyl-3a,5,6,6a-tetrahydrofuro[2,3-d][1,3]dioxol-5-yl]-2-hydroxyethoxy]iminopentanoate",C/C(=N/OC[C@H]([C@@H]1[C@H]([C@H]2[C@@H](O1)OC(O2)(C)C)O)O)/CCC(=O)OC[C@H]3[C@H](C=C[C@H](O3)C4=CC=CC=C4)OC5=CC=C(C=C5)OC,0
"methyl (2R,3R,6R)-4-benzoyl-9-[[4-chloro-3-(trifluoromethyl)phenyl]methyl]-10-(dimethylcarbamoyl)-3-[(4-methoxyphenyl)methyl]-4,9-diazatricyclo[6.3.0.02,6]undeca-1(8),10-diene-3-carboxylate",CN(C)C(=O)C1=CC2=C(N1CC3=CC(=C(C=C3)Cl)C(F)(F)F)C[C@@H]4[C@H]2[C@](N(C4)C(=O)C5=CC=CC=C5)(CC6=CC=C(C=C6)OC)C(=O)OC,0
1-acetyl-2-methyl-N-(2-morpholin-4-ylethyl)-1-azaspiro[4.5]dec-3-ene-2-carboxamide,CC(=O)N1C(C=CC12CCCCC2)(C)C(=O)NCCN3CCOCC3,0
"6-(3,5-dimethyl-1,2-oxazol-4-yl)-N-[(2-methoxyphenyl)methyl]quinazolin-4-amine",CC1=C(C(=NO1)C)C2=CC3=C(C=C2)N=CN=C3NCC4=CC=CC=C4OC,0
"3,5-Dimethyl-4-[4-(4-methylpiperazin-1-yl)pyrimidin-5-yl]-1,2-oxazole",CC1=C(C(=NO1)C)C2=CN=CN=C2N3CCN(CC3)C,0
"(2S,3S,4Z)-4-[(2S)-1-(2,3-dimethyl-6,7,8,9-tetrahydropyrido[3,2-b]azepin-5-yl)propan-2-yl]oxyimino-6-methoxy-2-(3-methoxyphenyl)-2,3-dihydrochromen-3-ol",CC1=CC2=C(CCCCN2C[C@H](C)O/N=C/3\[C@@H]([C@@H](OC4=C3C=C(C=C4)OC)C5=CC(=CC=C5)OC)O)N=C1C,0
3-[6-(1-Methylindol-3-yl)-7-oxo-2-piperazin-1-ylpteridin-8-yl]propanenitrile,CN1C=C(C2=CC=CC=C21)C3=NC4=CN=C(N=C4N(C3=O)CCC#N)N5CCNCC5,0
"9-[3,5-bis(trifluoromethyl)benzoyl]-N-propan-2-yl-2,9-diazaspiro[5.5]undecane-2-carboxamide",CC(C)NC(=O)N1CCCC2(C1)CCN(CC2)C(=O)C3=CC(=CC(=C3)C(F)(F)F)C(F)(F)F,0
"(2S,3S,14S,13R)-3-[(4-methylphenyl)carbonyl]-17,19-dioxa-4-azapentacyclo[14.2. 1.0<2,14>.0<4,13>.0<5,10>]nonadeca-5(10),6,8,11-tetraen-15-one",CC1=CC=C(C=C1)C(=O)[C@@H]2[C@@H]3[C@@H]([C@@H]4N2C5=CC=CC=C5C=C4)C(=O)C6OCC3O6,0
(E)-N-diphenylphosphoryl-1-(4-phenylphenyl)-2-propylhex-2-en-1-amine,CCC/C=C(\CCC)/C(C1=CC=C(C=C1)C2=CC=CC=C2)NP(=O)(C3=CC=CC=C3)C4=CC=CC=C4,0
2-(3-Methoxyphenyl)-4-piperazin-1-ylquinazoline,COC1=CC=CC(=C1)C2=NC3=CC=CC=C3C(=N2)N4CCNCC4,0
3-(2-Piperidin-1-yl-phenylsulfamoyl)-thiophene-2-carboxylic acid,C1CCN(CC1)C2=CC=CC=C2NS(=O)(=O)C3=C(SC=C3)C(=O)O,0
"Benzyl 3-[6-[[2-(butylamino)-1-[3-methoxycarbonyl-4-(2-methoxy-2-oxoethoxy)phenyl]-2-oxoethyl]-(pyridin-2-ylmethyl)amino]-6-oxohexyl]-4-methyl-2-oxo-6-(4-phenylphenyl)-1,6-dihydropyrimidine-5-carboxylate",CCCCNC(=O)C(C1=CC(=C(C=C1)OCC(=O)OC)C(=O)OC)N(CC2=CC=CC=N2)C(=O)CCCCCN3C(=C(C(NC3=O)C4=CC=C(C=C4)C5=CC=CC=C5)C(=O)OCC6=CC=CC=C6)C,0
"N-(3-fluorophenyl)-9-(4-methoxybenzoyl)-2,9-diazaspiro[5.5]undecane-2-carboxamide",COC1=CC=C(C=C1)C(=O)N2CCC3(CCCN(C3)C(=O)NC4=CC(=CC=C4)F)CC2,0
2-(2-methylphenyl)-N-(pyridin-3-ylmethyl)pyrimidin-4-amine,CC1=CC=CC=C1C2=NC=CC(=N2)NCC3=CN=CC=C3,0
N-butyl-2-methyl-9-[3-(2-methylpiperidin-1-yl)propyl]-8-phenylpurin-6-amine,CCCCNC1=C2C(=NC(=N1)C)N(C(=N2)C3=CC=CC=C3)CCCN4CCCCC4C,0
"[2-(4-Phenylphenyl)-2,9-diazaspiro[5.5]undecan-9-yl]-pyrazin-2-ylmethanone",C1CC2(CCN(CC2)C(=O)C3=NC=CN=C3)CN(C1)C4=CC=C(C=C4)C5=CC=CC=C5,0
"2-(3,5-dimethyl-1,2-oxazol-4-yl)-N-phenylquinazolin-4-amine",CC1=C(C(=NO1)C)C2=NC3=CC=CC=C3C(=N2)NC4=CC=CC=C4,0
N-[2-(5-methoxy-1H-indol-3-yl)ethyl]-5-(3-methoxyphenyl)pyrimidin-4-amine,COC1=CC2=C(C=C1)NC=C2CCNC3=NC=NC=C3C4=CC(=CC=C4)OC,0
"[3-(2-tert-butyl-4-methoxyphenoxy)-6-phenyl-3,6-dihydro-2H-pyran-2-yl]methanol",CC(C)(C)C1=C(C=CC(=C1)OC)OC2C=CC(OC2CO)C3=CC=CC=C3,0
N-[3-(4-anilinopyrimidin-5-yl)phenyl]methanesulfonamide,CS(=O)(=O)NC1=CC=CC(=C1)C2=CN=CN=C2NC3=CC=CC=C3,0
2-(2-chlorophenyl)-N-pyridin-4-ylquinazolin-4-amine,C1=CC=C2C(=C1)C(=NC(=N2)C3=CC=CC=C3Cl)NC4=CC=NC=C4,0
Naringenin,C1[C@H](OC2=CC(=CC(=C2C1=O)O)O)C3=CC=C(C=C3)O,0
Tracazolate,CCCCNC1=C2C=NN(C2=NC(=C1C(=O)OCC)C)CC,0
"methyl (2R,3R,6R)-4-benzoyl-9-(cyclopropylmethyl)-10-(dimethylcarbamoyl)-3-[(4-fluorophenyl)methyl]-4,9-diazatricyclo[6.3.0.02,6]undeca-1(8),10-diene-3-carboxylate",CN(C)C(=O)C1=CC2=C(N1CC3CC3)C[C@@H]4[C@H]2[C@](N(C4)C(=O)C5=CC=CC=C5)(CC6=CC=C(C=C6)F)C(=O)OC,0
"6-(1,3-benzodioxol-5-yl)-N-[2-(5-methoxy-1H-indol-3-yl)ethyl]pyrimidin-4-amine",COC1=CC2=C(C=C1)NC=C2CCNC3=NC=NC(=C3)C4=CC5=C(C=C4)OCO5,0
(E)-but-2-enedioic acid;2-[2-[(1S)-1-(4-chlorophenyl)-1-phenylethoxy]ethyl]-1-methylpyrrolidine,C[C@](C1=CC=CC=C1)(C2=CC=C(C=C2)Cl)OCCC3CCCN3C.C(=C/C(=O)O)\C(=O)O,0
"2-(1,3-benzodioxol-5-yl)-N,N-dimethylquinazolin-4-amine",CN(C)C1=NC(=NC2=CC=CC=C21)C3=CC4=C(C=C3)OCO4,0
"[(5S)-2-benzyl-2,7-diazaspiro[4.5]decan-7-yl]-[3,5-bis(trifluoromethyl)phenyl]methanone",C1C[C@@]2(CCN(C2)CC3=CC=CC=C3)CN(C1)C(=O)C4=CC(=CC(=C4)C(F)(F)F)C(F)(F)F,0
"[3-(4-fluoro-2-methylphenoxy)-6-prop-2-enyl-3,6-dihydro-2H-pyran-2-yl]methanol",CC1=C(C=CC(=C1)F)OC2C=CC(OC2CO)CC=C,0
4-Phenyl-3-furoxancarbonitrile,C1=CC=C(C=C1)C2=NO[N+](=C2C#N)[O-],0
"4-[[(5S)-7-(furan-2-carbonyl)-2,7-diazaspiro[4.5]decan-2-yl]methyl]benzonitrile",C1C[C@@]2(CCN(C2)CC3=CC=C(C=C3)C#N)CN(C1)C(=O)C4=CC=CO4,0
2-(furan-3-yl)-N-(furan-2-ylmethyl)-N-methylquinazolin-4-amine,CN(CC1=CC=CO1)C2=NC(=NC3=CC=CC=C32)C4=COC=C4,0
"(3aS,5aR,6Z,8R,9S,9aS,9bS)-8,9-dihydroxy-6-pent-4-ynoxyimino-2-(3-phenoxyphenyl)-4,5,5a,7,8,9,9a,9b-octahydro-3aH-benzo[e]isoindole-1,3-dione",C#CCCCO/N=C\1/C[C@H]([C@H]([C@H]2[C@H]1CC[C@H]3[C@H]2C(=O)N(C3=O)C4=CC(=CC=C4)OC5=CC=CC=C5)O)O,0
Prilosec,CC1=CN=C(C(=C1OC)C)CS(=O)C2=NC3=C(N2)C=C(C=C3)OC,0
Sanguinarine sulfate,C[N+]1=C2C(=C3C=CC4=C(C3=C1)OCO4)C=CC5=CC6=C(C=C52)OCO6.OS(=O)(=O)[O-],0
"[2-(3-Phenylphenyl)-2,9-diazaspiro[5.5]undecan-9-yl]-pyridin-4-ylmethanone",C1CC2(CCN(CC2)C(=O)C3=CC=NC=C3)CN(C1)C4=CC=CC(=C4)C5=CC=CC=C5,0
"(1,2,9,10-tetramethoxy-6-methyl-5,6,6a,7-tetrahydro-4H-dibenzo[de,g]quinolin-3-yl)methanol",CN1CCC2=C(C(=C(C3=C2C1CC4=CC(=C(C=C43)OC)OC)OC)OC)CO,0
2-(3-Methoxyanilino)-6-methyl-8-(2-phenylethyl)pteridin-7-one,CC1=NC2=CN=C(N=C2N(C1=O)CCC3=CC=CC=C3)NC4=CC(=CC=C4)OC,0
SB 218795,COC(=O)[C@@H](C1=CC=CC=C1)NC(=O)C2=CC(=NC3=CC=CC=C32)C4=CC=CC=C4,0
N-[2-[[5-[2-(trifluoromethyl)phenyl]pyrimidin-4-yl]amino]ethyl]acetamide,CC(=O)NCCNC1=NC=NC=C1C2=CC=CC=C2C(F)(F)F,0
"[3-[3-(dimethylamino)phenoxy]-6-(2-phenylethynyl)-3,6-dihydro-2H-pyran-2-yl]methyl ethyl carbonate",CCOC(=O)OCC1C(C=CC(O1)C#CC2=CC=CC=C2)OC3=CC=CC(=C3)N(C)C,0
5-Methylurapidil,CC1=C(N(C(=O)N(C1=O)C)C)NCCCN2CCN(CC2)C3=CC=CC=C3OC,0
Mrs2578,C1=CC(=CC(=C1)N=C=S)NC(=S)NCCCCNC(=S)NC2=CC(=CC=C2)N=C=S,0
"(1R,2S,12R,16S)-2-benzyl-3-(cyclopropylmethylimino)-8,14-diethyl-4-oxa-6,14-diazatetracyclo[7.7.0.02,6.012,16]hexadec-8-ene-5,7,13,15-tetrone",CCC1=C2CC[C@@H]3[C@H]([C@H]2[C@]4(C(=NCC5CC5)OC(=O)N4C1=O)CC6=CC=CC=C6)C(=O)N(C3=O)CC,0
"trans-(1R,2R)-N-[(1,5-dimethylpyrazol-3-yl)methyl]-2-[(R)-(diphenylphosphorylamino)-phenylmethyl]cyclopropane-1-carboxamide",CC1=CC(=NN1C)CNC(=O)[C@@H]2C[C@H]2[C@H](C3=CC=CC=C3)NP(=O)(C4=CC=CC=C4)C5=CC=CC=C5,0
2-(furan-3-yl)-N-[(2-methoxyphenyl)methyl]quinazolin-4-amine,COC1=CC=CC=C1CNC2=NC(=NC3=CC=CC=C32)C4=COC=C4,0
"dimethyl (2R,3S,4R)-5-oxo-2,3-diphenyl-3,4-dihydro-1-benzoxepine-2,4-dicarboxylate",COC(=O)[C@@H]1[C@H]([C@@](OC2=CC=CC=C2C1=O)(C3=CC=CC=C3)C(=O)OC)C4=CC=CC=C4,0
N-[3-[6-[(2-methoxyphenyl)methylamino]pyrimidin-4-yl]phenyl]methanesulfonamide,COC1=CC=CC=C1CNC2=NC=NC(=C2)C3=CC(=CC=C3)NS(=O)(=O)C,0
Quercetin,C1=CC(=C(C=C1C2=C(C(=O)C3=C(C=C(C=C3O2)O)O)O)O)O,0
2-(4-Methoxyphenoxy)-8-phenyl-6-thiophen-2-ylpteridin-7-one,COC1=CC=C(C=C1)OC2=NC=C3C(=N2)N(C(=O)C(=N3)C4=CC=CS4)C5=CC=CC=C5,0
5-(2-methoxyphenyl)-N-(thiophen-2-ylmethyl)pyrimidin-4-amine,COC1=CC=CC=C1C2=CN=CN=C2NCC3=CC=CS3,0
"methyl 4-[(R)-(diphenylphosphorylamino)-[(1R,2R)-1,2-dipropylcyclopropyl]methyl]benzoate",CCC[C@@H]1C[C@@]1(CCC)[C@H](C2=CC=C(C=C2)C(=O)OC)NP(=O)(C3=CC=CC=C3)C4=CC=CC=C4,0
"N-[(S)-[(1S,2R)-1-methyl-2-[(2R)-1-(naphthalen-2-ylamino)-1-oxopropan-2-yl]cyclopropyl]-phenylmethyl]pyridine-3-carboxamide",C[C@H]([C@H]1C[C@]1(C)[C@@H](C2=CC=CC=C2)NC(=O)C3=CN=CC=C3)C(=O)NC4=CC5=CC=CC=C5C=C4,0
"N-[(1R)-1,2-diphenylethyl]pyridin-3-amine",C1=CC=C(C=C1)C[C@H](C2=CC=CC=C2)NC3=CN=CC=C3,0
Kaempferol,C1=CC(=CC=C1C2=C(C(=O)C3=C(C=C(C=C3O2)O)O)O)O,0
5-[4-(dimethylamino)phenyl]-N-[(2-methoxyphenyl)methyl]pyrimidin-4-amine,CN(C)C1=CC=C(C=C1)C2=CN=CN=C2NCC3=CC=CC=C3OC,0
2-(3-methoxyanilino)-8-[[(2R)-oxolan-2-yl]methyl]-6-(2-phenylethyl)pteridin-7-one,COC1=CC=CC(=C1)NC2=NC=C3C(=N2)N(C(=O)C(=N3)CCC4=CC=CC=C4)C[C@H]5CCCO5,0
ZM 336372,CC1=C(C=C(C=C1)NC(=O)C2=CC(=CC=C2)N(C)C)NC(=O)C3=CC=C(C=C3)O,0
Lopac-T-5515,C1=CC(=C[N+](=C1)[C@H]2[C@@H]([C@@H]([C@@H](O2)COP(=O)([O-])OP(=O)(O)OC[C@H]3[C@@H]([C@@H]([C@@H](O3)N4C=NC5=C(N=CN=C54)N)OP(=O)(O)[O-])O)O)O)C(=S)N.[Na+],0
Flupirtine,CCOC(=O)NC1=C(N=C(C=C1)NCC2=CC=C(C=C2)F)N,0
6-(2-chlorophenyl)-N-[2-(5-methoxy-1H-indol-3-yl)ethyl]pyrimidin-4-amine,COC1=CC2=C(C=C1)NC=C2CCNC3=NC=NC(=C3)C4=CC=CC=C4Cl,0
"1,5-Diaminonaphthalene",C1=CC2=C(C=CC=C2N)C(=C1)N,0
5-[4-(dimethylamino)phenyl]-N-phenylpyrimidin-4-amine,CN(C)C1=CC=C(C=C1)C2=CN=CN=C2NC3=CC=CC=C3,0
"(2S)-2-(3,5-dichloro-2-hydroxyphenyl)-3-(2-pyridin-2-ylethyl)-1,2-dihydroquinazolin-4-one",C1=CC=C2C(=C1)C(=O)N([C@H](N2)C3=C(C(=CC(=C3)Cl)Cl)O)CCC4=CC=CC=N4,0
"methyl (2R,3R,6R)-4-benzoyl-9-[[4-chloro-3-(trifluoromethyl)phenyl]methyl]-10-(dimethylcarbamoyl)-3-[(4-fluorophenyl)methyl]-4,9-diazatricyclo[6.3.0.02,6]undeca-1(8),10-diene-3-carboxylate",CN(C)C(=O)C1=CC2=C(N1CC3=CC(=C(C=C3)Cl)C(F)(F)F)C[C@@H]4[C@H]2[C@](N(C4)C(=O)C5=CC=CC=C5)(CC6=CC=C(C=C6)F)C(=O)OC,0
"Phenyl 2-[(3-fluorophenyl)carbamoyl]-2,9-diazaspiro[5.5]undecane-9-carboxylate",C1CC2(CCN(CC2)C(=O)OC3=CC=CC=C3)CN(C1)C(=O)NC4=CC(=CC=C4)F,0
"4-(4-Imidazol-1-ylpyrimidin-2-yl)-3,5-dimethyl-1,2-oxazole",CC1=C(C(=NO1)C)C2=NC=CC(=N2)N3C=CN=C3,0
N-[3-[4-[(2-methoxyphenyl)methylamino]pyrimidin-2-yl]phenyl]methanesulfonamide,COC1=CC=CC=C1CNC2=NC(=NC=C2)C3=CC(=CC=C3)NS(=O)(=O)C,0
N-(2-morpholin-4-ylethyl)-6-pyridin-3-ylquinazolin-4-amine,C1COCCN1CCNC2=NC=NC3=C2C=C(C=C3)C4=CN=CC=C4,0
2-methyl-3-phenyl-N-(pyridin-4-ylmethyl)propanamide,CC(CC1=CC=CC=C1)C(=O)NCC2=CC=NC=C2,0
"(3,5-dimethyl-1,2-oxazol-4-yl)-[(5S)-2-pyridin-2-yl-2,7-diazaspiro[4.5]decan-7-yl]methanone",CC1=C(C(=NO1)C)C(=O)N2CCC[C@]3(C2)CCN(C3)C4=CC=CC=N4,0
"N-(3-fluorophenyl)-9-(furan-2-carbonyl)-2,9-diazaspiro[5.5]undecane-2-carboxamide",C1CC2(CCN(CC2)C(=O)C3=CC=CO3)CN(C1)C(=O)NC4=CC(=CC=C4)F,0
"(1R,2R,4R,6R,8R,9R,11R,12S,13S)-11-hydroxy-8-(2-hydroxyacetyl)-9,13-dimethyl-6-propyl-5,7-dioxapentacyclo[10.8.0.02,9.04,8.013,18]icosa-14,17-dien-16-one",CCC[C@@H]1O[C@@H]2C[C@@H]3[C@H]4CCC5=CC(=O)C=C[C@]5([C@H]4[C@@H](C[C@]3([C@]2(O1)C(=O)CO)C)O)C,0
"methyl (Z,5R,6S)-6-(2,5-dimethoxy-3-nitrophenyl)-6-ethoxy-5-methylhex-3-enoate",CCO[C@H](C1=C(C(=CC(=C1)OC)[N+](=O)[O-])OC)[C@H](C)/C=C\CC(=O)OC,0
8-(4-((triphenylphosphoranyl)methyl)phenyl)-7H-purin-6-ylamine,C1=CC=C(C=C1)[P+](CC2=CC=C(C=C2)C3=NC4=NC=NC(=C4N3)N)(C5=CC=CC=C5)C6=CC=CC=C6,0
N-(thiophen-2-ylmethyl)-6-[2-(trifluoromethyl)phenyl]quinazolin-4-amine,C1=CC=C(C(=C1)C2=CC3=C(C=C2)N=CN=C3NCC4=CC=CS4)C(F)(F)F,0
Khellin,CC1=CC(=O)C2=C(C3=C(C(=C2O1)OC)OC=C3)OC,0
"2-(1,3-benzodioxol-5-yl)-N-(pyridin-3-ylmethyl)quinazolin-4-amine",C1OC2=C(O1)C=C(C=C2)C3=NC4=CC=CC=C4C(=N3)NCC5=CN=CC=C5,0
"(5R)-N-phenyl-9-(thiadiazole-4-carbonyl)-2,9-diazaspiro[4.5]decane-2-carboxamide",C1C[C@@]2(CCN(C2)C(=O)NC3=CC=CC=C3)CN(C1)C(=O)C4=CSN=N4,0
GW-0742,CC1=C(C=CC(=C1)SCC2=C(N=C(S2)C3=CC(=C(C=C3)C(F)(F)F)F)C)OCC(=O)O,0
3-[2-Methoxy-6-(4-methoxyphenyl)-7-oxopteridin-8-yl]propanenitrile,COC1=CC=C(C=C1)C2=NC3=CN=C(N=C3N(C2=O)CCC#N)OC,0
"Methyl 4-benzoyl-9-[(3,5-difluorophenyl)methyl]-3,7-dimethyl-10-propyl-4,9-diazatricyclo[6.3.0.02,6]undeca-1(8),10-diene-3-carboxylate",CCCC1=CC2=C(N1CC3=CC(=CC(=C3)F)F)C(C4C2C(N(C4)C(=O)C5=CC=CC=C5)(C)C(=O)OC)C,0
methyl 4-[(E)-1-[(4-methoxycarbonylbenzoyl)amino]-2-propylhex-2-enyl]benzoate,CCC/C=C(\CCC)/C(C1=CC=C(C=C1)C(=O)OC)NC(=O)C2=CC=C(C=C2)C(=O)OC,0
"(3aS,5aR,6Z,8R,9S,9aS,9bS)-2-(1,3-benzodioxol-5-ylmethyl)-6-[(2S)-3-(furan-2-ylmethoxy)-2-hydroxypropoxy]imino-8,9-dihydroxy-4,5,5a,7,8,9,9a,9b-octahydro-3aH-benzo[e]isoindole-1,3-dione",C1C[C@H]2[C@H]([C@@H]3[C@@H]1/C(=N\OC[C@H](COCC4=CC=CO4)O)/C[C@H]([C@H]3O)O)C(=O)N(C2=O)CC5=CC6=C(C=C5)OCO6,0
"2-(1,3-benzodioxol-5-yl)-N-[(2-methoxyphenyl)methyl]quinazolin-4-amine",COC1=CC=CC=C1CNC2=NC(=NC3=CC=CC=C32)C4=CC5=C(C=C4)OCO5,0
"2-(2,4-Dihydroxyphenyl)chromen-4-one",C1=CC=C2C(=C1)C(=O)C=C(O2)C3=C(C=C(C=C3)O)O,0
[3-(trifluoromethyl)phenyl] N-[(E)-1-phenylhept-2-enyl]carbamate,CCCC/C=C/C(C1=CC=CC=C1)NC(=O)OC2=CC=CC(=C2)C(F)(F)F,0
(7-methoxy-9H-fluoren-2-yl)-[(7-methoxy-9H-fluoren-2-yl)imino]-oxidoazanium,COC1=CC2=C(C=C1)C3=C(C2)C=C(C=C3)N=[N+](C4=CC5=C(C=C4)C6=C(C5)C=C(C=C6)OC)[O-],0
"methyl (Z,5R,6S,7Z)-7-[[(2R,3R,6R)-2-(hydroxymethyl)-6-prop-2-enyl-3,6-dihydro-2H-pyran-3-yl]oxyimino]-5-methyl-6-[(4-methylphenyl)sulfonylamino]hept-3-enoate",CC1=CC=C(C=C1)S(=O)(=O)N[C@H](/C=N\O[C@@H]2C=C[C@H](O[C@@H]2CO)CC=C)[C@H](C)/C=C\CC(=O)OC,0
8-Cyclopropyl-2-(dimethylamino)-6-thiophen-2-ylpteridin-7-one,CN(C)C1=NC=C2C(=N1)N(C(=O)C(=N2)C3=CC=CS3)C4CC4,0
3-[4-[Furan-2-ylmethyl(methyl)amino]pyrimidin-2-yl]benzonitrile,CN(CC1=CC=CO1)C2=NC(=NC=C2)C3=CC=CC(=C3)C#N,0
N-[2-(5-methoxy-1H-indol-3-yl)ethyl]-5-(2-methoxyphenyl)pyrimidin-4-amine,COC1=CC2=C(C=C1)NC=C2CCNC3=NC=NC=C3C4=CC=CC=C4OC,0
"methyl 4-[(2S,5R)-2,6-diphenyl-3-(pyridin-3-ylmethyl)-3-azatricyclo[5.1.1.01,5]nonan-7-yl]benzoate",COC(=O)C1=CC=C(C=C1)C23CC4(C2)[C@@H](C3C5=CC=CC=C5)CN([C@@H]4C6=CC=CC=C6)CC7=CN=CC=C7,0
"methyl 3-[(2S,5R)-6-(6-chloro-3-pyridinyl)-3-(cyclohexylmethyl)-2-phenyl-3-azatricyclo[5.1.1.01,5]nonan-7-yl]benzoate",COC(=O)C1=CC(=CC=C1)C23CC4(C2)[C@@H](C3C5=CN=C(C=C5)Cl)CN([C@@H]4C6=CC=CC=C6)CC7CCCCC7,0
"2-[2-[(dimethylamino)methyl]phenyl]-N,N-dimethylpyrimidin-4-amine",CN(C)CC1=CC=CC=C1C2=NC=CC(=N2)N(C)C,0
6-(4-Chlorophenyl)-8-(2-methoxyethyl)-2-(4-methoxyphenoxy)pteridin-7-one,COCCN1C2=NC(=NC=C2N=C(C1=O)C3=CC=C(C=C3)Cl)OC4=CC=C(C=C4)OC,0
"(3R,6S,13S,14R)-3-benzyl-14-methoxy-6,13-dimethyl-1,8-dioxa-4-azacyclopentadecane-2,5,9-trione",C[C@H]1CCCC(=O)OC[C@@H](C(=O)N[C@@H](C(=O)OC[C@@H]1OC)CC2=CC=CC=C2)C,0
Nbbcc,CCCCOC(=O)C1=NC=C2C(=C1)C3=CC=CC=C3N2,0
"(3-fluorophenyl)-[(5S)-2-(1,3-thiazol-2-ylmethyl)-2,7-diazaspiro[4.5]decan-7-yl]methanone",C1C[C@@]2(CCN(C2)CC3=NC=CS3)CN(C1)C(=O)C4=CC(=CC=C4)F,0
"methyl 4-[(E,4R)-2,4-dimethyl-5-(4-methylpiperazin-1-yl)-5-oxo-1-(phenylmethoxycarbonylamino)pent-2-enyl]benzoate",C[C@H](/C=C(\C)/C(C1=CC=C(C=C1)C(=O)OC)NC(=O)OCC2=CC=CC=C2)C(=O)N3CCN(CC3)C,0
"9-Benzyl-6,6-dimethyl-4-phenyl-11-(2-phenylethyl)-1,11-diazatricyclo[7.3.0.03,7]dodeca-3,7-diene-5,10,12-trione",CC1(C2=CC3(C(=O)N(C(=O)N3CC2=C(C1=O)C4=CC=CC=C4)CCC5=CC=CC=C5)CC6=CC=CC=C6)C,0
N-(furan-2-ylmethyl)-N-methyl-6-[2-(trifluoromethyl)phenyl]quinazolin-4-amine,CN(CC1=CC=CO1)C2=NC=NC3=C2C=C(C=C3)C4=CC=CC=C4C(F)(F)F,0
"(4-methoxyphenyl)methyl N-[(Z)-[(3aS,5aR,8R,9S,9aS,9bS)-2-(1,3-benzodioxol-5-ylmethyl)-8,9-dihydroxy-1,3-dioxo-4,5,5a,7,8,9,9a,9b-octahydro-3aH-benzo[e]isoindol-6-ylidene]amino]carbamate",COC1=CC=C(C=C1)COC(=O)N/N=C\2/C[C@H]([C@H]([C@H]3[C@H]2CC[C@H]4[C@H]3C(=O)N(C4=O)CC5=CC6=C(C=C5)OCO6)O)O,0
"P,P'-dde",C1=CC(=CC=C1C(=C(Cl)Cl)C2=CC=C(C=C2)Cl)Cl,0
"2-(1,3-benzodioxol-5-yl)-N-[(2,4-dimethoxyphenyl)methyl]pyrimidin-4-amine",COC1=CC(=C(C=C1)CNC2=NC(=NC=C2)C3=CC4=C(C=C3)OCO4)OC,0
"5-(3,5-dimethyl-1,2-oxazol-4-yl)-N-[(5-methylpyrazin-2-yl)methyl]pyrimidin-4-amine",CC1=CN=C(C=N1)CNC2=NC=NC=C2C3=C(ON=C3C)C,0
"9-(benzenesulfonyl)-N-(3-fluorophenyl)-2,9-diazaspiro[5.5]undecane-2-carboxamide",C1CC2(CCN(CC2)S(=O)(=O)C3=CC=CC=C3)CN(C1)C(=O)NC4=CC(=CC=C4)F,0
"1,4-Dimethyoxy-9(10H)-acridinone",COC1=C2C(=C(C=C1)OC)NC3=CC=CC=C3C2=S,0
"(4-methoxyphenyl)-[(5S)-2-(pyridin-4-ylmethyl)-2,7-diazaspiro[4.5]decan-7-yl]methanone",COC1=CC=C(C=C1)C(=O)N2CCC[C@]3(C2)CCN(C3)CC4=CC=NC=C4,0
Prop-2-enyl 2-[(methoxycarbonylamino)-thiophen-2-ylmethyl]-3-oxobutanoate,CC(=O)C(C(C1=CC=CS1)NC(=O)OC)C(=O)OCC=C,0
(+/-)-trans-U-50488 methanesulfonate salt,CN([C@@H]1CCCC[C@H]1N2CCCC2)C(=O)CC3=CC(=C(C=C3)Cl)Cl.CS(=O)(=O)O,0
"(9-acetyloxy-8,8-dimethyl-2-oxo-9,10-dihydropyrano[2,3-f]chromen-10-yl) (E)-2-methylbut-2-enoate",C/C=C(\C)/C(=O)OC1C(C(OC2=C1C3=C(C=C2)C=CC(=O)O3)(C)C)OC(=O)C,0
"[(2S,3S,6S)-3-(4-methylphenoxy)-6-(2-phenylethynyl)-3,6-dihydro-2H-pyran-2-yl]methyl (4Z)-4-methoxyiminopentanoate",CC1=CC=C(C=C1)O[C@H]2C=C[C@H](O[C@H]2COC(=O)CC/C(=N\OC)/C)C#CC3=CC=CC=C3,0
"(2S)-2-amino-N-[(2S,3R,4S,5R)-5-[6-(dimethylamino)purin-9-yl]-4-hydroxy-2-(hydroxymethyl)oxolan-3-yl]-3-(4-methoxyphenyl)propanamide",CN(C)C1=NC=NC2=C1N=CN2[C@H]3[C@H]([C@H]([C@H](O3)CO)NC(=O)[C@H](CC4=CC=C(C=C4)OC)N)O,0
"methyl 2-[(1S,7R,11S,16S,18S)-14,18-diacetyloxy-6-(furan-3-yl)-16-hydroxy-7,11,13,13-tetramethyl-4-oxo-5,17-dioxapentacyclo[13.2.1.01,10.02,7.011,16]octadec-2-en-12-yl]acetate",CC(=O)O[C@H]1C2C(C(C([C@@]3([C@]2(O[C@]14C3CC[C@@]5(C4=CC(=O)OC5C6=COC=C6)C)O)C)CC(=O)OC)(C)C)OC(=O)C,0
"(2R)-2-[(1R,2S)-2-methyl-2-[(S)-(naphthalen-2-ylsulfonylamino)-phenylmethyl]cyclopropyl]-N-naphthalen-2-ylpropanamide",C[C@H]([C@H]1C[C@]1(C)[C@@H](C2=CC=CC=C2)NS(=O)(=O)C3=CC4=CC=CC=C4C=C3)C(=O)NC5=CC6=CC=CC=C6C=C5,0
"methyl 2-[(1R,5R)-6-(furan-3-yl)-1,5,15,15-tetramethyl-8,14,17-trioxo-7-oxatetracyclo[11.3.1.02,11.05,10]heptadec-10-en-16-yl]acetate",C[C@@]12CCC3C(=C1CC(=O)OC2C4=COC=C4)CC5C(=O)[C@]3(C(C(C5=O)(C)C)CC(=O)OC)C,0
PD-169316,C1=CC(=CC=C1C2=NC(=C(N2)C3=CC=NC=C3)C4=CC=C(C=C4)F)[N+](=O)[O-],0
Pentaerythritol triacrylate,C=CC(=O)OCC(CO)(COC(=O)C=C)COC(=O)C=C,0
"(2R)-2-[(1R,2S)-2-[(S)-(diphenylphosphorylamino)-phenylmethyl]-2-methylcyclopropyl]-N-naphthalen-2-ylpropanamide",C[C@H]([C@H]1C[C@]1(C)[C@@H](C2=CC=CC=C2)NP(=O)(C3=CC=CC=C3)C4=CC=CC=C4)C(=O)NC5=CC6=CC=CC=C6C=C5,0
"(2R,5R)-1-benzoyl-5-benzyl-N-[2-(1H-indol-3-yl)ethyl]-2-methyl-2H-pyrrole-5-carboxamide",C[C@@H]1C=C[C@](N1C(=O)C2=CC=CC=C2)(CC3=CC=CC=C3)C(=O)NCCC4=CNC5=CC=CC=C54,0
2-(2-chlorophenyl)-N-(thiophen-2-ylmethyl)quinazolin-4-amine,C1=CC=C2C(=C1)C(=NC(=N2)C3=CC=CC=C3Cl)NCC4=CC=CS4,0
N-[2-[[2-(3-cyanophenyl)quinazolin-4-yl]amino]ethyl]acetamide,CC(=O)NCCNC1=NC(=NC2=CC=CC=C21)C3=CC=CC(=C3)C#N,0
"6-[(1R)-1-(4-methoxyphenyl)ethyl]-1,3-benzodioxol-5-ol",C[C@H](C1=CC=C(C=C1)OC)C2=CC3=C(C=C2O)OCO3,0
"methyl 4-[(E,4R)-5-[[(2R)-1-hydroxypropan-2-yl]amino]-4-methyl-5-oxo-1-(phenylmethoxycarbonylamino)pent-2-enyl]benzoate",C[C@H](CO)NC(=O)[C@H](C)/C=C/C(C1=CC=C(C=C1)C(=O)OC)NC(=O)OCC2=CC=CC=C2,0
"[(2S,3S,6S)-3-(4-methylphenoxy)-6-(2-phenylethynyl)-3,6-dihydro-2H-pyran-2-yl]methyl (4Z)-4-[(2S)-1-(6,7-dimethyl-3,4-dihydro-2H-1,5-naphthyridin-1-yl)propan-2-yl]oxyiminopentanoate",CC1=CC=C(C=C1)O[C@H]2C=C[C@H](O[C@H]2COC(=O)CC/C(=N\O[C@@H](C)CN3CCCC4=C3C=C(C(=N4)C)C)/C)C#CC5=CC=CC=C5,0
Tocris-1512,CC#CCOC(=O)C1=C(N=C2C(=C1N)C3=C(S2)C[C@@H](CC3)O)C,0
"methyl (2R,3R,6R)-4-benzoyl-9-[2-(6-fluoro-1H-indol-3-yl)ethyl]-3-[(4-methoxyphenyl)methyl]-10-(pyrrolidine-1-carbonyl)-4,9-diazatricyclo[6.3.0.02,6]undeca-1(8),10-diene-3-carboxylate",COC1=CC=C(C=C1)C[C@@]2([C@@H]3[C@@H](CC4=C3C=C(N4CCC5=CNC6=C5C=CC(=C6)F)C(=O)N7CCCC7)CN2C(=O)C8=CC=CC=C8)C(=O)OC,0
"[(2S,3S,6S)-3-(4-methoxyphenoxy)-6-phenyl-3,6-dihydro-2H-pyran-2-yl]methyl (4E)-4-[2-[(2S,3S,6R)-3-acetyloxy-2-(acetyloxymethyl)-3,6-dihydro-2H-pyran-6-yl]ethoxyimino]pentanoate",C/C(=N\OCC[C@@H]1C=C[C@@H]([C@@H](O1)COC(=O)C)OC(=O)C)/CCC(=O)OC[C@H]2[C@H](C=C[C@H](O2)C3=CC=CC=C3)OC4=CC=C(C=C4)OC,0
"benzyl N-[(S)-[(1S,2R)-1-methyl-2-[(2R)-1-(naphthalen-2-ylamino)-1-oxopropan-2-yl]cyclopropyl]-phenylmethyl]carbamate",C[C@H]([C@H]1C[C@]1(C)[C@@H](C2=CC=CC=C2)NC(=O)OCC3=CC=CC=C3)C(=O)NC4=CC5=CC=CC=C5C=C4,0
"12-[(2,4-dimethoxyphenyl)carbonyl]-6a,6b,10,11,11a,12-hexahydro-8,11-epoxyoxepino[4',5':3,4]pyrrolo[1,2-a]quinolin-7(8H)-one",COC1=CC(=C(C=C1)C(=O)C2C3C4COC(O4)C(=O)C3C5N2C6=CC=CC=C6C=C5)OC,0
"methyl (2R,3R,6R)-4-benzoyl-9-[(6-fluoro-4H-1,3-benzodioxin-8-yl)methyl]-3-[(4-fluorophenyl)methyl]-10-(pyrrolidine-1-carbonyl)-4,9-diazatricyclo[6.3.0.02,6]undeca-1(8),10-diene-3-carboxylate",COC(=O)[C@]1([C@@H]2[C@@H](CC3=C2C=C(N3CC4=CC(=CC5=C4OCOC5)F)C(=O)N6CCCC6)CN1C(=O)C7=CC=CC=C7)CC8=CC=C(C=C8)F,0
"methyl (2R,3R,6R)-4-benzoyl-3-[(4-methoxyphenyl)methyl]-9-(2-morpholin-4-ylethyl)-10-(pyrrolidine-1-carbonyl)-4,9-diazatricyclo[6.3.0.02,6]undeca-1(8),10-diene-3-carboxylate",COC1=CC=C(C=C1)C[C@@]2([C@@H]3[C@@H](CC4=C3C=C(N4CCN5CCOCC5)C(=O)N6CCCC6)CN2C(=O)C7=CC=CC=C7)C(=O)OC,0
Azelastine Hydrochloride,CN1CCCC(CC1)N2C(=O)C3=CC=CC=C3C(=N2)CC4=CC=C(C=C4)Cl.Cl,0
"[3-(1,3-benzodioxol-5-yloxy)-6-[(Z)-2-phenylethenyl]-3,6-dihydro-2H-pyran-2-yl]methanol",C1OC2=C(O1)C=C(C=C2)OC3C=CC(OC3CO)/C=C\C4=CC=CC=C4,0
4-fluoro-N-[2-[4-(7-methoxynaphthalen-1-yl)piperazin-1-yl]ethyl]benzamide,COC1=CC2=C(C=CC=C2N3CCN(CC3)CCNC(=O)C4=CC=C(C=C4)F)C=C1,0
1-Isopropyl-4-(3-(1-piperidinylsulfonyl)-4-pyridinyl)piperazine,CC(C)N1CCN(CC1)C2=C(C=NC=C2)S(=O)(=O)N3CCCCC3,0
"N-[[(1R,2R)-2-butylcyclopropyl]-(4-phenylphenyl)methyl]quinoline-8-sulfonamide",CCCC[C@@H]1C[C@H]1C(C2=CC=C(C=C2)C3=CC=CC=C3)NS(=O)(=O)C4=CC=CC5=C4N=CC=C5,0
Phenelzine,C1=CC=C(C=C1)CCNN,0
Melphalan,C1=CC(=CC=C1C[C@@H](C(=O)O)N)N(CCCl)CCCl,0
2-Methoxy-5 (6)epoxy-tetrahydrocaryophyllene,CC1(CC2C1CCC3(C(O3)CCC2(C)OC)C)C,0
"1,3,4,7,8,9,10,10-Octachlorotricyclo[5.2.1.02,6]decane",C1C2C(C(C1Cl)Cl)C3(C(C(C2(C3(Cl)Cl)Cl)Cl)Cl)Cl,0
"methyl (2R,3R,6R)-4-benzoyl-10-(dimethylcarbamoyl)-3-[(4-fluorophenyl)methyl]-9-[[6-(trifluoromethyl)-3-pyridinyl]methyl]-4,9-diazatricyclo[6.3.0.02,6]undeca-1(8),10-diene-3-carboxylate",CN(C)C(=O)C1=CC2=C(N1CC3=CN=C(C=C3)C(F)(F)F)C[C@@H]4[C@H]2[C@](N(C4)C(=O)C5=CC=CC=C5)(CC6=CC=C(C=C6)F)C(=O)OC,0
8-[(2-Chlorophenyl)methyl]-6-(2-phenylethyl)pteridin-7-one,C1=CC=C(C=C1)CCC2=NC3=CN=CN=C3N(C2=O)CC4=CC=CC=C4Cl,0
5-[4-(dimethylamino)phenyl]-N-(pyridin-3-ylmethyl)pyrimidin-4-amine,CN(C)C1=CC=C(C=C1)C2=CN=CN=C2NCC3=CN=CC=C3,0
"6-(1,3-benzodioxol-5-yl)-N-(furan-2-ylmethyl)-N-methylpyrimidin-4-amine",CN(CC1=CC=CO1)C2=NC=NC(=C2)C3=CC4=C(C=C3)OCO4,0
"[3-acetyloxy-6-(1,3-benzodioxol-5-yl)-3,6-dihydro-2H-pyran-2-yl]methyl acetate",CC(=O)OCC1C(C=CC(O1)C2=CC3=C(C=C2)OCO3)OC(=O)C,0
N-[2-(5-methoxy-1H-indol-3-yl)ethyl]-2-(3-methoxyphenyl)quinazolin-4-amine,COC1=CC2=C(C=C1)NC=C2CCNC3=NC(=NC4=CC=CC=C43)C5=CC(=CC=C5)OC,0
N-[2-[[6-[2-(trifluoromethyl)phenyl]quinazolin-4-yl]amino]ethyl]acetamide,CC(=O)NCCNC1=NC=NC2=C1C=C(C=C2)C3=CC=CC=C3C(F)(F)F,0
2-Piperazin-1-yl-6-thiophen-2-yl-8-(thiophen-2-ylmethyl)pteridin-7-one,C1CN(CCN1)C2=NC=C3C(=N2)N(C(=O)C(=N3)C4=CC=CS4)CC5=CC=CS5,0
"Methyl (2R,3R,6R)-4-benzoyl-3-[(4-fluorophenyl)methyl]-9-(2-methoxyethyl)-10-(pyrrolidine-1-carbonyl)-4,9-diazatricyclo[6.3.0.02,6]undeca-1(8),10-diene-3-carboxylate",COCCN1C2=C(C=C1C(=O)N3CCCC3)[C@H]4[C@@H](C2)CN([C@@]4(CC5=CC=C(C=C5)F)C(=O)OC)C(=O)C6=CC=CC=C6,0
9-(1-benzylpyrrolidin-3-yl)-N-butyl-2-methyl-8-phenylpurin-6-amine,CCCCNC1=C2C(=NC(=N1)C)N(C(=N2)C3=CC=CC=C3)C4CCN(C4)CC5=CC=CC=C5,0
N-(3-(3-(1-Piperidinylmethyl)phenoxy)propyl)-2-benzothiazolamine,C1CCN(CC1)CC2=CC(=CC=C2)OCCCNC3=NC4=CC=CC=C4S3,0
"(3aR,5aS,8R,9S,9aR,9bS)-2-(1,3-benzodioxol-5-ylmethyl)-8,9-dihydroxy-4,5,5a,7,8,9,9a,9b-octahydro-3aH-benzo[e]isoindole-1,3,6-trione",C1C[C@@H]2[C@H]([C@H]3[C@H]1C(=O)C[C@H]([C@H]3O)O)C(=O)N(C2=O)CC4=CC5=C(C=C4)OCO5,0
"2-Propen-1-one, 1-(2-hydroxyphenyl)-3-(4-hydroxyphenyl)-",C1=CC=C(C(=C1)C(=O)/C=C/C2=CC=C(C=C2)O)O,0
"(3-fluorophenyl)-[(5S)-2-(2-methylpropyl)-2,7-diazaspiro[4.5]decan-7-yl]methanone",CC(C)CN1CC[C@]2(C1)CCCN(C2)C(=O)C3=CC(=CC=C3)F,0
2-(3-Chlorophenoxy)-8-[(3-methoxyphenyl)methyl]-6-methylpteridin-7-one,CC1=NC2=CN=C(N=C2N(C1=O)CC3=CC(=CC=C3)OC)OC4=CC(=CC=C4)Cl,0
"(2R)-2-[(1S,2R)-2-[(R)-benzenesulfonamido(phenyl)methyl]-2-methylcyclopropyl]-N-naphthalen-2-ylpropanamide",C[C@H]([C@@H]1C[C@@]1(C)[C@H](C2=CC=CC=C2)NS(=O)(=O)C3=CC=CC=C3)C(=O)NC4=CC5=CC=CC=C5C=C4,0
Captan,C1C=CCC2C1C(=O)N(C2=O)SC(Cl)(Cl)Cl,0
2-(2-Chlorophenyl)-4-imidazol-1-ylpyrimidine,C1=CC=C(C(=C1)C2=NC=CC(=N2)N3C=CN=C3)Cl,0
N-[(thiophen-2-yl)methyl]-2-[2-(trifluoromethyl)phenyl]quinazolin-4-amine,C1=CC=C(C(=C1)C2=NC3=CC=CC=C3C(=N2)NCC4=CC=CS4)C(F)(F)F,0
"6-(1,3-Benzodioxol-5-yl)-4-piperazin-1-ylquinazoline",C1CN(CCN1)C2=NC=NC3=C2C=C(C=C3)C4=CC5=C(C=C4)OCO5,0
"N,N'-(Cyclohexane-1,4-diylbis(methylene))bis(1-(2-chlorophenyl)methanamine)",C1CC(CCC1CNCC2=CC=CC=C2Cl)CNCC3=CC=CC=C3Cl,0
"methyl 4-[(E,4R)-5-(cyclohexylamino)-4-methyl-5-oxo-1-(phenylmethoxycarbonylamino)-2-pyridin-3-ylpent-2-enyl]benzoate",C[C@H](/C=C(\C1=CN=CC=C1)/C(C2=CC=C(C=C2)C(=O)OC)NC(=O)OCC3=CC=CC=C3)C(=O)NC4CCCCC4,0
6-(4-fluorophenyl)-2-(4-methoxyphenoxy)-8-[[(2R)-oxolan-2-yl]methyl]pteridin-7-one,COC1=CC=C(C=C1)OC2=NC=C3C(=N2)N(C(=O)C(=N3)C4=CC=C(C=C4)F)C[C@H]5CCCO5,0
"1,4-Bis(phenylsulfonyl)-1,2,3,4-tetrahydroquinoxaline",C1CN(C2=CC=CC=C2N1S(=O)(=O)C3=CC=CC=C3)S(=O)(=O)C4=CC=CC=C4,0
"Furan-2-yl-[2-(pyridin-4-ylmethyl)-2,9-diazaspiro[5.5]undecan-9-yl]methanone",C1CC2(CCN(CC2)C(=O)C3=CC=CO3)CN(C1)CC4=CC=NC=C4,0
"3-[3-(2-Pyrrol-1-ylphenyl)-1,2,4-oxadiazol-5-yl]propanoic acid",C1=CC=C(C(=C1)C2=NOC(=N2)CCC(=O)O)N3C=CC=C3,0
AM-630,CC1=C(C2=C(N1CCN3CCOCC3)C=C(C=C2)I)C(=O)C4=CC=C(C=C4)OC,0
"N-butyl-9-[3-(dimethylamino)-2,2-dimethylpropyl]-2-methyl-8-phenylpurin-6-amine",CCCCNC1=C2C(=NC(=N1)C)N(C(=N2)C3=CC=CC=C3)CC(C)(C)CN(C)C,0
2-(Ethylamino)-8-[(3-methoxyphenyl)methyl]-6-methylpteridin-7-one,CCNC1=NC=C2C(=N1)N(C(=O)C(=N2)C)CC3=CC(=CC=C3)OC,0
8-(4-Methoxyphenyl)-6-(2-phenylethyl)-2-piperazin-1-ylpteridin-7-one,COC1=CC=C(C=C1)N2C3=NC(=NC=C3N=C(C2=O)CCC4=CC=CC=C4)N5CCNCC5,0
2-(3-methoxyphenyl)-N-(thiophen-2-ylmethyl)quinazolin-4-amine,COC1=CC=CC(=C1)C2=NC3=CC=CC=C3C(=N2)NCC4=CC=CS4,0
"(2S,3S,4Z)-4-[(1S)-1-[1-[(3S,4S)-4-hydroxyoxolan-3-yl]triazol-4-yl]ethoxy]imino-6-methoxy-2-(3-methoxyphenyl)-2,3-dihydrochromen-3-ol",C[C@@H](C1=CN(N=N1)[C@H]2COC[C@H]2O)O/N=C/3\[C@@H]([C@@H](OC4=C3C=C(C=C4)OC)C5=CC(=CC=C5)OC)O,0
"(3,4-Dihydroxy-5-nitrophenyl)(2-fluorophenyl)methanone",C1=CC=C(C(=C1)C(=O)C2=CC(=C(C(=C2)O)O)[N+](=O)[O-])F,0
6-(3-furanyl)-N-(thiophen-2-ylmethyl)-4-quinazolinamine,C1=CSC(=C1)CNC2=NC=NC3=C2C=C(C=C3)C4=COC=C4,0
Dimethyl gambogate,CC(=CCCC1(C=CC2=C(O1)C(=C3C(=C2OC)C(=O)C4=CC5CC6C4(O3)C(C5=O)(OC6(C)C)C/C=C(/C)\C(=O)OC)CC=C(C)C)C)C,0
"lisuride, R",CCN(CC)C(=O)N[C@@H]1CN([C@H]2CC3=CNC4=CC=CC(=C34)C2=C1)C,0
Eburnamonine,CC[C@]12CCCN3[C@H]1C4=C(CC3)C5=CC=CC=C5N4C(=O)C2,0
2-Anilino-6-methyl-8-(thiophen-2-ylmethyl)pteridin-7-one,CC1=NC2=CN=C(N=C2N(C1=O)CC3=CC=CS3)NC4=CC=CC=C4,0
"methyl (2R,3R,6R)-4-benzoyl-10-(dimethylcarbamoyl)-3-[(4-fluorophenyl)methyl]-9-(pyridin-2-ylmethyl)-4,9-diazatricyclo[6.3.0.02,6]undeca-1(8),10-diene-3-carboxylate",CN(C)C(=O)C1=CC2=C(N1CC3=CC=CC=N3)C[C@@H]4[C@H]2[C@](N(C4)C(=O)C5=CC=CC=C5)(CC6=CC=C(C=C6)F)C(=O)OC,0
"6-(3,5-Difluorophenyl)-8-(4-methoxyphenyl)pteridin-7-one",COC1=CC=C(C=C1)N2C3=NC=NC=C3N=C(C2=O)C4=CC(=CC(=C4)F)F,0
N-(4-fluorophenyl)-2-(2-methylphenyl)pyrimidin-4-amine,CC1=CC=CC=C1C2=NC=CC(=N2)NC3=CC=C(C=C3)F,0
N-cyclohexyl-9-[(1-ethylpyrrolidin-2-yl)methyl]-2-methyl-8-phenylpurin-6-amine,CCN1CCCC1CN2C(=NC3=C(N=C(N=C32)C)NC4CCCCC4)C5=CC=CC=C5,0
"[(3aS)-6-[(2R,4R)-5-acetyloxy-2-(acetyloxymethyl)-3-(2-methoxy-2-oxoethyl)-2,4-dimethyl-7-oxooxepan-4-yl]-5-formyloxy-3-(furan-3-yl)-7a-hydroxy-3a-methyl-7-methylidene-1-oxo-3,4,5,6-tetrahydro-2H-inden-4-yl] 2-acetyloxy-3-methylpentanoate",CCC(C)C(C(=O)OC1C(C(C(=C)C2([C@]1(C(CC2=O)C3=COC=C3)C)O)[C@]4(C(CC(=O)O[C@@](C4CC(=O)OC)(C)COC(=O)C)OC(=O)C)C)OC=O)OC(=O)C,0
"(1R,2S,12R,16S)-2-benzyl-8-ethyl-3-(2-methoxyethylimino)-14-phenyl-4-oxa-6,14-diazatetracyclo[7.7.0.02,6.012,16]hexadec-8-ene-5,7,13,15-tetrone",CCC1=C2CC[C@@H]3[C@H]([C@H]2[C@]4(C(=NCCOC)OC(=O)N4C1=O)CC5=CC=CC=C5)C(=O)N(C3=O)C6=CC=CC=C6,0
N-[2-(5-methoxy-1H-indol-3-yl)ethyl]-5-(2-methylphenyl)pyrimidin-4-amine,CC1=CC=CC=C1C2=CN=CN=C2NCCC3=CNC4=C3C=C(C=C4)OC,0
2-(2-hex-1-ynylphenyl)-N-phenylacetamide,CCCCC#CC1=CC=CC=C1CC(=O)NC2=CC=CC=C2,0
2-(Dimethylamino)-8-[(3-methoxyphenyl)methyl]-6-phenylpteridin-7-one,CN(C)C1=NC=C2C(=N1)N(C(=O)C(=N2)C3=CC=CC=C3)CC4=CC(=CC=C4)OC,0
5-(2-methylphenyl)-N-phenylpyrimidin-4-amine,CC1=CC=CC=C1C2=CN=CN=C2NC3=CC=CC=C3,0
4-(1H-Benzimidazol-2-ylmethoxy)benzohydrazide,C1=CC=C2C(=C1)NC(=N2)COC3=CC=C(C=C3)C(=O)NN,0
"benzyl N-[(R)-[(1R,2S)-1-methyl-2-[(2R)-1-(naphthalen-2-ylamino)-1-oxopropan-2-yl]cyclopropyl]-phenylmethyl]carbamate",C[C@H]([C@@H]1C[C@@]1(C)[C@H](C2=CC=CC=C2)NC(=O)OCC3=CC=CC=C3)C(=O)NC4=CC5=CC=CC=C5C=C4,0
"methyl 4-[(E,4R)-5-(1,3-benzothiazol-2-ylmethylamino)-4-methyl-5-oxo-1-(phenylmethoxycarbonylamino)-2-pyridin-3-ylpent-2-enyl]benzoate",C[C@H](/C=C(\C1=CN=CC=C1)/C(C2=CC=C(C=C2)C(=O)OC)NC(=O)OCC3=CC=CC=C3)C(=O)NCC4=NC5=CC=CC=C5S4,0
"N-[(2,4-dimethoxyphenyl)methyl]-5-pyridin-3-ylpyrimidin-4-amine",COC1=CC(=C(C=C1)CNC2=NC=NC=C2C3=CN=CC=C3)OC,0
N-(furan-2-ylmethyl)-N-methyl-5-[2-(trifluoromethyl)phenyl]pyrimidin-4-amine,CN(CC1=CC=CO1)C2=NC=NC=C2C3=CC=CC=C3C(F)(F)F,0
Prop-2-enyl 2-[(3-fluorophenyl)-(methoxycarbonylamino)methyl]-3-oxobutanoate,CC(=O)C(C(C1=CC(=CC=C1)F)NC(=O)OC)C(=O)OCC=C,0
Althiazide,C=CCSCC1NC2=CC(=C(C=C2S(=O)(=O)N1)S(=O)(=O)N)Cl,0
"3-[(3,4-dimethoxyphenyl)methyl]-7-methoxy-3,4-dihydro-2H-chromen-4-ol",COC1=CC2=C(C=C1)C(C(CO2)CC3=CC(=C(C=C3)OC)OC)O,0
"Phenyl 2-pyridin-2-yl-2,9-diazaspiro[5.5]undecane-9-carboxylate",C1CC2(CCN(CC2)C(=O)OC3=CC=CC=C3)CN(C1)C4=CC=CC=N4,0
"(1R,2S,12R,16S)-2-benzyl-8-ethyl-3-(2-methoxyethylimino)-14-methyl-4-oxa-6,14-diazatetracyclo[7.7.0.02,6.012,16]hexadec-8-ene-5,7,13,15-tetrone",CCC1=C2CC[C@@H]3[C@H]([C@H]2[C@]4(C(=NCCOC)OC(=O)N4C1=O)CC5=CC=CC=C5)C(=O)N(C3=O)C,0
"9-(Benzenesulfonyl)-2-[[3,5-bis(trifluoromethyl)phenyl]methyl]-2,9-diazaspiro[5.5]undecane",C1CC2(CCN(CC2)S(=O)(=O)C3=CC=CC=C3)CN(C1)CC4=CC(=CC(=C4)C(F)(F)F)C(F)(F)F,0
"5-(1,3-benzodioxol-5-yl)-N-[2-(1H-imidazol-5-yl)ethyl]pyrimidin-4-amine",C1OC2=C(O1)C=C(C=C2)C3=CN=CN=C3NCCC4=CN=CN4,0
3-[4-(2-Morpholin-4-ylethylamino)quinazolin-6-yl]benzonitrile,C1COCCN1CCNC2=NC=NC3=C2C=C(C=C3)C4=CC=CC(=C4)C#N,0
"5-(1,3-benzodioxol-5-yl)-N-[2-(5-methoxy-1H-indol-3-yl)ethyl]pyrimidin-4-amine",COC1=CC2=C(C=C1)NC=C2CCNC3=NC=NC=C3C4=CC5=C(C=C4)OCO5,0
8-[(4-Fluorophenyl)methyl]-2-(4-methylpiperazin-1-yl)-6-(2-phenylethyl)pteridin-7-one,CN1CCN(CC1)C2=NC=C3C(=N2)N(C(=O)C(=N3)CCC4=CC=CC=C4)CC5=CC=C(C=C5)F,0
3-[4-[(5-Methylpyrazin-2-yl)methylamino]pyrimidin-5-yl]benzonitrile,CC1=CN=C(C=N1)CNC2=NC=NC=C2C3=CC=CC(=C3)C#N,0
N-[3-[4-(4-fluoroanilino)pyrimidin-2-yl]phenyl]methanesulfonamide,CS(=O)(=O)NC1=CC=CC(=C1)C2=NC=CC(=N2)NC3=CC=C(C=C3)F,0
"furan-2-yl-[(5S)-2-(3-phenylphenyl)-2,7-diazaspiro[4.5]decan-7-yl]methanone",C1C[C@@]2(CCN(C2)C3=CC=CC(=C3)C4=CC=CC=C4)CN(C1)C(=O)C5=CC=CO5,0
5-(2-Chlorophenyl)-4-(4-methylpiperazin-1-yl)pyrimidine,CN1CCN(CC1)C2=NC=NC=C2C3=CC=CC=C3Cl,0
Nalpha-Tosyl-L-phenylalanine chloromethyl ketone,CC1=CC=C(C=C1)S(=O)(=O)N[C@@H](CC2=CC=CC=C2)C(=O)CCl,0
N-benzyl-2-methyl-9-(2-morpholin-4-ylethyl)-8-phenylpurin-6-amine,CC1=NC(=C2C(=N1)N(C(=N2)C3=CC=CC=C3)CCN4CCOCC4)NCC5=CC=CC=C5,0
(4-Methyl-1-naphthyl)(2-(1-naphthylmethyl)phenyl)methanimine,CC1=CC=C(C2=CC=CC=C12)C(=N)C3=CC=CC=C3CC4=CC=CC5=CC=CC=C54,0
4-((6-Methoxy-2-(4-methoxyphenyl)-1-benzofuran-3-yl)carbonyl)benzonitrile,COC1=CC=C(C=C1)C2=C(C3=C(O2)C=C(C=C3)OC)C(=O)C4=CC=C(C=C4)C#N,0
(S)-alpha-Amino-N-2-naphthyl-1H-imidazole-4-propionamide,C1=CC=C2C=C(C=CC2=C1)NC(=O)C(CC3=CN=CN3)N,0
"[3,5-bis(trifluoromethyl)phenyl]-[(5S)-2-(pyridin-4-ylmethyl)-2,7-diazaspiro[4.5]decan-7-yl]methanone",C1C[C@@]2(CCN(C2)CC3=CC=NC=C3)CN(C1)C(=O)C4=CC(=CC(=C4)C(F)(F)F)C(F)(F)F,0
3-[2-(3-Chlorophenoxy)-7-oxo-6-(2-phenylethyl)pteridin-8-yl]propanenitrile,C1=CC=C(C=C1)CCC2=NC3=CN=C(N=C3N(C2=O)CCC#N)OC4=CC(=CC=C4)Cl,0
"(12aS)-2,3,9-trimethoxy-8-(3-methylbut-2-enyl)-6a,12a-dihydro-6H-chromeno[3,4-b]chromen-12-one",CC(=CCC1=C(C=CC2=C1OC3COC4=CC(=C(C=C4[C@@H]3C2=O)OC)OC)OC)C,0
Lopac-L-137,C1C[C@H]([C@@H](NC1)C2=CC=CC=C2)OCC3=CC(=CC(=C3)C(F)(F)F)C(F)(F)F,0
Pararosaniline,C1=CC(=N)C=CC1=C(C2=CC=C(C=C2)N)C3=CC=C(C=C3)N,0
Pharmakon1600-01503223,C1=CC=C2C(=C1)C=C(C(=C2CC3=C(C(=CC4=CC=CC=C43)C(=O)O)O)O)C(=O)O.C1=CC(=CC(=C1)N)C(=C2C=CC(=N)C=C2)C3=CC(=CC=C3)N,0
Olvanil,CCCCCCCC/C=C\CCCCCCCC(=O)NCC1=CC(=C(C=C1)O)OC,0
N-[(E)-2-propyl-1-[4-(trifluoromethyl)phenyl]hex-2-enyl]thiophene-2-carboxamide,CCC/C=C(\CCC)/C(C1=CC=C(C=C1)C(F)(F)F)NC(=O)C2=CC=CS2,0
"benzyl N-[(R)-[(1R,2R)-2-(benzylcarbamoyl)cyclopropyl]-phenylmethyl]carbamate",C1[C@H]([C@@H]1C(=O)NCC2=CC=CC=C2)[C@H](C3=CC=CC=C3)NC(=O)OCC4=CC=CC=C4,0
"4-(2-(7-Amino-2-(2-furyl)-(1,2,4)triazolo(2,3-a)-(1,3,5)triazin-5-yl-amino)ethyl)phenol",C1=COC(=C1)C2=NN3C(=NC(=NC3=N2)NCCC4=CC=C(C=C4)O)N,0
Propidium,CC[N+](C)(CC)CCC[N+]1=C2C=C(C=CC2=C3C=CC(=CC3=C1C4=CC=CC=C4)N)N,0
"(5R)-N-(3-fluorophenyl)-9-(pyrazine-2-carbonyl)-2,9-diazaspiro[4.5]decane-2-carboxamide",C1C[C@@]2(CCN(C2)C(=O)NC3=CC(=CC=C3)F)CN(C1)C(=O)C4=NC=CN=C4,0
Tocris-0475,C[C@@]1(C(=O)N2[C@H](C(=O)N3CCC[C@@H]3[C@@]2(O1)O)CC4=CC=CC=C4)NC(=O)[C@@H]5C[C@@H]6[C@H](CC7=CNC8=CC=CC6=C78)N(C5)C,0
2-(3-Methoxyanilino)-8-[(3-methoxyphenyl)methyl]-6-methylpteridin-7-one,CC1=NC2=CN=C(N=C2N(C1=O)CC3=CC(=CC=C3)OC)NC4=CC(=CC=C4)OC,0
N-[3-[4-[(3-methylphenyl)methylamino]quinazolin-2-yl]phenyl]methanesulfonamide,CC1=CC(=CC=C1)CNC2=NC(=NC3=CC=CC=C32)C4=CC(=CC=C4)NS(=O)(=O)C,0
"[(1R,2S,12R,16S)-2-benzyl-8,14-diethyl-3-[2-(1H-indol-3-yl)ethylimino]-5,13,15-trioxo-4-oxa-6,14-diazatetracyclo[7.7.0.02,6.012,16]hexadeca-7,9-dien-7-yl] N,N-diethylcarbamate",CCC1=C(N2C(=O)OC(=NCCC3=CNC4=CC=CC=C43)[C@@]2([C@H]5C1=CC[C@@H]6[C@H]5C(=O)N(C6=O)CC)CC7=CC=CC=C7)OC(=O)N(CC)CC,0
"[(2S,3S,6S)-3-(4-methoxyphenoxy)-6-phenyl-3,6-dihydro-2H-pyran-2-yl]methyl (4Z)-4-[(2S)-3-(furan-2-ylmethoxy)-2-hydroxypropoxy]iminopentanoate",C/C(=N/OC[C@H](COCC1=CC=CO1)O)/CCC(=O)OC[C@H]2[C@H](C=C[C@H](O2)C3=CC=CC=C3)OC4=CC=C(C=C4)OC,0
Metyrapone,CC(C)(C1=CN=CC=C1)C(=O)C2=CN=CC=C2,0
"methyl (2R,3R,6R)-4-benzoyl-9-[(3,4-dimethoxyphenyl)methyl]-3-[(4-methoxyphenyl)methyl]-10-(pyrrolidine-1-carbonyl)-4,9-diazatricyclo[6.3.0.02,6]undeca-1(8),10-diene-3-carboxylate",COC1=CC=C(C=C1)C[C@@]2([C@@H]3[C@@H](CC4=C3C=C(N4CC5=CC(=C(C=C5)OC)OC)C(=O)N6CCCC6)CN2C(=O)C7=CC=CC=C7)C(=O)OC,0
2-(Ethylamino)-8-(4-methoxyphenyl)-6-(2-phenylethyl)pteridin-7-one,CCNC1=NC=C2C(=N1)N(C(=O)C(=N2)CCC3=CC=CC=C3)C4=CC=C(C=C4)OC,0
"[(1R,3S,7S,8R,8aR)-8-[2-[(2S,4R)-4-hydroxy-6-oxooxan-2-yl]ethyl]-3,7-dimethyl-1,2,3,7,8,8a-hexahydronaphthalen-1-yl] 2,2-dimethylbutanoate",CCC(C)(C)C(=O)O[C@@H]1C[C@@H](C=C2[C@H]1[C@@H]([C@H](C=C2)C)CC[C@H]3C[C@H](CC(=O)O3)O)C,0
"[(2S,3S,6S)-3-(4-methylphenoxy)-6-(2-phenylethynyl)-3,6-dihydro-2H-pyran-2-yl]methyl (4Z)-4-[[(2R,3R,6R)-2-(hydroxymethyl)-6-prop-2-enyl-3,6-dihydro-2H-pyran-3-yl]oxyimino]pentanoate",CC1=CC=C(C=C1)O[C@H]2C=C[C@H](O[C@H]2COC(=O)CC/C(=N\O[C@@H]3C=C[C@H](O[C@@H]3CO)CC=C)/C)C#CC4=CC=CC=C4,0
"2-(3,5-dimethyl-1,2-oxazol-4-yl)-N-[(2-methoxyphenyl)methyl]pyrimidin-4-amine",CC1=C(C(=NO1)C)C2=NC=CC(=N2)NCC3=CC=CC=C3OC,0
"[2-(3-Phenylphenyl)-2,7-diazaspiro[3.5]nonan-7-yl]-pyridin-4-ylmethanone",C1CN(CCC12CN(C2)C3=CC=CC(=C3)C4=CC=CC=C4)C(=O)C5=CC=NC=C5,0
2-morpholin-4-yl-8-[[(2R)-oxolan-2-yl]methyl]-6-(2-phenylethyl)pteridin-7-one,C1C[C@@H](OC1)CN2C3=NC(=NC=C3N=C(C2=O)CCC4=CC=CC=C4)N5CCOCC5,0
Lopac-A-5791,C[C@@]12CCC(=O)C(=C1CC[C@@H]3[C@@H]2CC[C@@]4([C@@H]3CCC4=O)C)O,0
"N,N-dimethyl-1-[2-(4-morpholin-4-ylquinazolin-6-yl)phenyl]methanamine",CN(C)CC1=CC=CC=C1C2=CC3=C(C=C2)N=CN=C3N4CCOCC4,0
4'-Methoxyflavone,COC1=CC=C(C=C1)C2=CC(=O)C3=CC=CC=C3O2,0
"6-(6-Methyl-5,6,7,8-tetrahydro(1,3)dioxolo(4,5-g)isoquinolin-5-yl)furo(3,4-E)(1,3)benzodioxol-8(6H)-one",CN1CCC2=CC3=C(C=C2C1C4C5=C(C6=C(C=C5)OCO6)C(=O)O4)OCO3,0
"(5S)-7-(benzenesulfonyl)-N-(3-fluorophenyl)-2,7-diazaspiro[4.5]decane-2-carboxamide",C1C[C@@]2(CCN(C2)C(=O)NC3=CC(=CC=C3)F)CN(C1)S(=O)(=O)C4=CC=CC=C4,0
N-phenyl-6-pyridin-3-ylquinazolin-4-amine,C1=CC=C(C=C1)NC2=NC=NC3=C2C=C(C=C3)C4=CN=CC=C4,0
3-[2-Methoxy-8-[(3-methoxyphenyl)methyl]-7-oxopteridin-6-yl]benzonitrile,COC1=CC=CC(=C1)CN2C3=NC(=NC=C3N=C(C2=O)C4=CC=CC(=C4)C#N)OC,0
N-cyclopropyl-2-(3-methoxyphenyl)quinazolin-4-amine,COC1=CC=CC(=C1)C2=NC3=CC=CC=C3C(=N2)NC4CC4,0
3-[2-(3-Methoxyanilino)-6-methyl-7-oxopteridin-8-yl]propanenitrile,CC1=NC2=CN=C(N=C2N(C1=O)CCC#N)NC3=CC(=CC=C3)OC,0
"9-[5-(diethylamino)pentan-2-yl]-N,N-bis(2-methoxyethyl)-2-methyl-8-phenylpurin-6-amine",CCN(CC)CCCC(C)N1C2=C(C(=NC(=N2)C)N(CCOC)CCOC)N=C1C3=CC=CC=C3,0
3-[2-Methoxy-8-(2-methoxyethyl)-7-oxopteridin-6-yl]benzonitrile,COCCN1C2=NC(=NC=C2N=C(C1=O)C3=CC=CC(=C3)C#N)OC,0
2-(3-methoxyanilino)-6-methyl-8-[[(2R)-oxolan-2-yl]methyl]pteridin-7-one,CC1=NC2=CN=C(N=C2N(C1=O)C[C@H]3CCCO3)NC4=CC(=CC=C4)OC,0
"6-(1,3-benzodioxol-5-yl)-N-phenylquinazolin-4-amine",C1OC2=C(O1)C=C(C=C2)C3=CC4=C(C=C3)N=CN=C4NC5=CC=CC=C5,0
"5-(1,3-benzodioxol-5-yl)-N-[(3-methylphenyl)methyl]pyrimidin-4-amine",CC1=CC(=CC=C1)CNC2=NC=NC=C2C3=CC4=C(C=C3)OCO4,0
5-[4-(dimethylamino)phenyl]-N-(thiophen-2-ylmethyl)pyrimidin-4-amine,CN(C)C1=CC=C(C=C1)C2=CN=CN=C2NCC3=CC=CS3,0
AG 494,C1=CC=C(C=C1)NC(=O)/C(=C/C2=CC(=C(C=C2)O)O)/C#N,0
"N-[(2,4-dimethoxyphenyl)methyl]-2-pyridin-3-ylquinazolin-4-amine",COC1=CC(=C(C=C1)CNC2=NC(=NC3=CC=CC=C32)C4=CN=CC=C4)OC,0
N-(4-fluorophenyl)-5-(2-methoxyphenyl)pyrimidin-4-amine,COC1=CC=CC=C1C2=CN=CN=C2NC3=CC=C(C=C3)F,0
"methyl (1S,10S,12R)-11-acetyloxy-12-ethyl-4-[(13R,17R)-17-ethyl-17-hydroxy-13-methoxycarbonyl-1,11-diazatetracyclo[13.3.1.04,12.05,10]nonadeca-4(12),5,7,9-tetraen-13-yl]-10-hydroxy-5-methoxy-8-methyl-8,16-diazapentacyclo[10.6.1.01,9.02,7.016,19]nonadeca-2,4,6,13-tetraene-10-carboxylate;sulfuric acid",CC[C@]1(CC2C[C@](C3=C(CCN(C2)C1)C4=CC=CC=C4N3)(C5=C(C=C6C(=C5)[C@@]78CCN9C7[C@@](C=CC9)(C([C@@](C8N6C)(C(=O)OC)O)OC(=O)C)CC)OC)C(=O)OC)O.OS(=O)(=O)O,0
3-(aminomethyl)-N-butyl-7-chloroquinolin-4-amine,CCCCNC1=C2C=CC(=CC2=NC=C1CN)Cl,0
Miconazole Nitrate,C1=CC(=C(C=C1Cl)Cl)COC(CN2C=CN=C2)C3=C(C=C(C=C3)Cl)Cl.[N+](=O)(O)[O-],0
Propyl pyrazole triol,CCCC1=C(N(N=C1C2=CC=C(C=C2)O)C3=CC=C(C=C3)O)C4=CC=C(C=C4)O,0
Reconcile,CNCCC(C1=CC=CC=C1)OC2=CC=C(C=C2)C(F)(F)F.Cl,0
2-(furan-3-yl)-N-(thiophen-2-ylmethyl)pyrimidin-4-amine,C1=CSC(=C1)CNC2=NC(=NC=C2)C3=COC=C3,0
"[(8R,9S,10R,11S,13S,14R,16S,17S)-17-(2-chloroacetyl)-9-fluoro-11-hydroxy-10,13,16-trimethyl-3-oxo-6,7,8,11,12,14,15,16-octahydrocyclopenta[a]phenanthren-17-yl] propanoate",CCC(=O)O[C@]1([C@H](C[C@H]2[C@@]1(C[C@@H]([C@@]3([C@@H]2CCC4=CC(=O)C=C[C@]43C)F)O)C)C)C(=O)CCl,0
"5-(1,3-benzodioxol-5-yl)-N-[(5-methylpyrazin-2-yl)methyl]pyrimidin-4-amine",CC1=CN=C(C=N1)CNC2=NC=NC=C2C3=CC4=C(C=C3)OCO4,0
"N,N-dimethyl-4-[4-(thiophen-2-ylmethylamino)quinazolin-2-yl]benzamide",CN(C)C(=O)C1=CC=C(C=C1)C2=NC3=CC=CC=C3C(=N2)NCC4=CC=CS4,0
Ebselen,C1=CC=C(C=C1)N2C(=O)C3=CC=CC=C3[Se]2,0
4-Imidazol-1-yl-5-pyridin-3-ylpyrimidine,C1=CC(=CN=C1)C2=CN=CN=C2N3C=CN=C3,0
Tri-p-cresyl phosphate,CC1=CC=C(C=C1)OP(=O)(OC2=CC=C(C=C2)C)OC3=CC=C(C=C3)C,0
"5-Methoxy 3-(1,2,3,6-tetrahydro-4-pyridinyl)1H indole",COC1=CC2=C(C=C1)NC=C2C3=CCNCC3,0
"benzyl N-[(R)-[(1R,2S)-2-[(2R)-1-(benzylamino)-1-oxopropan-2-yl]-1-methylcyclopropyl]-phenylmethyl]carbamate",C[C@H]([C@@H]1C[C@@]1(C)[C@H](C2=CC=CC=C2)NC(=O)OCC3=CC=CC=C3)C(=O)NCC4=CC=CC=C4,0
"benzyl N-[(R)-[(1R,2S)-2-[(2R)-1-[(1,5-dimethylpyrazol-3-yl)methylamino]-1-oxopropan-2-yl]-1-methylcyclopropyl]-phenylmethyl]carbamate",CC1=CC(=NN1C)CNC(=O)[C@H](C)[C@@H]2C[C@@]2(C)[C@H](C3=CC=CC=C3)NC(=O)OCC4=CC=CC=C4,0
"4-[4-[2-(5-methoxy-1H-indol-3-yl)ethylamino]quinazolin-2-yl]-N,N-dimethylbenzamide",CN(C)C(=O)C1=CC=C(C=C1)C2=NC3=CC=CC=C3C(=N2)NCCC4=CNC5=C4C=C(C=C5)OC,0
"methyl 3-[(2S,5R)-2,6-diphenyl-3-(pyridin-3-ylmethyl)-3-azatricyclo[5.1.1.01,5]nonan-7-yl]benzoate",COC(=O)C1=CC(=CC=C1)C23CC4(C2)[C@@H](C3C5=CC=CC=C5)CN([C@@H]4C6=CC=CC=C6)CC7=CN=CC=C7,0
Flopropione,CCC(=O)C1=C(C=C(C=C1O)O)O,0
SU 9516,COC1=CC\2=C(C=C1)NC(=O)/C2=C\C3=CN=CN3,0
2-(1H-Imidazol-5-yl)ethyl carbamimidothioate,C1=C(NC=N1)CCSC(=N)N,0
"12-[tert-butyl(dimethyl)silyl]-2-methoxy-11H-indolizino[1,2-b]quinolin-9-one",CC(C)(C)[Si](C)(C)C1=C2CN3C(=O)C=CC=C3C2=NC4=C1C=C(C=C4)OC,0
Choline Chloride,C[N+](C)(C)CCO.[Cl-],0
"2-Benzhydryl-9-methylsulfonyl-2,9-diazaspiro[5.5]undecane",CS(=O)(=O)N1CCC2(CCCN(C2)C(C3=CC=CC=C3)C4=CC=CC=C4)CC1,0
"N-[(3R,4S,5Z,11R,12S,13Z)-11-methoxy-4,12-dimethyl-8,16-dioxo-1,9-dioxacyclohexadeca-5,13-dien-3-yl]-4-methylbenzenesulfonamide",C[C@H]1/C=C\CC(=O)OC[C@@H]([C@H](/C=C\CC(=O)OC[C@@H]1NS(=O)(=O)C2=CC=C(C=C2)C)C)OC,0
"methyl (2S,5S,6S)-1-[4-[(Z)-methoxyiminomethyl]benzoyl]-5-methyl-6-(4-methylphenyl)piperidine-2-carboxylate",C[C@H]1CC[C@H](N([C@@H]1C2=CC=C(C=C2)C)C(=O)C3=CC=C(C=C3)/C=N\OC)C(=O)OC,0
"5-(4-Methoxyphenyl)-3-[3-(2-phenylimidazol-1-yl)propyl]-1,2,4-triazine",COC1=CC=C(C=C1)C2=CN=NC(=N2)CCCN3C=CN=C3C4=CC=CC=C4,0
"2-(4-Chlorophenyl)-1-(2,4,6-trihydroxyphenyl)ethanone",C1=CC(=CC=C1CC(=O)C2=C(C=C(C=C2O)O)O)Cl,0
"[(2S,3S,6R)-3-[(E)-4-(6,7-dimethyl-3,4-dihydro-2H-1,5-naphthyridin-1-yl)butan-2-ylideneamino]oxy-6-prop-2-enyl-3,6-dihydro-2H-pyran-2-yl]methanol",CC1=CC2=C(CCCN2CC/C(=N/O[C@H]3C=C[C@H](O[C@H]3CO)CC=C)/C)N=C1C,0
"benzyl N-[(R)-[(1R,2S)-2-[(2R)-1-[(2,3-difluoro-4-methylphenyl)methylamino]-1-oxopropan-2-yl]-1-methylcyclopropyl]-phenylmethyl]carbamate",CC1=C(C(=C(C=C1)CNC(=O)[C@H](C)[C@@H]2C[C@@]2(C)[C@H](C3=CC=CC=C3)NC(=O)OCC4=CC=CC=C4)F)F,0
"[(2R,3R)-3-[(3-formamido-2-hydroxybenzoyl)amino]-2,6-dimethyl-4,9-dioxo-8-pentyl-1,5-dioxonan-7-yl] 3-methylbutanoate",CCCCCC1C(C(OC(=O)[C@@H]([C@H](OC1=O)C)NC(=O)C2=C(C(=CC=C2)NC=O)O)C)OC(=O)CC(C)C,0
N-benzyl-2-methyl-9-(3-morpholin-4-ylpropyl)-8-phenylpurin-6-amine,CC1=NC(=C2C(=N1)N(C(=N2)C3=CC=CC=C3)CCCN4CCOCC4)NCC5=CC=CC=C5,0
Ethyl [3-(4-methoxyphenoxy)-6-(2-phenylethyl)oxan-2-yl]methyl carbonate,CCOC(=O)OCC1C(CCC(O1)CCC2=CC=CC=C2)OC3=CC=C(C=C3)OC,0
N-(2-methoxyethyl)-5-(2-methoxyphenyl)pyrimidin-4-amine,COCCNC1=NC=NC=C1C2=CC=CC=C2OC,0
"5-(1,3-benzodioxol-5-yl)-N-(pyridin-3-ylmethyl)pyrimidin-4-amine",C1OC2=C(O1)C=C(C=C2)C3=CN=CN=C3NCC4=CN=CC=C4,0
Vitamin D3,C[C@H](CCCC(C)C)[C@H]1CC[C@@H]\2[C@@]1(CCC/C2=C\C=C/3\C[C@H](CCC3=C)O)C,0
GW583340,CS(=O)(=O)CCNCC1=NC(=CS1)C2=CC3=C(C=C2)N=CN=C3NC4=CC(=C(C=C4)OCC5=CC(=CC=C5)F)Cl.Cl.Cl,0
3-[2-(3-Methoxyanilino)-6-(4-methoxyphenyl)-7-oxopteridin-8-yl]propanenitrile,COC1=CC=C(C=C1)C2=NC3=CN=C(N=C3N(C2=O)CCC#N)NC4=CC(=CC=C4)OC,0
(+-)-Eriodictyol,C1C(OC2=CC(=CC(=C2C1=O)O)O)C3=CC(=C(C=C3)O)O,0
"(2R)-2-(naphthalen-2-ylamino)-1,2-diphenylethanone",C1=CC=C(C=C1)[C@H](C(=O)C2=CC=CC=C2)NC3=CC4=CC=CC=C4C=C3,0
"[(6R,8S,9S,10R,11S,13R,14S,16S,17S)-6,9-difluoro-17-(fluoromethylsulfanylcarbonyl)-11-hydroxy-10,13,16-trimethyl-3-oxo-6,7,8,11,12,14,15,16-octahydrocyclopenta[a]phenanthren-17-yl] propanoate",CCC(=O)O[C@]1([C@H](C[C@@H]2[C@]1(C[C@@H]([C@@]3([C@H]2C[C@H](C4=CC(=O)C=C[C@]43C)F)F)O)C)C)C(=O)SCF,0
"benzyl N-[(S)-[(1S,2R)-2-[(2R)-1-[(2,3-difluoro-4-methylphenyl)methylamino]-1-oxopropan-2-yl]-1-methylcyclopropyl]-phenylmethyl]carbamate",CC1=C(C(=C(C=C1)CNC(=O)[C@H](C)[C@H]2C[C@]2(C)[C@@H](C3=CC=CC=C3)NC(=O)OCC4=CC=CC=C4)F)F,0
"benzyl N-[(S)-[(1S,2R)-1-methyl-2-[(2R)-1-oxo-1-(pyridin-2-ylmethylamino)propan-2-yl]cyclopropyl]-phenylmethyl]carbamate",C[C@H]([C@H]1C[C@]1(C)[C@@H](C2=CC=CC=C2)NC(=O)OCC3=CC=CC=C3)C(=O)NCC4=CC=CC=N4,0
2-(2-Chlorophenyl)-4-imidazol-1-ylquinazoline,C1=CC=C2C(=C1)C(=NC(=N2)C3=CC=CC=C3Cl)N4C=CN=C4,0
"methyl 4-[(Z,4R)-2-fluoro-4-methyl-5-oxo-1-(phenylmethoxycarbonylamino)-5-(pyridin-3-ylmethylamino)pent-2-enyl]benzoate",C[C@H](/C=C(/C(C1=CC=C(C=C1)C(=O)OC)NC(=O)OCC2=CC=CC=C2)\F)C(=O)NCC3=CN=CC=C3,0
Rhetsinine,CNC1=CC=CC=C1C(=O)N2CCC3=C(C2=O)NC4=CC=CC=C34,0
Clotrimazole,C1=CC=C(C=C1)C(C2=CC=CC=C2)(C3=CC=CC=C3Cl)N4C=CN=C4,0
Lopac-U-6007,CC1=C(C2=C(CC[C@@](O2)(C)CN3CCN(CC3)C4=NC(=NC(=C4)N5CCCC5)N6CCCC6)C(=C1O)C)C,0
"[(1S,3S,5R,7R,9S,13R,15S,18S)-3-methoxy-18-methyl-13-[(Z)-4-methylpent-1-enyl]-11-oxo-12,19,20-trioxatricyclo[13.3.1.15,9]icosan-7-yl] (Z)-5-[2-[(Z)-3-(methoxycarbonylamino)prop-1-enyl]-1,3-oxazol-4-yl]pent-2-enoate",C[C@H]1CC[C@H]2C[C@@H](OC(=O)C[C@@H]3C[C@@H](C[C@H](O3)C[C@@H](C[C@@H]1O2)OC)OC(=O)/C=C\CCC4=COC(=N4)/C=C\CNC(=O)OC)/C=C\CC(C)C,0
3-[4-(Pyridin-3-ylmethylamino)quinazolin-2-yl]benzonitrile,C1=CC=C2C(=C1)C(=NC(=N2)C3=CC=CC(=C3)C#N)NCC4=CN=CC=C4,0
Thiamylal Sodium,CCCC(C)C1(C(=O)NC(=NC1=O)[S-])CC=C.[Na+],0
Tocris-1147,COC1=CC=C(C=C1)CCCO[C@@H](CN2C=CN=C2)C3=CC=C(C=C3)OC,0
5-(2-chlorophenyl)-N-[2-(1H-imidazol-5-yl)ethyl]pyrimidin-4-amine,C1=CC=C(C(=C1)C2=CN=CN=C2NCCC3=CN=CN3)Cl,0
2-Chloro-5-nitro-N-4-pyridinylbenzamide,C1=CC(=C(C=C1[N+](=O)[O-])C(=O)NC2=CC=NC=C2)Cl,0
N-(4-fluorophenyl)-5-(3-methoxyphenyl)pyrimidin-4-amine,COC1=CC=CC(=C1)C2=CN=CN=C2NC3=CC=C(C=C3)F,0
"(2-Benzhydryl-2,9-diazaspiro[5.5]undecan-9-yl)-pyridin-4-ylmethanone",C1CC2(CCN(CC2)C(=O)C3=CC=NC=C3)CN(C1)C(C4=CC=CC=C4)C5=CC=CC=C5,0
"methyl (2R,3R,6R)-4-benzoyl-3-benzyl-10-(dimethylcarbamoyl)-9-[2-(5-oxoimidazolidin-1-yl)ethyl]-4,9-diazatricyclo[6.3.0.02,6]undeca-1(8),10-diene-3-carboxylate",CN(C)C(=O)C1=CC2=C(N1CCN3CNCC3=O)C[C@@H]4[C@H]2[C@](N(C4)C(=O)C5=CC=CC=C5)(CC6=CC=CC=C6)C(=O)OC,0
"9-(3-fluorobenzoyl)-N-(3-fluorophenyl)-2,9-diazaspiro[5.5]undecane-2-carboxamide",C1CC2(CCN(CC2)C(=O)C3=CC(=CC=C3)F)CN(C1)C(=O)NC4=CC(=CC=C4)F,0
Meclozine Dihydrochloride,CC1=CC(=CC=C1)CN2CCN(CC2)C(C3=CC=CC=C3)C4=CC=C(C=C4)Cl.Cl.Cl,0
Lopac-T-7665,C1=C(C=C(C(=C1O)O)O)/C(=C(\C=C(C#N)C#N)/N)/C#N,0
N-(4-fluorophenyl)-5-(furan-3-yl)pyrimidin-4-amine,C1=CC(=CC=C1NC2=NC=NC=C2C3=COC=C3)F,0
sodium (6S)-3-(acetyloxymethyl)-8-oxo-7-[(2-pyridin-4-ylsulfanylacetyl)amino]-5-thia-1-azabicyclo[4.2.0]oct-2-ene-2-carboxylate,CC(=O)OCC1=C(N2[C@H](C(C2=O)NC(=O)CSC3=CC=NC=C3)SC1)C(=O)[O-].[Na+],0
N-[3-[4-(4-fluoroanilino)pyrimidin-5-yl]phenyl]methanesulfonamide,CS(=O)(=O)NC1=CC=CC(=C1)C2=CN=CN=C2NC3=CC=C(C=C3)F,0
N-cyclopropyl-2-(furan-3-yl)quinazolin-4-amine,C1CC1NC2=NC(=NC3=CC=CC=C32)C4=COC=C4,0
"benzyl N-[(R)-[(1R,2S)-1-methyl-2-[(2R)-1-oxo-1-(pyridin-2-ylmethylamino)propan-2-yl]cyclopropyl]-phenylmethyl]carbamate",C[C@H]([C@@H]1C[C@@]1(C)[C@H](C2=CC=CC=C2)NC(=O)OCC3=CC=CC=C3)C(=O)NCC4=CC=CC=N4,0
"2-(2-chloro-4,5-dimethoxyphenyl)-1-(1H-indol-3-yl)ethanone",COC1=C(C=C(C(=C1)CC(=O)C2=CNC3=CC=CC=C32)Cl)OC,0
CID 3246584,C[C@H]1C(=O)N[C@@H](C(=O)N([C@@H](C(=O)N[C@@H](C(=O)N([C@H]2[C@@H](C3=CC=C(C=C3)OC4=C(C=CC(=C4)C[C@@H](C(=O)N1)N(C2=O)C)O)O)C)C)CC5=CC=C(C=C5)OC)C)C,0
m-3M3FBS,CC1=CC(=C(C(=C1)C)S(=O)(=O)NC2=CC=CC(=C2)C(F)(F)F)C,0
2-(Ethylamino)-6-methyl-8-(thiophen-2-ylmethyl)pteridin-7-one,CCNC1=NC=C2C(=N1)N(C(=O)C(=N2)C)CC3=CC=CS3,0
5-(2-chlorophenyl)-N-[(2-methoxyphenyl)methyl]pyrimidin-4-amine,COC1=CC=CC=C1CNC2=NC=NC=C2C3=CC=CC=C3Cl,0
MK886 sodium,CC(C)C1=CC2=C(C=C1)N(C(=C2SC(C)(C)C)CC(C)(C)C(=O)[O-])CC3=CC=C(C=C3)Cl.[Na+],0
"N-[[(1R,2S)-2-cyclohexyl-1-methylcyclopropyl]-(4-phenylphenyl)methyl]quinoline-8-sulfonamide",C[C@]1(C[C@H]1C2CCCCC2)C(C3=CC=C(C=C3)C4=CC=CC=C4)NS(=O)(=O)C5=CC=CC6=C5N=CC=C6,0
6-(3-furanyl)-N-(3-pyridinylmethyl)-4-quinazolinamine,C1=CC(=CN=C1)CNC2=NC=NC3=C2C=C(C=C3)C4=COC=C4,0
"(2R,5R)-1-benzoyl-2-benzyl-N-[3-[[3-chloro-5-(trifluoromethyl)-2-pyridinyl]amino]propyl]-5-methyl-2H-pyrrole-5-carboxamide",C[C@@]1(C=C[C@H](N1C(=O)C2=CC=CC=C2)CC3=CC=CC=C3)C(=O)NCCCNC4=C(C=C(C=N4)C(F)(F)F)Cl,0
Dilazep,COC1=CC(=CC(=C1OC)OC)C(=O)OCCCN2CCCN(CC2)CCCOC(=O)C3=CC(=C(C(=C3)OC)OC)OC,0
"[6-(1,3-benzodioxol-5-yl)-3-(3,5-dichlorophenoxy)-3,6-dihydro-2H-pyran-2-yl]methanol",C1OC2=C(O1)C=C(C=C2)C3C=CC(C(O3)CO)OC4=CC(=CC(=C4)Cl)Cl,0
Proadifen,CCCC(C1=CC=CC=C1)(C2=CC=CC=C2)C(=O)OCCN(CC)CC,0
"methyl (3R,3aR)-2-benzoyl-3-[(4-methoxyphenyl)methyl]-4-methylidene-5-oxo-1,3a-dihydrocyclopenta[c]pyrrole-3-carboxylate",COC1=CC=C(C=C1)C[C@@]2([C@H]3C(=C)C(=O)C=C3CN2C(=O)C4=CC=CC=C4)C(=O)OC,0
"phenyl (5S)-2-phenyl-2,7-diazaspiro[4.5]decane-7-carboxylate",C1C[C@@]2(CCN(C2)C3=CC=CC=C3)CN(C1)C(=O)OC4=CC=CC=C4,0
8-[(4-Fluorophenyl)methyl]-2-phenylmethoxypteridin-7-one,C1=CC=C(C=C1)COC2=NC=C3C(=N2)N(C(=O)C=N3)CC4=CC=C(C=C4)F,0
"pyrazin-2-yl-[(5S)-2-pyridin-4-yl-2,7-diazaspiro[4.5]decan-7-yl]methanone",C1C[C@@]2(CCN(C2)C3=CC=NC=C3)CN(C1)C(=O)C4=NC=CN=C4,0
"(2R,5R)-1-benzoyl-2-benzyl-N-[[3-fluoro-5-(trifluoromethyl)phenyl]methyl]-5-methyl-2H-pyrrole-5-carboxamide",C[C@@]1(C=C[C@H](N1C(=O)C2=CC=CC=C2)CC3=CC=CC=C3)C(=O)NCC4=CC(=CC(=C4)F)C(F)(F)F,0
"5-(3,5-dimethyl-1,2-oxazol-4-yl)-N-phenylpyrimidin-4-amine",CC1=C(C(=NO1)C)C2=CN=CN=C2NC3=CC=CC=C3,0
2-(4-methoxyphenoxy)-6-methyl-8-[[(2R)-oxolan-2-yl]methyl]pteridin-7-one,CC1=NC2=CN=C(N=C2N(C1=O)C[C@H]3CCCO3)OC4=CC=C(C=C4)OC,0
"methyl (2R,3R,6R)-4-benzoyl-9-[[2-(hydroxymethyl)-5-methyl-4-oxo-1H-pyridin-3-yl]methyl]-3-[(4-methoxyphenyl)methyl]-10-(pyrrolidine-1-carbonyl)-4,9-diazatricyclo[6.3.0.02,6]undeca-1(8),10-diene-3-carboxylate",CC1=CNC(=C(C1=O)CN2C3=C(C=C2C(=O)N4CCCC4)[C@H]5[C@@H](C3)CN([C@@]5(CC6=CC=C(C=C6)OC)C(=O)OC)C(=O)C7=CC=CC=C7)CO,0
6-[4-(dimethylamino)phenyl]-N-(4-fluorophenyl)pyrimidin-4-amine,CN(C)C1=CC=C(C=C1)C2=CC(=NC=N2)NC3=CC=C(C=C3)F,0
"methyl (2S,5S,6S)-1-[4-[(Z)-[(2R,3R)-2,4-dimethyl-3-phenylmethoxypentoxy]iminomethyl]benzoyl]-5-methyl-6-(4-methylphenyl)piperidine-2-carboxylate",C[C@H]1CC[C@H](N([C@@H]1C2=CC=C(C=C2)C)C(=O)C3=CC=C(C=C3)/C=N\OC[C@@H](C)[C@@H](C(C)C)OCC4=CC=CC=C4)C(=O)OC,0
Piperonyl Butoxide,CCCCOCCOCCOCC1=CC2=C(C=C1CCC)OCO2,0
"[(1R,2S,12R,16S)-3-(cyclopropylmethylimino)-8-ethyl-2,14-dimethyl-5,13,15-trioxo-4-oxa-6,14-diazatetracyclo[7.7.0.02,6.012,16]hexadeca-7,9-dien-7-yl] N,N-diethylcarbamate",CCC1=C(N2C(=O)OC(=NCC3CC3)[C@@]2([C@H]4C1=CC[C@@H]5[C@H]4C(=O)N(C5=O)C)C)OC(=O)N(CC)CC,0
2-(4-Imidazol-1-ylquinazolin-2-yl)benzamide,C1=CC=C(C(=C1)C2=NC3=CC=CC=C3C(=N2)N4C=CN=C4)C(=O)N,0
"[(5aR)-8-oxo-9-(3,4,5-trimethoxyphenyl)-5a,6,8a,9-tetrahydro-5H-[2]benzofuro[5,6-f][1,3]benzodioxol-5-yl] acetate",CC(=O)OC1[C@H]2COC(=O)C2C(C3=CC4=C(C=C13)OCO4)C5=CC(=C(C(=C5)OC)OC)OC,0
"N-[[(1R,2R)-2-butylcyclopropyl]-(4-phenylphenyl)methyl]furan-2-carboxamide",CCCC[C@@H]1C[C@H]1C(C2=CC=C(C=C2)C3=CC=CC=C3)NC(=O)C4=CC=CO4,0
"4-methyl-N-[(4S,7Z,9R,10S,15Z,17S)-4,9,17-trimethyl-2,5,13-trioxo-1,12-dioxa-3-azacyclooctadeca-7,15-dien-10-yl]benzenesulfonamide",C[C@@H]/1COC(=O)N[C@H](C(=O)C/C=C\[C@H]([C@@H](COC(=O)C/C=C1)NS(=O)(=O)C2=CC=C(C=C2)C)C)C,0
"N-[(2,4-dimethoxyphenyl)methyl]-5-(2-methoxyphenyl)pyrimidin-4-amine",COC1=CC(=C(C=C1)CNC2=NC=NC=C2C3=CC=CC=C3OC)OC,0
"2-(3,5-dimethyl-1,2-oxazol-4-yl)-N-(thiophen-2-ylmethyl)quinazolin-4-amine",CC1=C(C(=NO1)C)C2=NC3=CC=CC=C3C(=N2)NCC4=CC=CS4,0
"[(2S,3S,6S)-3-(4-methoxyphenoxy)-6-phenyl-3,6-dihydro-2H-pyran-2-yl]methyl (4Z)-4-[[(2S,3S,6S)-3-(4-methoxyphenoxy)-6-phenyl-3,6-dihydro-2H-pyran-2-yl]methoxyimino]pentanoate",C/C(=N/OC[C@H]1[C@H](C=C[C@H](O1)C2=CC=CC=C2)OC3=CC=C(C=C3)OC)/CCC(=O)OC[C@H]4[C@H](C=C[C@H](O4)C5=CC=CC=C5)OC6=CC=C(C=C6)OC,0
"[9-[[3,5-Bis(trifluoromethyl)phenyl]methyl]-3,9-diazaspiro[5.5]undecan-3-yl]-pyrazin-2-ylmethanone",C1CN(CCC12CCN(CC2)C(=O)C3=NC=CN=C3)CC4=CC(=CC(=C4)C(F)(F)F)C(F)(F)F,0
"methyl (2R,3R,6R)-4-benzoyl-10-(dimethylcarbamoyl)-3-[(4-fluorophenyl)methyl]-9-(2-morpholin-4-ylethyl)-4,9-diazatricyclo[6.3.0.02,6]undeca-1(8),10-diene-3-carboxylate",CN(C)C(=O)C1=CC2=C(N1CCN3CCOCC3)C[C@@H]4[C@H]2[C@](N(C4)C(=O)C5=CC=CC=C5)(CC6=CC=C(C=C6)F)C(=O)OC,0
"dimethyl (1R,4S,6S,11S)-12-acetyloxy-4,7-dihydroxy-6-[(2R,11S)-2-hydroxy-11-methyl-5,7,10-trioxatetracyclo[6.3.1.02,6.09,11]dodec-3-en-9-yl]-6-methyl-14-[(E)-2-methylbut-2-enoyl]oxy-3,9-dioxatetracyclo[6.6.1.01,5.011,15]pentadecane-4,11-dicarboxylate",C/C=C(\C)/C(=O)OC1CC([C@]2(COC3C2[C@@]14CO[C@@](C4[C@](C3O)(C)C56C7CC([C@@]5(O6)C)[C@@]8(C=COC8O7)O)(C(=O)OC)O)C(=O)OC)OC(=O)C,0
Bromocriptine Impurity B,CC(C)C[C@H]1C(=O)N2CCCC2[C@]3(N1C(=O)[C@](O3)(C(C)C)NC(=O)[C@H]4CN(C5CC6=CNC7=CC=CC(=C67)C5=C4)C)O,0
"(5S)-7-(benzenesulfonyl)-2-[(2-methoxyphenyl)methyl]-2,7-diazaspiro[4.5]decane",COC1=CC=CC=C1CN2CC[C@]3(C2)CCCN(C3)S(=O)(=O)C4=CC=CC=C4,0
6-(2-methoxyphenyl)-N-(2-morpholin-4-ylethyl)quinazolin-4-amine,COC1=CC=CC=C1C2=CC3=C(C=C2)N=CN=C3NCCN4CCOCC4,0
8-[(3-Methoxyphenyl)methyl]-2-piperazin-1-yl-6-thiophen-2-ylpteridin-7-one,COC1=CC=CC(=C1)CN2C3=NC(=NC=C3N=C(C2=O)C4=CC=CS4)N5CCNCC5,0
Mercury dibromofluorescein disodium salt,C1=CC=C(C(=C1)C2=C3C=C(C(=O)C=C3OC4=C(C(=C(C=C24)Br)[O-])[Hg])Br)C(=O)[O-].O.[Na+].[Na+],0
"5-(4-Bromophenyl)-3-[(4-methoxyphenoxy)methyl]-6-methyl-3,4,4a,5,6,7,8,8a-octahydroisochromen-1-one",CC1CCC2C(C1C3=CC=C(C=C3)Br)CC(OC2=O)COC4=CC=C(C=C4)OC,0
"(5R)-N-(3-cyanophenyl)-9-(pyrazine-2-carbonyl)-2,9-diazaspiro[4.5]decane-2-carboxamide",C1C[C@@]2(CCN(C2)C(=O)NC3=CC=CC(=C3)C#N)CN(C1)C(=O)C4=NC=CN=C4,0
"(1R,2S)-2-methyl-9-phenyl-4-(2-phenylethyl)-11-propan-2-ylidene-4,6-diazatricyclo[6.3.0.02,6]undec-8-ene-3,5,10-trione",CC(=C1[C@H]2C(=C(C1=O)C3=CC=CC=C3)CN4[C@@]2(C(=O)N(C4=O)CCC5=CC=CC=C5)C)C,0
"benzyl N-[(S)-[(1S,2R)-1-methyl-2-[(2R)-1-(naphthalen-1-ylmethylamino)-1-oxopropan-2-yl]cyclopropyl]-phenylmethyl]carbamate",C[C@H]([C@H]1C[C@]1(C)[C@@H](C2=CC=CC=C2)NC(=O)OCC3=CC=CC=C3)C(=O)NCC4=CC=CC5=CC=CC=C54,0
"Phenyl 9-(pyridin-4-ylmethyl)-3,9-diazaspiro[5.5]undecane-3-carboxylate",C1CN(CCC12CCN(CC2)C(=O)OC3=CC=CC=C3)CC4=CC=NC=C4,0
Lopac-U-105,CN([C@@H]1CC[C@@]2(CCCO2)C[C@H]1N3CCCC3)C(=O)CC4=CC(=C(C=C4)Cl)Cl.CS(=O)(=O)O,0
"2-(1,3-benzodioxol-5-yl)-N-[(2,4-dimethoxyphenyl)methyl]quinazolin-4-amine",COC1=CC(=C(C=C1)CNC2=NC(=NC3=CC=CC=C32)C4=CC5=C(C=C4)OCO5)OC,0
Bithionol,C1=C(C=C(C(=C1SC2=C(C(=CC(=C2)Cl)Cl)O)O)Cl)Cl,0
"2-(4-aminophenyl)-3-methoxy-N-[(3-methoxyphenyl)methyl]imidazo[1,2-b]pyridazin-6-amine",COC1=CC=CC(=C1)CNC2=NN3C(=NC(=C3OC)C4=CC=C(C=C4)N)C=C2,0
"N-[(2,4-dimethoxyphenyl)methyl]-6-(3-methoxyphenyl)pyrimidin-4-amine",COC1=CC(=C(C=C1)CNC2=NC=NC(=C2)C3=CC(=CC=C3)OC)OC,0
"Methyl 2-(3-phenylphenyl)-2,9-diazaspiro[5.5]undecane-9-carboxylate",COC(=O)N1CCC2(CCCN(C2)C3=CC=CC(=C3)C4=CC=CC=C4)CC1,0
3-[4-(Methylamino)quinazolin-2-yl]benzonitrile,CNC1=NC(=NC2=CC=CC=C21)C3=CC=CC(=C3)C#N,0
Phenyl 4-aminosalicylate,C1=CC=C(C=C1)OC(=O)C2=C(C=C(C=C2)N)O,0
"(1S,2R,4R,6S,8R,9S,11R,12S,13R)-12-fluoro-11-hydroxy-8-(2-hydroxyacetyl)-6,9,13-trimethyl-6-phenyl-5,7-dioxapentacyclo[10.8.0.02,9.04,8.013,18]icosa-14,17-dien-16-one",C[C@]12C[C@H]([C@@]3([C@H]([C@H]1C[C@@H]4[C@@]2(O[C@@](O4)(C)C5=CC=CC=C5)C(=O)CO)CCC6=CC(=O)C=C[C@]63C)F)O,0
(1S)-2-bis(4-methylphenoxy)phosphoryl-1H-isoquinoline-1-carbonitrile,CC1=CC=C(C=C1)OP(=O)(N2C=CC3=CC=CC=C3[C@H]2C#N)OC4=CC=C(C=C4)C,0
"6-[4-(dimethylamino)phenyl]-N,N-dimethylquinazolin-4-amine",CN(C)C1=CC=C(C=C1)C2=CC3=C(C=C2)N=CN=C3N(C)C,0
"[(7S,9Z,11R,12R,13S,14S,15R,16S,17R,18S,20R,22Z)-2,15,17-trihydroxy-28-[(2R,3S,6R)-6-hydroxy-2-methyloxan-3-yl]imino-11-methoxy-3,7,12,14,16,23-hexamethyl-6,21,24,30-tetraoxo-8,31-dioxa-25-azapentacyclo[24.3.1.14,7.05,29.018,20]hentriaconta-1(29),2,4,9,22,26-hexaen-13-yl] acetate",C[C@@H]1[C@@H](/C=C\O[C@@]2(C(=O)C3=C(O2)C(=C(C4=C3C(=N[C@H]5CC[C@@H](O[C@@H]5C)O)C=C(C4=O)NC(=O)/C(=C\C(=O)[C@@H]6C[C@@H]6[C@H]([C@@H]([C@H]([C@@H]([C@@H]1OC(=O)C)C)O)C)O)/C)O)C)C)OC,0
2-(dimethylamino)-8-[[(2R)-oxolan-2-yl]methyl]-6-thiophen-2-ylpteridin-7-one,CN(C)C1=NC=C2C(=N1)N(C(=O)C(=N2)C3=CC=CS3)C[C@H]4CCCO4,0
"Theaflavin 3,3'-digallate",C1C(C(OC2=CC(=CC(=C21)O)O)C3=CC4=C(C(=C(C=C4C5C(CC6=C(C=C(C=C6O5)O)O)OC(=O)C7=CC(=C(C(=C7)O)O)O)O)O)C(=O)C(=C3)O)OC(=O)C8=CC(=C(C(=C8)O)O)O,0
Leflunomide,CC1=C(C=NO1)C(=O)NC2=CC=C(C=C2)C(F)(F)F,0
Pachyrrhizin,COC1=CC2=C(C=C1C3=CC4=C(C=C5C(=C4)C=CO5)OC3=O)OCO2,0
5-(2-methoxyphenyl)-N-[(5-methylpyrazin-2-yl)methyl]pyrimidin-4-amine,CC1=CN=C(C=N1)CNC2=NC=NC=C2C3=CC=CC=C3OC,0
"6-[(R)-(4-methoxyphenyl)-(pyrimidin-2-ylamino)methyl]-1,3-benzodioxol-5-ol",COC1=CC=C(C=C1)[C@H](C2=CC3=C(C=C2O)OCO3)NC4=NC=CC=N4,0
Tetrabromobisphenol A,CC(C)(C1=CC(=C(C(=C1)Br)O)Br)C2=CC(=C(C(=C2)Br)O)Br,0
"methyl (2R,3R,6R)-4-benzoyl-9-[2-(3-bromo-4-methoxyphenyl)ethyl]-3-[(4-methoxyphenyl)methyl]-10-(pyrrolidine-1-carbonyl)-4,9-diazatricyclo[6.3.0.02,6]undeca-1(8),10-diene-3-carboxylate",COC1=CC=C(C=C1)C[C@@]2([C@@H]3[C@@H](CC4=C3C=C(N4CCC5=CC(=C(C=C5)OC)Br)C(=O)N6CCCC6)CN2C(=O)C7=CC=CC=C7)C(=O)OC,0
"4-[4-(benzylamino)quinazolin-6-yl]-N,N-dimethylbenzamide",CN(C)C(=O)C1=CC=C(C=C1)C2=CC3=C(C=C2)N=CN=C3NCC4=CC=CC=C4,0
(Z)-N-[(2R)-1-hydroxy-3-(4-hydroxyphenyl)propan-2-yl]octadec-9-enamide,CCCCCCCC/C=C\CCCCCCCC(=O)N[C@H](CC1=CC=C(C=C1)O)CO,0
"methyl (2R,3R,6R)-4-benzoyl-10-(dimethylcarbamoyl)-9-(2-hydroxyethyl)-3-[(4-methoxyphenyl)methyl]-4,9-diazatricyclo[6.3.0.02,6]undeca-1(8),10-diene-3-carboxylate",CN(C)C(=O)C1=CC2=C(N1CCO)C[C@@H]3[C@H]2[C@](N(C3)C(=O)C4=CC=CC=C4)(CC5=CC=C(C=C5)OC)C(=O)OC,0
Nialamide,C1=CC=C(C=C1)CNC(=O)CCNNC(=O)C2=CC=NC=C2,0
"4-[4-[furan-2-ylmethyl(methyl)amino]quinazolin-6-yl]-N,N-dimethylbenzamide",CN(C)C(=O)C1=CC=C(C=C1)C2=CC3=C(C=C2)N=CN=C3N(C)CC4=CC=CO4,0
N-benzyl-2-(2-methoxyphenyl)pyrimidin-4-amine,COC1=CC=CC=C1C2=NC=CC(=N2)NCC3=CC=CC=C3,0
Pentamethylquercetin,COC1=C(C=C(C=C1)C2=C(C(=O)C3=C(O2)C=C(C=C3OC)OC)OC)OC,0
N-pentanoyl-2-benzyltryptamine,CCCCC(=O)NCCC1=C(NC2=CC=CC=C21)CC3=CC=CC=C3,0
"N-(3-fluorophenyl)-2,9-diazaspiro[5.5]undecane-2-carboxamide",C1CC2(CCNCC2)CN(C1)C(=O)NC3=CC(=CC=C3)F,0
N'-(3-methoxyphenyl)-N-[(3-methoxyphenyl)methylidene]methanimidamide,COC1=CC=CC(=C1)C=NC=NC2=CC(=CC=C2)OC,0
5-(furan-3-yl)-N-phenylpyrimidin-4-amine,C1=CC=C(C=C1)NC2=NC=NC=C2C3=COC=C3,0
Methoxyvone,CC1=CC(=CC2=C1C(=O)C=C(O2)C3=CC=CC=C3)OC,0
2-(2-Chlorophenyl)-4-piperazin-1-ylquinazoline,C1CN(CCN1)C2=NC(=NC3=CC=CC=C32)C4=CC=CC=C4Cl,0
"N,N-bis(2-methoxyethyl)-2-methyl-9-(2-morpholin-4-ylethyl)-8-phenylpurin-6-amine",CC1=NC2=C(C(=N1)N(CCOC)CCOC)N=C(N2CCN3CCOCC3)C4=CC=CC=C4,0
"[(1R,2S,12R,16S)-2-benzyl-3-(cyclopropylmethylimino)-8-ethyl-14-methyl-5,13,15-trioxo-4-oxa-6,14-diazatetracyclo[7.7.0.02,6.012,16]hexadeca-7,9-dien-7-yl] N,N-diethylcarbamate",CCC1=C(N2C(=O)OC(=NCC3CC3)[C@@]2([C@H]4C1=CC[C@@H]5[C@H]4C(=O)N(C5=O)C)CC6=CC=CC=C6)OC(=O)N(CC)CC,0
"2-[(1S,2R)-2-[(R)-(diphenylphosphorylamino)-phenylmethyl]-2-methylcyclopropyl]ethanol",C[C@]1(C[C@H]1CCO)[C@H](C2=CC=CC=C2)NP(=O)(C3=CC=CC=C3)C4=CC=CC=C4,0
"4,4'-(Dithiodimethylene)dipyridine",C1=CN=CC=C1CSSCC2=CC=NC=C2,0
Imazodan,C1CC(=O)NN=C1C2=CC=C(C=C2)N3C=CN=C3,0
"(3aS,5aS,6Z,8R,9S,9aS,9bS)-2-(1,3-benzodioxol-5-ylmethyl)-8,9-dihydroxy-6-pent-4-ynoxyimino-4,5,5a,7,8,9,9a,9b-octahydro-3aH-benzo[e]isoindole-1,3-dione",C#CCCCO/N=C\1/C[C@H]([C@H]([C@H]2[C@@H]1CC[C@H]3[C@H]2C(=O)N(C3=O)CC4=CC5=C(C=C4)OCO5)O)O,0
2-Chloro-p-phenylenediamine sulfate,C1=CC(=C(C=C1N)Cl)N.OS(=O)(=O)O,0
"(4-methoxyphenyl)-[(5S)-2-pyridin-4-yl-2,7-diazaspiro[4.5]decan-7-yl]methanone",COC1=CC=C(C=C1)C(=O)N2CCC[C@]3(C2)CCN(C3)C4=CC=NC=C4,0
Phosalone,CCOP(=S)(OCC)SCN1C2=C(C=C(C=C2)Cl)OC1=O,0
Lopac-E-3645,CCCCCCCCCCCCCCCC(=O)NC[C@@H](COP(=O)([O-])OCC[N+](C)(C)C)OCC,0
"8-Hydroxy-3,4,5-trimethyl-6-oxo-4,6-dihydro-3H-isochromene-7-carboxylic acid",CC1C(OC=C2C1=C(C(=C(C2=O)C(=O)O)O)C)C,0
N-[3-[4-(methylamino)pyrimidin-2-yl]phenyl]methanesulfonamide,CNC1=NC(=NC=C1)C2=CC(=CC=C2)NS(=O)(=O)C,0
(+)-Blebbistatin,CC1=CC2=C(C=C1)N=C3[C@@](C2=O)(CCN3C4=CC=CC=C4)O,0
"[3-acetyloxy-6-(2-phenylethynyl)-3,6-dihydro-2H-pyran-2-yl]methyl acetate",CC(=O)OCC1C(C=CC(O1)C#CC2=CC=CC=C2)OC(=O)C,0
6-Phenyl-2-piperazin-1-yl-8-(thiophen-2-ylmethyl)pteridin-7-one,C1CN(CCN1)C2=NC=C3C(=N2)N(C(=O)C(=N3)C4=CC=CC=C4)CC5=CC=CS5,0
2-Methoxy-6-(4-methoxyphenyl)-8-methylpteridin-7-one,CN1C2=NC(=NC=C2N=C(C1=O)C3=CC=C(C=C3)OC)OC,0
N-[3-[4-(benzylamino)pyrimidin-5-yl]phenyl]methanesulfonamide,CS(=O)(=O)NC1=CC=CC(=C1)C2=CN=CN=C2NCC3=CC=CC=C3,0
Ethaverine Hydrochloride,CCOC1=C(C=C(C=C1)CC2=NC=CC3=CC(=C(C=C32)OCC)OCC)OCC.Cl,0
"methyl (2S,3aS,6R,7aS)-6-hydroxy-1-[(4-phenylphenyl)methyl]-2,3,3a,4,5,6,7,7a-octahydroindole-2-carboxylate",COC(=O)[C@@H]1C[C@@H]2CC[C@H](C[C@@H]2N1CC3=CC=C(C=C3)C4=CC=CC=C4)O,0
2-(2-chlorophenyl)-N-methylquinazolin-4-amine,CNC1=NC(=NC2=CC=CC=C21)C3=CC=CC=C3Cl,0
"methyl (2R,3R,6R)-4-benzoyl-9-[(2S)-2,3-dihydroxypropyl]-10-(dimethylcarbamoyl)-3-[(4-methoxyphenyl)methyl]-4,9-diazatricyclo[6.3.0.02,6]undeca-1(8),10-diene-3-carboxylate",CN(C)C(=O)C1=CC2=C(N1C[C@@H](CO)O)C[C@@H]3[C@H]2[C@](N(C3)C(=O)C4=CC=CC=C4)(CC5=CC=C(C=C5)OC)C(=O)OC,0
"furan-2-yl-[(5S)-2-pyridin-4-yl-2,7-diazaspiro[4.5]decan-7-yl]methanone",C1C[C@@]2(CCN(C2)C3=CC=NC=C3)CN(C1)C(=O)C4=CC=CO4,0
Tocris-1128,CC(=C)[C@@H]1[C@@H]2[C@@H]3[C@]4([C@]([C@H]1C(=O)O2)(C[C@@H]5[C@]4(O5)C(=O)O3)O)C.C[C@]12[C@H]3[C@H]4[C@H]([C@@H]([C@@]1(C[C@@H]5[C@]2(O5)C(=O)O3)O)C(=O)O4)C(C)(C)O,0
"9-Ethyl-8-methylsulfanyl-1,3-dihydrofuro[3,4-b]quinoline",CCC1=C2COCC2=NC3=C1C(=CC=C3)SC,0
"methyl (2S,3aR,6S,7aR)-1-[(4-chlorophenyl)methyl]-6-hydroxy-2,3,3a,4,5,6,7,7a-octahydroindole-2-carboxylate",COC(=O)[C@@H]1C[C@H]2CC[C@@H](C[C@H]2N1CC3=CC=C(C=C3)Cl)O,0
"2-(3,5-dimethyl-1,2-oxazol-4-yl)-N-(pyridin-3-ylmethyl)pyrimidin-4-amine",CC1=C(C(=NO1)C)C2=NC=CC(=N2)NCC3=CN=CC=C3,0
"2-(4-Methoxyphenoxy)-6,8-dimethylpteridin-7-one",CC1=NC2=CN=C(N=C2N(C1=O)C)OC3=CC=C(C=C3)OC,0
4-Nitrophthalimide,C1=CC2=C(C=C1[N+](=O)[O-])C(=O)NC2=O,0
"N-[(R)-[(1R,2S)-1-methyl-2-[(2R)-1-(naphthalen-2-ylamino)-1-oxopropan-2-yl]cyclopropyl]-phenylmethyl]benzamide",C[C@H]([C@@H]1C[C@@]1(C)[C@H](C2=CC=CC=C2)NC(=O)C3=CC=CC=C3)C(=O)NC4=CC5=CC=CC=C5C=C4,0
6-(4-Methoxyphenyl)-8-phenyl-2-piperazin-1-ylpteridin-7-one,COC1=CC=C(C=C1)C2=NC3=CN=C(N=C3N(C2=O)C4=CC=CC=C4)N5CCNCC5,0
"[(1R,2S,12R,16S)-3-(cyclopropylmethylimino)-8-ethyl-2-methyl-5,13,15-trioxo-4-oxa-6,14-diazatetracyclo[7.7.0.02,6.012,16]hexadeca-7,9-dien-7-yl] N,N-diethylcarbamate",CCC1=C(N2C(=O)OC(=NCC3CC3)[C@@]2([C@H]4C1=CC[C@@H]5[C@H]4C(=O)NC5=O)C)OC(=O)N(CC)CC,0
"(1-Methylpyrrol-2-yl)-[2-(3-phenylphenyl)-2,9-diazaspiro[5.5]undecan-9-yl]methanone",CN1C=CC=C1C(=O)N2CCC3(CCCN(C3)C4=CC=CC(=C4)C5=CC=CC=C5)CC2,0
"[(5S)-2-benzhydryl-2,7-diazaspiro[4.5]decan-7-yl]-(1-methylpyrrol-2-yl)methanone",CN1C=CC=C1C(=O)N2CCC[C@]3(C2)CCN(C3)C(C4=CC=CC=C4)C5=CC=CC=C5,0
"(3S,7Z,9S,10R,15Z,17S,18R)-3-benzyl-10,18-dimethoxy-9,17-dimethyl-1,12-dioxa-4-azacyclononadeca-7,15-diene-2,5,13-trione",C[C@H]1/C=C\CC(=O)N[C@H](C(=O)OC[C@@H]([C@H](/C=C\CC(=O)OC[C@@H]1OC)C)OC)CC2=CC=CC=C2,0
2-{4-[3-(Pyrrolidin-1-ylsulfonyl)pyridin-4-yl]piperazin-1-yl}ethanol,C1CCN(C1)S(=O)(=O)C2=C(C=CN=C2)N3CCN(CC3)CCO,0
(S)-Nitrendipine,CCOC(=O)C1=C(NC(=C([C@@H]1C2=CC(=CC=C2)[N+](=O)[O-])C(=O)OC)C)C,0
2-(furan-3-yl)-N-[2-(5-methoxy-1H-indol-3-yl)ethyl]pyrimidin-4-amine,COC1=CC2=C(C=C1)NC=C2CCNC3=NC(=NC=C3)C4=COC=C4,0
"6-(3,5-Difluorophenyl)-2-methoxy-8-[(3-methoxyphenyl)methyl]pteridin-7-one",COC1=CC=CC(=C1)CN2C3=NC(=NC=C3N=C(C2=O)C4=CC(=CC(=C4)F)F)OC,0
"N,N-dimethyl-4-[4-(4-methylpiperazin-1-yl)pyrimidin-5-yl]benzamide",CN1CCN(CC1)C2=NC=NC=C2C3=CC=C(C=C3)C(=O)N(C)C,0
"methyl (2R)-2-[(1R,2S)-2-methyl-2-[(S)-phenyl(phenylmethoxycarbonylamino)methyl]cyclopropyl]propanoate",C[C@H]([C@H]1C[C@]1(C)[C@@H](C2=CC=CC=C2)NC(=O)OCC3=CC=CC=C3)C(=O)OC,0
"N-[(2,4-dimethoxyphenyl)methyl]-2-[2-(trifluoromethyl)phenyl]pyrimidin-4-amine",COC1=CC(=C(C=C1)CNC2=NC(=NC=C2)C3=CC=CC=C3C(F)(F)F)OC,0
6-(4-Fluorophenyl)-8-[(3-methoxyphenyl)methyl]-2-piperazin-1-ylpteridin-7-one,COC1=CC=CC(=C1)CN2C3=NC(=NC=C3N=C(C2=O)C4=CC=C(C=C4)F)N5CCNCC5,0
2-(furan-3-yl)-N-[(3-methylphenyl)methyl]pyrimidin-4-amine,CC1=CC(=CC=C1)CNC2=NC(=NC=C2)C3=COC=C3,0
"N-[(2,4-dimethoxyphenyl)methyl]-2-(3-methoxyphenyl)pyrimidin-4-amine",COC1=CC(=C(C=C1)CNC2=NC(=NC=C2)C3=CC(=CC=C3)OC)OC,0
Tocris-1743,CC(C)(C)C1=CC=C(C=C1)S(=O)(=O)/C=C\C#N,0
Docebenone,CC1=C(C(=O)C(=C(C1=O)C)CCCCC#CCCCC#CCO)C,0
"methyl (2R,3R,6R)-4-benzoyl-3-benzyl-9-(naphthalen-1-ylmethyl)-10-(pyrrolidine-1-carbonyl)-4,9-diazatricyclo[6.3.0.02,6]undeca-1(8),10-diene-3-carboxylate",COC(=O)[C@]1([C@@H]2[C@@H](CC3=C2C=C(N3CC4=CC=CC5=CC=CC=C54)C(=O)N6CCCC6)CN1C(=O)C7=CC=CC=C7)CC8=CC=CC=C8,0
trans Nemonapride,C[C@H]1[C@@H](CCN1CC2=CC=CC=C2)NC(=O)C3=CC(=C(C=C3OC)NC)Cl,0
"methyl (2S,3aS,4S,5S,6S,7aR)-1-(2,2-diphenylethyl)-3a,4,5,6-tetrahydroxy-3,4,5,6,7,7a-hexahydro-2H-indole-2-carboxylate",COC(=O)[C@@H]1C[C@@]2([C@H](N1CC(C3=CC=CC=C3)C4=CC=CC=C4)C[C@@H]([C@@H]([C@@H]2O)O)O)O,0
Sildenafil,CCCC1=NN(C2=C1N=C(NC2=O)C3=C(C=CC(=C3)S(=O)(=O)N4CCN(CC4)C)OCC)C,0
2-(diethylamino)ethyl (2S)-2-(naphthalen-1-ylmethyl)-3-[(2S)-oxolan-2-yl]propanoate,CCN(CC)CCOC(=O)[C@H](C[C@@H]1CCCO1)CC2=CC=CC3=CC=CC=C32,0
5-(furan-3-yl)-N-[(5-methylpyrazin-2-yl)methyl]pyrimidin-4-amine,CC1=CN=C(C=N1)CNC2=NC=NC=C2C3=COC=C3,0
3-[4-(Dimethylamino)benzylidene]indolin-2-one,CN(C)C1=CC=C(C=C1)/C=C/2\C3=CC=CC=C3NC2=O,0
Tocris-1622,C[C@](CC1=CC=CC=C1)(C2=CC=CC=C2)NC(=O)CN,0
"8-Hydroxy-7-phenylfuro[3,2-f]chromen-9-one",C1=CC=C(C=C1)C2=C(C(=O)C3=C(O2)C=CC4=C3C=CO4)O,0
"9-(Benzenesulfonyl)-2-phenyl-2,9-diazaspiro[5.5]undecane",C1CC2(CCN(CC2)S(=O)(=O)C3=CC=CC=C3)CN(C1)C4=CC=CC=C4,0
Euparin,CC(=C)C1=CC2=CC(=C(C=C2O1)O)C(=O)C,0
8-Benzyl-6-thiophen-2-ylpteridin-7-one,C1=CC=C(C=C1)CN2C3=NC=NC=C3N=C(C2=O)C4=CC=CS4,0
"methyl (2R,3R,6R)-4-benzoyl-10-(dimethylcarbamoyl)-3-[(4-methoxyphenyl)methyl]-9-[2-(5-oxoimidazolidin-1-yl)ethyl]-4,9-diazatricyclo[6.3.0.02,6]undeca-1(8),10-diene-3-carboxylate",CN(C)C(=O)C1=CC2=C(N1CCN3CNCC3=O)C[C@@H]4[C@H]2[C@](N(C4)C(=O)C5=CC=CC=C5)(CC6=CC=C(C=C6)OC)C(=O)OC,0
"methyl (2R,3R,6R)-4-benzoyl-3-benzyl-10-(dimethylcarbamoyl)-9-(2-hydroxyethyl)-4,9-diazatricyclo[6.3.0.02,6]undeca-1(8),10-diene-3-carboxylate",CN(C)C(=O)C1=CC2=C(N1CCO)C[C@@H]3[C@H]2[C@](N(C3)C(=O)C4=CC=CC=C4)(CC5=CC=CC=C5)C(=O)OC,0
"methyl (2R,3R,6R)-4-benzoyl-10-(dimethylcarbamoyl)-3-[(4-fluorophenyl)methyl]-9-[[2-(hydroxymethyl)-5-methyl-4-oxo-1H-pyridin-3-yl]methyl]-4,9-diazatricyclo[6.3.0.02,6]undeca-1(8),10-diene-3-carboxylate",CC1=CNC(=C(C1=O)CN2C3=C(C=C2C(=O)N(C)C)[C@H]4[C@@H](C3)CN([C@@]4(CC5=CC=C(C=C5)F)C(=O)OC)C(=O)C6=CC=CC=C6)CO,0
N-(4-methoxyphenyl)-7-phenylhept-6-ynamide,COC1=CC=C(C=C1)NC(=O)CCCCC#CC2=CC=CC=C2,0
"methyl (4R)-2,6-dimethyl-5-nitro-4-[2-(trifluoromethyl)phenyl]-1,4-dihydropyridine-3-carboxylate",CC1=C([C@H](C(=C(N1)C)[N+](=O)[O-])C2=CC=CC=C2C(F)(F)F)C(=O)OC,0
"[(1S,2S,8S,12R)-7-(furan-3-yl)-1,8,12,16,16-pentamethyl-5,15-dioxo-3,6-dioxapentacyclo[9.8.0.02,4.02,8.012,17]nonadec-13-en-19-yl] acetate",CC(=O)OC1CC2[C@](C=CC(=O)C2(C)C)(C3[C@@]1([C@@]45C(O4)C(=O)OC([C@@]5(CC3)C)C6=COC=C6)C)C,0
"(5S)-7-(benzenesulfonyl)-2-benzhydryl-2,7-diazaspiro[4.5]decane",C1C[C@@]2(CCN(C2)C(C3=CC=CC=C3)C4=CC=CC=C4)CN(C1)S(=O)(=O)C5=CC=CC=C5,0
(S)-Verapamil,CC(C)[C@](CCCN(C)CCC1=CC(=C(C=C1)OC)OC)(C#N)C2=CC(=C(C=C2)OC)OC,0
"trans-methyl (1S,2S)-2-[(S)-phenyl-[(4-phenylphenyl)sulfonylamino]methyl]cyclopropane-1-carboxylate",COC(=O)[C@H]1C[C@@H]1[C@@H](C2=CC=CC=C2)NS(=O)(=O)C3=CC=C(C=C3)C4=CC=CC=C4,0
Verapamil Hydrochloride,CC(C)C(CCCN(C)CCC1=CC(=C(C=C1)OC)OC)(C#N)C2=CC(=C(C=C2)OC)OC.Cl,0
(Z)-4-[(7-fluoro-9-oxofluoren-2-yl)amino]-4-oxobut-2-enoic acid,C1=CC2=C(C=C1NC(=O)/C=C\C(=O)O)C(=O)C3=C2C=CC(=C3)F,0
"trans-methyl (1R,2R)-2-[(R)-phenyl-(pyridine-3-carbonylamino)methyl]cyclopropane-1-carboxylate",COC(=O)[C@@H]1C[C@H]1[C@H](C2=CC=CC=C2)NC(=O)C3=CN=CC=C3,0
5-[4-(dimethylamino)phenyl]-N-(4-fluorophenyl)pyrimidin-4-amine,CN(C)C1=CC=C(C=C1)C2=CN=CN=C2NC3=CC=C(C=C3)F,0
"methyl 4-[(E,4R)-5-(2-methoxyethylamino)-4-methyl-5-oxo-1-(phenylmethoxycarbonylamino)-2-pyridin-3-ylpent-2-enyl]benzoate",C[C@H](/C=C(\C1=CN=CC=C1)/C(C2=CC=C(C=C2)C(=O)OC)NC(=O)OCC3=CC=CC=C3)C(=O)NCCOC,0
"methyl (2R,3R,6R)-4-benzoyl-9-[2-(5-hydroxy-1H-indol-3-yl)ethyl]-3-[(4-methoxyphenyl)methyl]-10-(pyrrolidine-1-carbonyl)-4,9-diazatricyclo[6.3.0.02,6]undeca-1(8),10-diene-3-carboxylate",COC1=CC=C(C=C1)C[C@@]2([C@@H]3[C@@H](CC4=C3C=C(N4CCC5=CNC6=C5C=C(C=C6)O)C(=O)N7CCCC7)CN2C(=O)C8=CC=CC=C8)C(=O)OC,0
Curcumin,COC1=C(C=CC(=C1)/C=C/C(=O)CC(=O)/C=C/C2=CC(=C(C=C2)O)OC)O,0
"9-(Benzenesulfonyl)-2-[(2-methoxyphenyl)methyl]-2,9-diazaspiro[5.5]undecane",COC1=CC=CC=C1CN2CCCC3(C2)CCN(CC3)S(=O)(=O)C4=CC=CC=C4,0
"[3,5-Bis(trifluoromethyl)phenyl]-[2-(1,3-thiazol-2-ylmethyl)-2,9-diazaspiro[5.5]undecan-9-yl]methanone",C1CC2(CCN(CC2)C(=O)C3=CC(=CC(=C3)C(F)(F)F)C(F)(F)F)CN(C1)CC4=NC=CS4,0
Carvedilol tartrate,COC1=CC=CC=C1OCCNCC(COC2=CC=CC3=C2C4=CC=CC=C4N3)O.C(C(C(=O)O)O)(C(=O)O)O,0
2-(1-(4-Piperonyl)piperazinyl)benzothiazole,C1CN(CCN1CC2=CC3=C(C=C2)OCO3)C4=NC5=CC=CC=C5S4,0
"6-(3,5-Difluorophenyl)-8-[(3-methoxyphenyl)methyl]-2-(4-methylpiperazin-1-yl)pteridin-7-one",CN1CCN(CC1)C2=NC=C3C(=N2)N(C(=O)C(=N3)C4=CC(=CC(=C4)F)F)CC5=CC(=CC=C5)OC,0
"methyl 4-[(E,4R)-5-[benzyl(methyl)amino]-4-methyl-5-oxo-1-(phenylmethoxycarbonylamino)-2-pyridin-3-ylpent-2-enyl]benzoate",C[C@H](/C=C(\C1=CN=CC=C1)/C(C2=CC=C(C=C2)C(=O)OC)NC(=O)OCC3=CC=CC=C3)C(=O)N(C)CC4=CC=CC=C4,0
"[3,5-bis(trifluoromethyl)phenyl]-[(5S)-2-pyridin-4-yl-2,7-diazaspiro[4.5]decan-7-yl]methanone",C1C[C@@]2(CCN(C2)C3=CC=NC=C3)CN(C1)C(=O)C4=CC(=CC(=C4)C(F)(F)F)C(F)(F)F,0
Irbesartan,CCCCC1=NC2(CCCC2)C(=O)N1CC3=CC=C(C=C3)C4=CC=CC=C4C5=NNN=N5,0
2-pyridin-3-yl-N-(pyridin-3-ylmethyl)pyrimidin-4-amine,C1=CC(=CN=C1)CNC2=NC(=NC=C2)C3=CN=CC=C3,0
"methyl (2S,3aR,6S,7aR)-6-hydroxy-1-[[2-(4-methylphenyl)sulfonyloxyphenyl]methyl]-2,3,3a,4,5,6,7,7a-octahydroindole-2-carboxylate",CC1=CC=C(C=C1)S(=O)(=O)OC2=CC=CC=C2CN3[C@@H]4C[C@H](CC[C@@H]4C[C@H]3C(=O)OC)O,0
8-[(3-Methoxyphenyl)methyl]-6-methyl-2-phenylmethoxypteridin-7-one,CC1=NC2=CN=C(N=C2N(C1=O)CC3=CC(=CC=C3)OC)OCC4=CC=CC=C4,0
(R)-Canadine,COC1=C(C2=C(C[C@@H]3C4=CC5=C(C=C4CCN3C2)OCO5)C=C1)OC,0
Oxoglaucine,COC1=C(C2=C3C(=C1)C=CN=C3C(=O)C4=CC(=C(C=C42)OC)OC)OC,0
2-(4-Methoxyphenoxy)-8-methyl-6-thiophen-2-ylpteridin-7-one,CN1C2=NC(=NC=C2N=C(C1=O)C3=CC=CS3)OC4=CC=C(C=C4)OC,0
8-[(3-Methoxyphenyl)methyl]-2-(4-methylpiperazin-1-yl)-6-(2-phenylethyl)pteridin-7-one,CN1CCN(CC1)C2=NC=C3C(=N2)N(C(=O)C(=N3)CCC4=CC=CC=C4)CC5=CC(=CC=C5)OC,0
"ethyl N-[2-[(1R,2S)-2-[(S)-(diphenylphosphorylamino)-[1-(2-phenylprop-2-enyl)cyclopropyl]methyl]cyclopropyl]ethyl]-N-(4-methylphenyl)sulfonylcarbamate",CCOC(=O)N(CC[C@H]1C[C@@H]1[C@@H](C2(CC2)CC(=C)C3=CC=CC=C3)NP(=O)(C4=CC=CC=C4)C5=CC=CC=C5)S(=O)(=O)C6=CC=C(C=C6)C,0
1-benzoyl-N-(cyclopropylmethyl)-2-methyl-1-azaspiro[4.5]dec-3-ene-2-carboxamide,CC1(C=CC2(N1C(=O)C3=CC=CC=C3)CCCCC2)C(=O)NCC4CC4,0
"methyl (2R,3R,6R)-4-benzoyl-10-(dimethylcarbamoyl)-9-[[2-(hydroxymethyl)-5-methyl-4-oxo-1H-pyridin-3-yl]methyl]-3-[(4-methoxyphenyl)methyl]-4,9-diazatricyclo[6.3.0.02,6]undeca-1(8),10-diene-3-carboxylate",CC1=CNC(=C(C1=O)CN2C3=C(C=C2C(=O)N(C)C)[C@H]4[C@@H](C3)CN([C@@]4(CC5=CC=C(C=C5)OC)C(=O)OC)C(=O)C6=CC=CC=C6)CO,0
"methyl 4-[(E,4R)-4-methyl-5-[(5-methylfuran-2-yl)methylamino]-5-oxo-1-(phenylmethoxycarbonylamino)-2-pyridin-3-ylpent-2-enyl]benzoate",CC1=CC=C(O1)CNC(=O)[C@H](C)/C=C(\C2=CN=CC=C2)/C(C3=CC=C(C=C3)C(=O)OC)NC(=O)OCC4=CC=CC=C4,0
Metol,CNC1=CC=C(C=C1)O.CNC1=CC=C(C=C1)O.OS(=O)(=O)O,0
"(4R,4aR)-4-[2-(furan-3-yl)ethyl]-4-hydroxy-3,4a,8,8-tetramethyl-5,6,7,8a-tetrahydronaphthalen-1-one",CC1=CC(=O)C2[C@]([C@]1(CCC3=COC=C3)O)(CCCC2(C)C)C,0
"methyl (2R,3R,6R)-4-benzoyl-9-(2-fluoroethyl)-3-[(4-methoxyphenyl)methyl]-10-(pyrrolidine-1-carbonyl)-4,9-diazatricyclo[6.3.0.02,6]undeca-1(8),10-diene-3-carboxylate",COC1=CC=C(C=C1)C[C@@]2([C@@H]3[C@@H](CC4=C3C=C(N4CCF)C(=O)N5CCCC5)CN2C(=O)C6=CC=CC=C6)C(=O)OC,0
"(1S,2S)-N-[(1,5-dimethylpyrazol-3-yl)methyl]-2-[(S)-(diphenylphosphorylamino)-phenylmethyl]cyclopropane-1-carboxamide",CC1=CC(=NN1C)CNC(=O)[C@H]2C[C@@H]2[C@@H](C3=CC=CC=C3)NP(=O)(C4=CC=CC=C4)C5=CC=CC=C5,0
"methyl (2R,3R,6R)-4-benzoyl-10-(dimethylcarbamoyl)-3-[(4-methoxyphenyl)methyl]-9-[[4-(trifluoromethoxy)phenyl]methyl]-4,9-diazatricyclo[6.3.0.02,6]undeca-1(8),10-diene-3-carboxylate",CN(C)C(=O)C1=CC2=C(N1CC3=CC=C(C=C3)OC(F)(F)F)C[C@@H]4[C@H]2[C@](N(C4)C(=O)C5=CC=CC=C5)(CC6=CC=C(C=C6)OC)C(=O)OC,0
Ahpn,C1C2CC3CC1CC(C2)(C3)C4=C(C=CC(=C4)C5=CC6=C(C=C5)C=C(C=C6)C(=O)O)O,0
6-(4-Chlorophenyl)-2-methoxy-8-[(3-methoxyphenyl)methyl]pteridin-7-one,COC1=CC=CC(=C1)CN2C3=NC(=NC=C3N=C(C2=O)C4=CC=C(C=C4)Cl)OC,0
"N-[(3R,4Z,10R,11S,12Z)-3,11-dimethyl-7,15-dioxo-1,8-dioxacyclopentadeca-4,12-dien-10-yl]-4-methylbenzenesulfonamide",C[C@H]/1COC(=O)C/C=C\[C@@H]([C@H](COC(=O)C/C=C1)NS(=O)(=O)C2=CC=C(C=C2)C)C,0
Lopac-M-1692,CCOC(=O)C1=C(N(C(=C([C@H]1C2=CC(=CC=C2)[N+](=O)[O-])C(=O)OC)C)CC#C)C,0
"(5S)-7-(benzenesulfonyl)-2-methyl-2,7-diazaspiro[4.5]decane",CN1CC[C@]2(C1)CCCN(C2)S(=O)(=O)C3=CC=CC=C3,0
"trans-methyl (1R,2R)-2-[(S)-[(4-bromobenzoyl)amino]-phenylmethyl]-1-methylcyclopropane-1-carboxylate",C[C@]1(C[C@H]1[C@@H](C2=CC=CC=C2)NC(=O)C3=CC=C(C=C3)Br)C(=O)OC,0
2-(2-chlorophenyl)-N-[(3-methylphenyl)methyl]pyrimidin-4-amine,CC1=CC(=CC=C1)CNC2=NC(=NC=C2)C3=CC=CC=C3Cl,0
Lopac-D-2763,C[C@@]1(C(=O)N2[C@H](C(=O)N3CCC[C@@H]3[C@]2(O1)O)CC4=CC=CC=C4)NC(=O)[C@H]5C[C@@H]6[C@H](CC7=CNC8=CC=CC6=C78)N(C5)C.CS(=O)(=O)O,0
"5,4'-Dihydroxyflavone",C1=CC(=C2C(=C1)OC(=CC2=O)C3=CC=C(C=C3)O)O,0
Tyrphostin 9,CC(C)(C)C1=CC(=CC(=C1O)C(C)(C)C)C=C(C#N)C#N,0
"(1R,2S,12R,16S)-2-benzyl-3-(cyclopropylmethylimino)-8-ethyl-4-oxa-6,14-diazatetracyclo[7.7.0.02,6.012,16]hexadec-8-ene-5,7,13,15-tetrone",CCC1=C2CC[C@@H]3[C@H]([C@H]2[C@]4(C(=NCC5CC5)OC(=O)N4C1=O)CC6=CC=CC=C6)C(=O)NC3=O,0
6-(furan-3-yl)-N-[(2-methoxyphenyl)methyl]pyrimidin-4-amine,COC1=CC=CC=C1CNC2=NC=NC(=C2)C3=COC=C3,0
Linopirdine,C1=CC=C(C=C1)N2C3=CC=CC=C3C(C2=O)(CC4=CC=NC=C4)CC5=CC=NC=C5,0
"trans-(1S,2S)-N-[(3,4-dimethoxyphenyl)methyl]-2-[(S)-(diphenylphosphorylamino)-phenylmethyl]cyclopropane-1-carboxamide",COC1=C(C=C(C=C1)CNC(=O)[C@H]2C[C@@H]2[C@@H](C3=CC=CC=C3)NP(=O)(C4=CC=CC=C4)C5=CC=CC=C5)OC,0
"2-(3,5-dimethyl-1,2-oxazol-4-yl)-N-(furan-2-ylmethyl)-N-methylquinazolin-4-amine",CC1=C(C(=NO1)C)C2=NC3=CC=CC=C3C(=N2)N(C)CC4=CC=CO4,0
N-[(E)-3-cyclohexyl-2-methyl-1-(4-phenylphenyl)prop-2-enyl]pyridine-3-carboxamide,C/C(=C\C1CCCCC1)/C(C2=CC=C(C=C2)C3=CC=CC=C3)NC(=O)C4=CN=CC=C4,0
"trans-methyl (1S,2S)-2-[(S)-(diphenylphosphorylamino)-phenylmethyl]cyclopropane-1-carboxylate",COC(=O)[C@H]1C[C@@H]1[C@@H](C2=CC=CC=C2)NP(=O)(C3=CC=CC=C3)C4=CC=CC=C4,0
"methyl (3R,3aR,4S,6aR)-2-benzoyl-4-[3-(dimethylamino)-2,3-dioxopropyl]-3-[(4-fluorophenyl)methyl]-5-oxo-3a,4,6,6a-tetrahydro-1H-cyclopenta[c]pyrrole-3-carboxylate",CN(C)C(=O)C(=O)C[C@H]1[C@H]2[C@@H](CC1=O)CN([C@@]2(CC3=CC=C(C=C3)F)C(=O)OC)C(=O)C4=CC=CC=C4,0
"(2R)-1-[6-(4-bromophenyl)-3,4-dihydro-2H-1,5-naphthyridin-1-yl]-3-(6,7-dimethyl-3,4-dihydro-2H-1,5-naphthyridin-1-yl)propan-2-ol",CC1=CC2=C(CCCN2C[C@@H](CN3CCCC4=C3C=CC(=N4)C5=CC=C(C=C5)Br)O)N=C1C,0
"3-[6-(3,5-Difluorophenyl)-2-(3-methoxyanilino)-7-oxopteridin-8-yl]propanenitrile",COC1=CC=CC(=C1)NC2=NC=C3C(=N2)N(C(=O)C(=N3)C4=CC(=CC(=C4)F)F)CCC#N,0
2-[4-(4-Methylpiperazin-1-yl)quinazolin-6-yl]benzonitrile,CN1CCN(CC1)C2=NC=NC3=C2C=C(C=C3)C4=CC=CC=C4C#N,0
N-[(E)-1-phenylhept-2-enyl]benzamide,CCCC/C=C/C(C1=CC=CC=C1)NC(=O)C2=CC=CC=C2,0
"2-Propenethioamide, 3-(3,5-bis(1,1-dimethylethyl)-4-hydroxyphenyl)-2-cyano-, (E)-",CC(C)(C)C1=CC(=CC(=C1O)C(C)(C)C)/C=C(\C#N)/C(=S)N,0
Benzyl Isothiocyanate,C1=CC=C(C=C1)CN=C=S,0
Hexylresorcinol,CCCCCCC1=C(C=C(C=C1)O)O,0
"(2E,8Z)-6-methoxy-7-[(4-methoxyphenyl)methoxy]-2,8-dimethyltetradeca-2,8,13-trienamide",C/C(=C/CCCC=C)/C(C(CC/C=C(\C)/C(=O)N)OC)OCC1=CC=C(C=C1)OC,0
"(1R,2S,6R,9R,13S,14R,21S)-20-(cyclopropylmethylimino)-4,11-diethyl-14,21-dimethyl-19-oxa-4,11,17-triazahexacyclo[13.6.1.02,6.08,22.09,13.017,21]docos-15(22)-ene-3,5,10,12,16,18-hexone",CCN1C(=O)[C@@H]2CC3[C@@H]4[C@H]([C@H](C5=C3[C@@H]([C@@H]2C1=O)[C@]6(C(=NCC7CC7)OC(=O)N6C5=O)C)C)C(=O)N(C4=O)CC,0
"methyl 4-[(E,4R)-2,4-dimethyl-5-oxo-1-(phenylmethoxycarbonylamino)-5-(pyridin-3-ylmethylamino)pent-2-enyl]benzoate",C[C@H](/C=C(\C)/C(C1=CC=C(C=C1)C(=O)OC)NC(=O)OCC2=CC=CC=C2)C(=O)NCC3=CN=CC=C3,0
8-Cyclopropyl-2-(3-methoxyanilino)-6-methylpteridin-7-one,CC1=NC2=CN=C(N=C2N(C1=O)C3CC3)NC4=CC(=CC=C4)OC,0
"methyl (2R,3R,6R)-4-benzoyl-10-(dimethylcarbamoyl)-9-[2-(2-hydroxyethylsulfanyl)ethyl]-3-[(4-methoxyphenyl)methyl]-4,9-diazatricyclo[6.3.0.02,6]undeca-1(8),10-diene-3-carboxylate",CN(C)C(=O)C1=CC2=C(N1CCSCCO)C[C@@H]3[C@H]2[C@](N(C3)C(=O)C4=CC=CC=C4)(CC5=CC=C(C=C5)OC)C(=O)OC,0
"2',4',6'-Trihydroxyacetophenone",CC(=O)C1=C(C=C(C=C1O)O)O,0
"[2-[(9R,10R,13S,17S)-6,9-difluoro-11,17-dihydroxy-10,13,16-trimethyl-3-oxo-6,7,8,11,12,14,15,16-octahydrocyclopenta[a]phenanthren-17-yl]-2-oxoethyl] 2,2-dimethylpropanoate",CC1CC2C3CC(C4=CC(=O)C=C[C@]4([C@]3(C(C[C@@]2([C@@]1(C(=O)COC(=O)C(C)(C)C)O)C)O)F)C)F,0
6-(Phenylmethoxy)-9H-purin-2-amine,C1=CC=C(C=C1)COC2=NC(=NC3=C2NC=N3)N,0
"methyl 4-[(E,4R)-5-[[(2R)-1-hydroxy-3-phenylpropan-2-yl]amino]-4-methyl-5-oxo-1-(phenylmethoxycarbonylamino)-2-pyridin-3-ylpent-2-enyl]benzoate",C[C@H](/C=C(\C1=CN=CC=C1)/C(C2=CC=C(C=C2)C(=O)OC)NC(=O)OCC3=CC=CC=C3)C(=O)N[C@H](CC4=CC=CC=C4)CO,0
Sobuzoxane,CC(C)COC(=O)OCN1C(=O)CN(CC1=O)CCN2CC(=O)N(C(=O)C2)COC(=O)OCC(C)C,0
"N-[2-[[6-(1,3-benzodioxol-5-yl)quinazolin-4-yl]amino]ethyl]acetamide",CC(=O)NCCNC1=NC=NC2=C1C=C(C=C2)C3=CC4=C(C=C3)OCO4,0
"2-[(4-hydroxy-3-methylphenyl)[(1Z)-3-methyl-4-oxocyclohexa-2,5-dien-1-ylidene]methyl]benzoic acid",CC1=C/C(=C(/C2=CC(=C(C=C2)O)C)\C3=CC=CC=C3C(=O)O)/C=CC1=O,0
"(1R,9R,10E,11R,13R,14S)-4-[(6-chloro-1,3-benzodioxol-5-yl)methyl]-14-hydroxy-10-(2-methylpropoxyimino)-12-oxa-2,4,6-triazatetracyclo[7.5.0.02,6.011,13]tetradecane-3,5-dione",CC(C)CO/N=C/1\[C@@H]2CCN3C(=O)N(C(=O)N3[C@H]2[C@@H]([C@@H]4[C@@H]1O4)O)CC5=CC6=C(C=C5Cl)OCO6,0
"(3aS,5aS,6Z,8R,9S,9aS,9bS)-8,9-dihydroxy-6-pent-4-ynoxyimino-2-(3-phenoxyphenyl)-4,5,5a,7,8,9,9a,9b-octahydro-3aH-benzo[e]isoindole-1,3-dione",C#CCCCO/N=C\1/C[C@H]([C@H]([C@H]2[C@@H]1CC[C@H]3[C@H]2C(=O)N(C3=O)C4=CC(=CC=C4)OC5=CC=CC=C5)O)O,0
N-(2-methoxyethyl)-6-[2-(trifluoromethyl)phenyl]quinazolin-4-amine,COCCNC1=NC=NC2=C1C=C(C=C2)C3=CC=CC=C3C(F)(F)F,0
N-[2-[[6-(2-methylphenyl)quinazolin-4-yl]amino]ethyl]acetamide,CC1=CC=CC=C1C2=CC3=C(C=C2)N=CN=C3NCCNC(=O)C,0
8-[(4-Fluorophenyl)methyl]-2-methoxy-6-(1-methylindol-3-yl)pteridin-7-one,CN1C=C(C2=CC=CC=C21)C3=NC4=CN=C(N=C4N(C3=O)CC5=CC=C(C=C5)F)OC,0
3-[2-(4-Methoxyphenoxy)-8-[(3-methoxyphenyl)methyl]-7-oxopteridin-6-yl]benzonitrile,COC1=CC=C(C=C1)OC2=NC=C3C(=N2)N(C(=O)C(=N3)C4=CC=CC(=C4)C#N)CC5=CC(=CC=C5)OC,0
N-cyclopropyl-6-[4-(dimethylamino)phenyl]quinazolin-4-amine,CN(C)C1=CC=C(C=C1)C2=CC3=C(C=C2)N=CN=C3NC4CC4,0
"(3aS,5aS,6Z,8R,9S,9aS,9bS)-8,9-dihydroxy-6-pent-4-ynoxyimino-2-[(1S)-1-phenylethyl]-4,5,5a,7,8,9,9a,9b-octahydro-3aH-benzo[e]isoindole-1,3-dione",C[C@@H](C1=CC=CC=C1)N2C(=O)[C@H]3CC[C@H]\4[C@@H]([C@@H]3C2=O)[C@@H]([C@@H](C/C4=N/OCCCC#C)O)O,0
"anthra(1,9-cd)pyrazol-6(2H)-one",C1=CC=C2C(=C1)C3=NNC4=CC=CC(=C43)C2=O,0
AG-490,C1=CC=C(C=C1)CNC(=O)/C(=C/C2=CC(=C(C=C2)O)O)/C#N,0
N-(2-methoxyethyl)-2-methyl-8-phenyl-9-(2-piperidin-1-ylethyl)purin-6-amine,CC1=NC(=C2C(=N1)N(C(=N2)C3=CC=CC=C3)CCN4CCCCC4)NCCOC,0
"2,8-Chrysenediol, 5,11-diethyl-5,6,11,12-tetrahydro-, (5R,11R)-",CC[C@@H]1CC2=C(C=CC(=C2)O)C3=C1C4=C(C[C@H]3CC)C=C(C=C4)O,0
"(4aR,6bS,12aR)-10-acetyloxy-1,2,6a,6b,9,9,12a-heptamethyl-13-oxo-1,2,3,4,5,6,6a,7,8,8a,10,11,12,14b-tetradecahydropicene-4a-carboxylic acid",CC1CC[C@]2(CCC3(C(=CC(=O)C4[C@@]3(CCC5[C@]4(CCC(C5(C)C)OC(=O)C)C)C)C2C1C)C)C(=O)O,0
"(1R,2S,12R,16S)-2-benzyl-3-benzylimino-8,14-diethyl-4-oxa-6,14-diazatetracyclo[7.7.0.02,6.012,16]hexadec-8-ene-5,7,13,15-tetrone",CCC1=C2CC[C@@H]3[C@H]([C@H]2[C@]4(C(=NCC5=CC=CC=C5)OC(=O)N4C1=O)CC6=CC=CC=C6)C(=O)N(C3=O)CC,0
SB 222200,CC[C@@H](C1=CC=CC=C1)NC(=O)C2=C(C(=NC3=CC=CC=C32)C4=CC=CC=C4)C,0
3-(4-Hydroxyphenyl)-1-(thiophen-2-yl)prop-2-en-1-one,C1=CSC(=C1)C(=O)/C=C/C2=CC=C(C=C2)O,0
Dicyclomine,CCN(CC)CCOC(=O)C1(CCCCC1)C2CCCCC2,0
"methyl (2R,3R,6R)-4-benzoyl-3-benzyl-10-(dimethylcarbamoyl)-9-methyl-4,9-diazatricyclo[6.3.0.02,6]undeca-1(8),10-diene-3-carboxylate",CN1C2=C(C=C1C(=O)N(C)C)[C@H]3[C@@H](C2)CN([C@@]3(CC4=CC=CC=C4)C(=O)OC)C(=O)C5=CC=CC=C5,0
N-cyclopropyl-6-[2-[(dimethylamino)methyl]phenyl]quinazolin-4-amine,CN(C)CC1=CC=CC=C1C2=CC3=C(C=C2)N=CN=C3NC4CC4,0
"4-[[(5S)-7-(1-methylpyrrole-2-carbonyl)-2,7-diazaspiro[4.5]decan-2-yl]methyl]benzonitrile",CN1C=CC=C1C(=O)N2CCC[C@]3(C2)CCN(C3)CC4=CC=C(C=C4)C#N,0
"N-[(2,4-dimethoxyphenyl)methyl]-6-pyridin-3-ylpyrimidin-4-amine",COC1=CC(=C(C=C1)CNC2=NC=NC(=C2)C3=CN=CC=C3)OC,0
Medroxyprogesterone Acetate,C[C@H]1C[C@@H]2[C@H](CC[C@]3([C@H]2CC[C@@]3(C(=O)C)OC(=O)C)C)[C@@]4(C1=CC(=O)CC4)C,0
Dienestrol,C/C=C(/C(=C/C)/C1=CC=C(C=C1)O)\C2=CC=C(C=C2)O,0
"6-(3,5-Difluorophenyl)-8-[(3-methoxyphenyl)methyl]-2-piperazin-1-ylpteridin-7-one",COC1=CC=CC(=C1)CN2C3=NC(=NC=C3N=C(C2=O)C4=CC(=CC(=C4)F)F)N5CCNCC5,0
5-(2-chlorophenyl)-N-(thiophen-2-ylmethyl)pyrimidin-4-amine,C1=CC=C(C(=C1)C2=CN=CN=C2NCC3=CC=CS3)Cl,0
Gris-peg,CC1CC(=O)C=C(C12C(=O)C3=C(O2)C(=C(C=C3OC)OC)Cl)OC,0
"N-[(2,4-dimethoxyphenyl)methyl]-6-(3-methoxyphenyl)quinazolin-4-amine",COC1=CC(=C(C=C1)CNC2=NC=NC3=C2C=C(C=C3)C4=CC(=CC=C4)OC)OC,0
"9-(Benzenesulfonyl)-2-benzyl-2,9-diazaspiro[5.5]undecane",C1CC2(CCN(CC2)S(=O)(=O)C3=CC=CC=C3)CN(C1)CC4=CC=CC=C4,0
Caulibugulone B,CNC1=C(C(=O)C2=C(C1=O)C=NC=C2)Br,0
2-Methoxy-8-[(3-methoxyphenyl)methyl]pteridin-7-one,COC1=CC=CC(=C1)CN2C(=O)C=NC3=CN=C(N=C32)OC,0
Griseofulvin,C[C@@H]1CC(=O)C=C([C@]12C(=O)C3=C(O2)C(=C(C=C3OC)OC)Cl)OC,0
2-(furan-3-yl)-N-(pyridin-3-ylmethyl)quinazolin-4-amine,C1=CC=C2C(=C1)C(=NC(=N2)C3=COC=C3)NCC4=CN=CC=C4,0
"5-[(1R,2S)-2-bromo-1-(2-methylpropoxy)propyl]-1,3-benzodioxole",C[C@@H]([C@@H](C1=CC2=C(C=C1)OCO2)OCC(C)C)Br,0
3-Hydroxy-3'-methoxyflavone,COC1=CC=CC(=C1)C2=C(C(=O)C3=CC=CC=C3O2)O,0
"methyl (2S,3aS,4S,5S,6S,7aR)-1-[(3,5-dimethoxyphenyl)methyl]-3a,4,5,6-tetrahydroxy-3,4,5,6,7,7a-hexahydro-2H-indole-2-carboxylate",COC1=CC(=CC(=C1)CN2[C@@H]3C[C@@H]([C@@H]([C@@H]([C@@]3(C[C@H]2C(=O)OC)O)O)O)O)OC,0
"9-[(4-Fluorophenyl)methyl]-6,6-dimethyl-4-phenyl-11-(2-phenylethyl)-1,11-diazatricyclo[7.3.0.03,7]dodeca-3,7-diene-5,10,12-trione",CC1(C2=CC3(C(=O)N(C(=O)N3CC2=C(C1=O)C4=CC=CC=C4)CCC5=CC=CC=C5)CC6=CC=C(C=C6)F)C,0
"(1-Methylpyrrol-2-yl)-[2-(4-phenylphenyl)-2,9-diazaspiro[5.5]undecan-9-yl]methanone",CN1C=CC=C1C(=O)N2CCC3(CCCN(C3)C4=CC=C(C=C4)C5=CC=CC=C5)CC2,0
3-[4-(Dimethylamino)quinazolin-2-yl]benzonitrile,CN(C)C1=NC(=NC2=CC=CC=C21)C3=CC=CC(=C3)C#N,0
N-[3-[4-[2-(5-methoxy-1H-indol-3-yl)ethylamino]quinazolin-2-yl]phenyl]methanesulfonamide,COC1=CC2=C(C=C1)NC=C2CCNC3=NC(=NC4=CC=CC=C43)C5=CC(=CC=C5)NS(=O)(=O)C,0
4-Imidazol-1-yl-2-[2-(trifluoromethyl)phenyl]quinazoline,C1=CC=C(C(=C1)C2=NC3=CC=CC=C3C(=N2)N4C=CN=C4)C(F)(F)F,0
6-(4-Fluorophenyl)-8-(2-methoxyethyl)-2-(4-methoxyphenoxy)pteridin-7-one,COCCN1C2=NC(=NC=C2N=C(C1=O)C3=CC=C(C=C3)F)OC4=CC=C(C=C4)OC,0
3-(5'-Hydroxymethyl-2'-furyl)-1-benzylindazole,C1=CC=C(C=C1)CN2C3=CC=CC=C3C(=N2)C4=CC=C(O4)CO,0
8-(4-fluorophenyl)-2-methyl-9-propyl-N-(4-pyrrolidin-1-ylbutyl)purin-6-amine,CCCN1C(=NC2=C(N=C(N=C21)C)NCCCCN3CCCC3)C4=CC=C(C=C4)F,0
"N-[(1,5-dimethylpyrazol-3-yl)methyl]-2-methyl-3-phenylpropanamide",CC1=CC(=NN1C)CNC(=O)C(C)CC2=CC=CC=C2,0
"3-(Benzenesulfonyl)-9-(pyridin-4-ylmethyl)-3,9-diazaspiro[5.5]undecane",C1CN(CCC12CCN(CC2)S(=O)(=O)C3=CC=CC=C3)CC4=CC=NC=C4,0
"9-Methylsulfonyl-2-(3-phenylphenyl)-2,9-diazaspiro[5.5]undecane",CS(=O)(=O)N1CCC2(CCCN(C2)C3=CC=CC(=C3)C4=CC=CC=C4)CC1,0
6-Iodonordihydrocapsaicin,CCCCCCCCC(=O)NCC1=CC(=C(C=C1I)O)OC,0
"methyl (2R,3R,6R)-4-benzoyl-3-benzyl-9-methyl-10-(pyrrolidine-1-carbonyl)-4,9-diazatricyclo[6.3.0.02,6]undeca-1(8),10-diene-3-carboxylate",CN1C2=C(C=C1C(=O)N3CCCC3)[C@H]4[C@@H](C2)CN([C@@]4(CC5=CC=CC=C5)C(=O)OC)C(=O)C6=CC=CC=C6,0
(+)-Berbamine,CN1CCC2=CC(=C3C=C2[C@@H]1CC4=CC=C(C=C4)OC5=C(C=CC(=C5)C[C@@H]6C7=C(O3)C(=C(C=C7CCN6C)OC)OC)O)OC,0
"dimethyl (9S)-3-benzyl-9-hydroxy-4-methyl-8,14-dioxo-6-phenyl-13-oxa-3,7-diazatricyclo[8.4.0.02,7]tetradeca-1,4-diene-5,9-dicarboxylate",CC1=C(C(N2C(=C3C(CCOC3=O)[C@](C2=O)(C(=O)OC)O)N1CC4=CC=CC=C4)C5=CC=CC=C5)C(=O)OC,0
"[(1R,2S,8S,12R)-13-acetyloxy-7-(furan-3-yl)-1,8,12,16,16-pentamethyl-5,19-dioxo-3,6-dioxapentacyclo[9.8.0.02,4.02,8.012,17]nonadecan-15-yl] acetate",CC(=O)OC1CC(C(C2[C@@]1(C3CC[C@]4(C(OC(=O)C5[C@]4([C@@]3(C(=O)C2)C)O5)C6=COC=C6)C)C)(C)C)OC(=O)C,0
"3,5-Dihydro-5-methyl-N-3-pyridinylbenzo(1,2-b:4,5-b')dipyrrole-1(2H)-carboxamide",CN1C=CC2=CC3=C(CCN3C(=O)NC4=CN=CC=C4)C=C21,0
"(3S,10R,13S,14S)-3-Hydroxy-10,13-dimethyl-1,2,3,4,7,8,9,11,12,14,15,16-dodecahydrocyclopenta[a]phenanthren-17-one",C[C@]12CCC3C([C@@H]1CCC2=O)CC=C4[C@@]3(CC[C@@H](C4)O)C,0
"(2S,5R)-3-methyl-2-phenyl-7-pyridin-3-yl-6-[4-(trifluoromethyl)phenyl]-3-azatricyclo[5.1.1.01,5]nonane",CN1C[C@@H]2C(C3(CC2(C3)[C@H]1C4=CC=CC=C4)C5=CN=CC=C5)C6=CC=C(C=C6)C(F)(F)F,0
"((1S,4aS)-6-methoxy-1,4a-dimethyl-1,2,3,4,9,10,10a,4a-octahydrophenanthryl)met han-1-ol",C[C@@]1(CCC[C@]2(C1CCC3=C2C=C(C=C3)OC)C)CO,0
3-[4-(Pyridin-3-ylmethylamino)pyrimidin-5-yl]benzonitrile,C1=CC(=CC(=C1)C2=CN=CN=C2NCC3=CN=CC=C3)C#N,0
Glafenine,C1=CC=C(C(=C1)C(=O)OCC(CO)O)NC2=C3C=CC(=CC3=NC=C2)Cl,0
5-(2-methoxyphenyl)-N-[(3-methylphenyl)methyl]pyrimidin-4-amine,CC1=CC(=CC=C1)CNC2=NC=NC=C2C3=CC=CC=C3OC,0
"[(5S)-2-benzyl-2,7-diazaspiro[4.5]decan-7-yl]-(thiadiazol-4-yl)methanone",C1C[C@@]2(CCN(C2)CC3=CC=CC=C3)CN(C1)C(=O)C4=CSN=N4,0
"methyl 4-[(E,4R)-5-[2-(1H-indol-3-yl)ethylamino]-4-methyl-5-oxo-1-(phenylmethoxycarbonylamino)pent-2-enyl]benzoate",C[C@H](/C=C/C(C1=CC=C(C=C1)C(=O)OC)NC(=O)OCC2=CC=CC=C2)C(=O)NCCC3=CNC4=CC=CC=C43,0
3-Hydroxy-7-methoxy-2-(4-methoxyphenyl)-4H-chromen-4-one,COC1=CC=C(C=C1)C2=C(C(=O)C3=C(O2)C=C(C=C3)OC)O,0
SR 2640,C1=CC=C2C(=C1)C=CC(=N2)COC3=CC=CC(=C3)NC4=CC=CC=C4C(=O)O,0
"6-(3,5-Difluorophenyl)-2-methoxy-8-(thiophen-2-ylmethyl)pteridin-7-one",COC1=NC=C2C(=N1)N(C(=O)C(=N2)C3=CC(=CC(=C3)F)F)CC4=CC=CS4,0
N-(1-benzylpyrrolidin-3-yl)-8-(4-fluorophenyl)-2-methyl-9-propylpurin-6-amine,CCCN1C(=NC2=C(N=C(N=C21)C)NC3CCN(C3)CC4=CC=CC=C4)C5=CC=C(C=C5)F,0
CY 208-243,CN1CC2=CC=CC=C2[C@H]3[C@H]1CC4=CNC5=CC=CC3=C45,0
"8-Methyl-2-(3-methylbutyl)-6-(phenoxymethyl)-1,3,4,7,8,10-hexahydropyrano[4,3-c][1,6]naphthyridine",CC1CC2=C(CO1)C3=C(CCN(C3)CCC(C)C)N=C2COC4=CC=CC=C4,0
3-[6-(4-Fluorophenyl)-2-(3-methoxyanilino)-7-oxopteridin-8-yl]propanenitrile,COC1=CC=CC(=C1)NC2=NC=C3C(=N2)N(C(=O)C(=N3)C4=CC=C(C=C4)F)CCC#N,0
"(Z)-1-(2-aminophenyl)-3-(1,3-benzodioxol-5-yl)prop-2-en-1-one",C1OC2=C(O1)C=C(C=C2)/C=C\C(=O)C3=CC=CC=C3N,0
5-[2-[(dimethylamino)methyl]phenyl]-N-[2-(5-methoxy-1H-indol-3-yl)ethyl]pyrimidin-4-amine,CN(C)CC1=CC=CC=C1C2=CN=CN=C2NCCC3=CNC4=C3C=C(C=C4)OC,0
3-[4-(Thiophen-2-ylmethylamino)pyrimidin-2-yl]benzonitrile,C1=CC(=CC(=C1)C2=NC=CC(=N2)NCC3=CC=CS3)C#N,0
"4-[(2S,5R)-2-phenyl-3-(pyridin-3-ylmethyl)-6-[4-(trifluoromethyl)phenyl]-3-azatricyclo[5.1.1.01,5]nonan-7-yl]benzonitrile",C1[C@@H]2C(C3(CC2(C3)[C@H](N1CC4=CN=CC=C4)C5=CC=CC=C5)C6=CC=C(C=C6)C#N)C7=CC=C(C=C7)C(F)(F)F,0
"methyl 3-benzyl-5-methyl-6-oxo-7-propan-2-yl-2,5-dihydro-1H-cyclopenta[c]pyridine-3-carboxylate",CC1C2=CC(NCC2=C(C1=O)C(C)C)(CC3=CC=CC=C3)C(=O)OC,0
Ro 90-7501,C1=CC(=CC=C1C2=NC3=C(N2)C=C(C=C3)C4=NC5=C(N4)C=C(C=C5)N)N,0
Tocris-1099,CC(=O)O[C@H]1[C@H]([C@@H]2[C@]([C@H](CCC2(C)C)O)([C@]3([C@@]1(O[C@@](CC3=O)(C)C=C)C)O)C)O,0
N-phenyl-5-[2-(trifluoromethyl)phenyl]pyrimidin-4-amine,C1=CC=C(C=C1)NC2=NC=NC=C2C3=CC=CC=C3C(F)(F)F,0
"methyl (2S,3aR,6S,7aR)-1-[(2-chloro-6-fluorophenyl)methyl]-6-hydroxy-2,3,3a,4,5,6,7,7a-octahydroindole-2-carboxylate",COC(=O)[C@@H]1C[C@H]2CC[C@@H](C[C@H]2N1CC3=C(C=CC=C3Cl)F)O,0
"methyl 4-[(E,4R)-5-[(3-hydroxy-4-methoxyphenyl)methylamino]-4-methyl-5-oxo-1-(phenylmethoxycarbonylamino)-2-pyridin-3-ylpent-2-enyl]benzoate",C[C@H](/C=C(\C1=CN=CC=C1)/C(C2=CC=C(C=C2)C(=O)OC)NC(=O)OCC3=CC=CC=C3)C(=O)NCC4=CC(=C(C=C4)OC)O,0
8-(2-Methoxyethyl)-6-(2-phenylethyl)-2-piperazin-1-ylpteridin-7-one,COCCN1C2=NC(=NC=C2N=C(C1=O)CCC3=CC=CC=C3)N4CCNCC4,0
N-(4-fluorophenyl)-6-(furan-3-yl)quinazolin-4-amine,C1=CC(=CC=C1NC2=NC=NC3=C2C=C(C=C3)C4=COC=C4)F,0
Pilocarpine,CC[C@H]1[C@H](COC1=O)CC2=CN=CN2C,0
Dilazep dication,COC1=CC(=CC(=C1OC)OC)C(=O)OCCC[NH+]2CCC[NH+](CC2)CCCOC(=O)C3=CC(=C(C(=C3)OC)OC)OC,0
Tocris-0864,CN(C)CCC1=CNC2=C1C=C(C=C2)/C=C\C(=O)NCC3=CC=C(C=C3)OC,0
"methyl (2R,3aS,6R,7aS)-1-[(2-chloro-6-fluorophenyl)methyl]-6-hydroxy-2,3,3a,4,5,6,7,7a-octahydroindole-2-carboxylate",COC(=O)[C@H]1C[C@@H]2CC[C@H](C[C@@H]2N1CC3=C(C=CC=C3Cl)F)O,0
Cgp13501,CC(C)(C)C1=CC(=CC(=C1O)C(C)(C)C)CC(C)(C)C=O,0
"4-[[(5S)-7-(3-fluorobenzoyl)-2,7-diazaspiro[4.5]decan-2-yl]methyl]benzonitrile",C1C[C@@]2(CCN(C2)CC3=CC=C(C=C3)C#N)CN(C1)C(=O)C4=CC(=CC=C4)F,0
(2S)-2-((9-(1-Methylethyl)-6-((phenylmethyl)amino)-9H-purin-2-yl)amino)-1-butanol,CC[C@@H](CO)NC1=NC(=C2C(=N1)N(C=N2)C(C)C)NCC3=CC=CC=C3,0
"(2S,3S,4Z)-4-[(2R,3R)-2,4-dimethyl-3-phenylmethoxypentoxy]imino-6-methoxy-2-(3-methoxyphenyl)-2,3-dihydrochromen-3-ol",C[C@H](CO/N=C/1\[C@@H]([C@@H](OC2=C1C=C(C=C2)OC)C3=CC(=CC=C3)OC)O)[C@@H](C(C)C)OCC4=CC=CC=C4,0
"methyl (2R,3R,6R)-4-benzoyl-3-[(4-methoxyphenyl)methyl]-9-[(4-methylsulfonylphenyl)methyl]-10-(pyrrolidine-1-carbonyl)-4,9-diazatricyclo[6.3.0.02,6]undeca-1(8),10-diene-3-carboxylate",COC1=CC=C(C=C1)C[C@@]2([C@@H]3[C@@H](CC4=C3C=C(N4CC5=CC=C(C=C5)S(=O)(=O)C)C(=O)N6CCCC6)CN2C(=O)C7=CC=CC=C7)C(=O)OC,0
N-(2-methoxyethyl)-2-[2-(trifluoromethyl)phenyl]quinazolin-4-amine,COCCNC1=NC(=NC2=CC=CC=C21)C3=CC=CC=C3C(F)(F)F,0
"[3-(4-methoxyphenoxy)-6-phenyl-3,6-dihydro-2H-pyran-2-yl]methanol",COC1=CC=C(C=C1)OC2C=CC(OC2CO)C3=CC=CC=C3,0
"N-[(1S,2S)-1-hydroxy-3-morpholin-4-yl-1-phenylpropan-2-yl]decanamide",CCCCCCCCCC(=O)N[C@@H](CN1CCOCC1)[C@H](C2=CC=CC=C2)O,0
N-(2-methoxyethyl)-6-(3-methoxyphenyl)quinazolin-4-amine,COCCNC1=NC=NC2=C1C=C(C=C2)C3=CC(=CC=C3)OC,0
2-(Dimethylamino)-8-phenyl-6-(2-phenylethyl)pteridin-7-one,CN(C)C1=NC=C2C(=N1)N(C(=O)C(=N2)CCC3=CC=CC=C3)C4=CC=CC=C4,0
"8,9-dihydroxy-6H-[1]benzofuro[3,2-c]chromen-6-one",C1=CC=C2C(=C1)C3=C(C4=CC(=C(C=C4O3)O)O)C(=O)O2,0
"methyl (2R,3R,6R)-4-benzoyl-3-[(4-fluorophenyl)methyl]-9-[2-(2-hydroxyethylsulfanyl)ethyl]-10-(pyrrolidine-1-carbonyl)-4,9-diazatricyclo[6.3.0.02,6]undeca-1(8),10-diene-3-carboxylate",COC(=O)[C@]1([C@@H]2[C@@H](CC3=C2C=C(N3CCSCCO)C(=O)N4CCCC4)CN1C(=O)C5=CC=CC=C5)CC6=CC=C(C=C6)F,0
"2-[[3,5-Bis(trifluoromethyl)phenyl]methyl]-2,9-diazaspiro[5.5]undecane",C1CC2(CCNCC2)CN(C1)CC3=CC(=CC(=C3)C(F)(F)F)C(F)(F)F,0
"2-methoxy-1-[(5S)-2-phenyl-2,7-diazaspiro[4.5]decan-7-yl]ethanone",COCC(=O)N1CCC[C@]2(C1)CCN(C2)C3=CC=CC=C3,0
Papaverine Hydrochloride,COC1=C(C=C(C=C1)CC2=NC=CC3=CC(=C(C=C32)OC)OC)OC.Cl,0
N-benzyl-6-[4-(dimethylamino)phenyl]pyrimidin-4-amine,CN(C)C1=CC=C(C=C1)C2=CC(=NC=N2)NCC3=CC=CC=C3,0
Nonivamide,CCCCCCCCC(=O)NCC1=CC(=C(C=C1)O)OC,0
2-(3-Chlorophenoxy)-8-(2-methoxyethyl)-6-(2-phenylethyl)pteridin-7-one,COCCN1C2=NC(=NC=C2N=C(C1=O)CCC3=CC=CC=C3)OC4=CC(=CC=C4)Cl,0
"[(5S)-2-phenyl-2,7-diazaspiro[4.5]decan-7-yl]-(thiadiazol-4-yl)methanone",C1C[C@@]2(CCN(C2)C3=CC=CC=C3)CN(C1)C(=O)C4=CSN=N4,0
"(2S,5R)-6-(6-chloro-3-pyridinyl)-2,7-diphenyl-3-(pyridin-3-ylmethyl)-3-azatricyclo[5.1.1.01,5]nonane",C1[C@@H]2C(C3(CC2(C3)[C@H](N1CC4=CN=CC=C4)C5=CC=CC=C5)C6=CC=CC=C6)C7=CN=C(C=C7)Cl,0
"[(2S,3S,6R)-3-acetyloxy-6-[(2Z)-2-[(1S)-1-[3-(2,4,6-trimethylphenyl)-1,2-oxazol-5-yl]ethoxy]iminoethyl]-3,6-dihydro-2H-pyran-2-yl]methyl acetate",CC1=CC(=C(C(=C1)C)C2=NOC(=C2)[C@H](C)O/N=C\C[C@@H]3C=C[C@@H]([C@@H](O3)COC(=O)C)OC(=O)C)C,0
Prestwick-02G08,CN1C[C@@H](C[C@@]2([C@@H]1CC3=CN(C4=CC=CC2=C34)C)OC)COC(=O)C5=CC(=CN=C5)Br,0
"2-(2-Furanyl)-7-(2-phenylethyl)-7H-pyrazolo(4,3-e)(1,2,4)triazolo(1,5-c)pyrimidin-5-amine",C1=CC=C(C=C1)CCN2C3=C(C=N2)C4=NC(=NN4C(=N3)N)C5=CC=CO5,0
5-[4-(dimethylamino)phenyl]-N-(2-morpholin-4-ylethyl)pyrimidin-4-amine,CN(C)C1=CC=C(C=C1)C2=CN=CN=C2NCCN3CCOCC3,0
4-((2-Hydroxybenzylidene)amino)-2-isopropyl-5-methylphenol,CC1=CC(=C(C=C1N=CC2=CC=CC=C2O)C(C)C)O,0
"benzyl N-[(S)-[(1R,2R)-2-methyl-2-[[(S)-[(1R,2R)-2-methyl-2-[[(S)-[(1R,2R)-2-methyl-2-[[(S)-[(1R,2R)-2-methyl-2-(methylcarbamoyl)cyclopropyl]-phenylmethyl]carbamoyl]cyclopropyl]-phenylmethyl]carbamoyl]cyclopropyl]-phenylmethyl]carbamoyl]cyclopropyl]-phenylmethyl]carbamate",C[C@]1(C[C@H]1[C@@H](C2=CC=CC=C2)NC(=O)[C@@]3(C[C@H]3[C@@H](C4=CC=CC=C4)NC(=O)[C@@]5(C[C@H]5[C@@H](C6=CC=CC=C6)NC(=O)[C@@]7(C[C@H]7[C@@H](C8=CC=CC=C8)NC(=O)OCC9=CC=CC=C9)C)C)C)C(=O)NC,0
5-(2-Methylphenyl)-4-(4-methylpiperazin-1-yl)pyrimidine,CC1=CC=CC=C1C2=CN=CN=C2N3CCN(CC3)C,0
2-(4-methoxyphenoxy)-8-[[(2R)-oxolan-2-yl]methyl]-6-phenylpteridin-7-one,COC1=CC=C(C=C1)OC2=NC=C3C(=N2)N(C(=O)C(=N3)C4=CC=CC=C4)C[C@H]5CCCO5,0
"Benzyl 3-[6-[[2-(butylamino)-1-[3-methoxycarbonyl-4-(2-methoxy-2-oxoethoxy)phenyl]-2-oxoethyl]-hexylamino]-6-oxohexyl]-6-(4-chlorophenyl)-4-methyl-2-oxo-1,6-dihydropyrimidine-5-carboxylate",CCCCCCN(C(C1=CC(=C(C=C1)OCC(=O)OC)C(=O)OC)C(=O)NCCCC)C(=O)CCCCCN2C(=C(C(NC2=O)C3=CC=C(C=C3)Cl)C(=O)OCC4=CC=CC=C4)C,0
"methyl 2-[(1R,2S,12R,16S)-3-(cyclopropylmethylimino)-7-(diethylcarbamoyloxy)-8-ethyl-2-methyl-5,13,15-trioxo-4-oxa-6,14-diazatetracyclo[7.7.0.02,6.012,16]hexadeca-7,9-dien-14-yl]acetate",CCC1=C(N2C(=O)OC(=NCC3CC3)[C@@]2([C@H]4C1=CC[C@@H]5[C@H]4C(=O)N(C5=O)CC(=O)OC)C)OC(=O)N(CC)CC,0
L-(cis)-diltiazem,CC(=O)O[C@H]1[C@H](SC2=CC=CC=C2N(C1=O)CCN(C)C)C3=CC=C(C=C3)OC,0
N-Fmoc-L-isoleucine,CC[C@H](C)[C@@H](C(=O)O)NC(=O)OCC1C2=CC=CC=C2C3=CC=CC=C13,0
Lopac-F-6886,CC(=O)O[C@H]1[C@H]([C@@H]2[C@]([C@@H](CCC2(C)C)O)([C@]3([C@]1(O[C@@](CC3=O)(C)C=C)C)O)C)O,0
8-[(3-Methoxyphenyl)methyl]-6-methyl-2-phenoxypteridin-7-one,CC1=NC2=CN=C(N=C2N(C1=O)CC3=CC(=CC=C3)OC)OC4=CC=CC=C4,0
"N-[[(1R,2R)-2-butylcyclopropyl]-[4-(trifluoromethyl)phenyl]methyl]thiophene-2-carboxamide",CCCC[C@@H]1C[C@H]1C(C2=CC=C(C=C2)C(F)(F)F)NC(=O)C3=CC=CS3,0
Tyrphostin AG 698,C1=CC=C(C=C1)CCNC(=O)/C(=C/C2=CC(=C(C=C2)O)O)/C#N,0
"methyl (2R,3R,6R)-4-benzoyl-10-(dimethylcarbamoyl)-9-(2-fluoroethyl)-3-[(4-fluorophenyl)methyl]-4,9-diazatricyclo[6.3.0.02,6]undeca-1(8),10-diene-3-carboxylate",CN(C)C(=O)C1=CC2=C(N1CCF)C[C@@H]3[C@H]2[C@](N(C3)C(=O)C4=CC=CC=C4)(CC5=CC=C(C=C5)F)C(=O)OC,0
N-(furan-2-ylmethyl)-6-(2-methoxyphenyl)-N-methylquinazolin-4-amine,CN(CC1=CC=CO1)C2=NC=NC3=C2C=C(C=C3)C4=CC=CC=C4OC,0
2-(ethylamino)-6-(4-methoxyphenyl)-8-[[(2R)-oxolan-2-yl]methyl]pteridin-7-one,CCNC1=NC=C2C(=N1)N(C(=O)C(=N2)C3=CC=C(C=C3)OC)C[C@H]4CCCO4,0
Clemizole,C1CCN(C1)CC2=NC3=CC=CC=C3N2CC4=CC=C(C=C4)Cl,0
N-[3-[4-[(5-methylpyrazin-2-yl)methylamino]pyrimidin-2-yl]phenyl]methanesulfonamide,CC1=CN=C(C=N1)CNC2=NC(=NC=C2)C3=CC(=CC=C3)NS(=O)(=O)C,0
"1H-Purin-2-amine, 6-[[(2-nitrophenyl)methyl]thio]-",C1=CC=C(C(=C1)CSC2=NC(=NC3=C2NC=N3)N)[N+](=O)[O-],0
"6-(1,3-benzodioxol-5-yl)-N-(2-morpholin-4-ylethyl)quinazolin-4-amine",C1COCCN1CCNC2=NC=NC3=C2C=C(C=C3)C4=CC5=C(C=C4)OCO5,0
"benzyl N-[(R)-phenyl-[(1R,2R)-2-(propan-2-ylcarbamoyl)cyclopropyl]methyl]carbamate",CC(C)NC(=O)[C@@H]1C[C@H]1[C@H](C2=CC=CC=C2)NC(=O)OCC3=CC=CC=C3,0
Lopac-B-1552,C1C/C(=C/Br)/OC(=O)[C@H]1C2=CC=CC3=CC=CC=C32,0
4-Fluoro-N-(2-(4-(2-methoxyphenyl)-1-piperazinyl)ethyl)-N-2-pyridinylbenzamide,COC1=CC=CC=C1N2CCN(CC2)CCN(C3=CC=CC=N3)C(=O)C4=CC=C(C=C4)F,0
"1,10-Dimethoxy-6-Methyl-5,6,6A,7-Tetrahydro-4H-Dibenzo(De,G)Quinoline-2,9-Diol",CN1CCC2=CC(=C(C3=C2C1CC4=CC(=C(C=C43)OC)O)OC)O,0
"4-((1,2-Bis(2-chlorophenyl)hydrazino)methyl)pyridine",C1=CC=C(C(=C1)NN(CC2=CC=NC=C2)C3=CC=CC=C3Cl)Cl,0
8-[(3-Methoxyphenyl)methyl]-6-thiophen-2-ylpteridin-7-one,COC1=CC=CC(=C1)CN2C3=NC=NC=C3N=C(C2=O)C4=CC=CS4,0
"N,N-dimethyl-4-[4-(4-methylpiperazin-1-yl)quinazolin-2-yl]aniline",CN1CCN(CC1)C2=NC(=NC3=CC=CC=C32)C4=CC=C(C=C4)N(C)C,0
"N,N'-Di(1H-indazol-6-yl)thiourea",C1=CC2=C(C=C1NC(=S)NC3=CC4=C(C=C3)C=NN4)NN=C2,0
"methyl (2R,3R,6R)-4-benzoyl-9-[(2,3-difluoro-4-methylphenyl)methyl]-10-(dimethylcarbamoyl)-3-[(4-fluorophenyl)methyl]-4,9-diazatricyclo[6.3.0.02,6]undeca-1(8),10-diene-3-carboxylate",CC1=C(C(=C(C=C1)CN2C3=C(C=C2C(=O)N(C)C)[C@H]4[C@@H](C3)CN([C@@]4(CC5=CC=C(C=C5)F)C(=O)OC)C(=O)C6=CC=CC=C6)F)F,0
"methyl 4-[(R)-benzamido-[(1R,2R)-1,2-dipropylcyclopropyl]methyl]benzoate",CCC[C@@H]1C[C@@]1(CCC)[C@H](C2=CC=C(C=C2)C(=O)OC)NC(=O)C3=CC=CC=C3,0
"N-[3-[4-[(2,4-dimethoxyphenyl)methylamino]pyrimidin-2-yl]phenyl]methanesulfonamide",COC1=CC(=C(C=C1)CNC2=NC(=NC=C2)C3=CC(=CC=C3)NS(=O)(=O)C)OC,0
2-(2-methoxyphenyl)-N-[(2-methoxyphenyl)methyl]pyrimidin-4-amine,COC1=CC=CC=C1CNC2=NC(=NC=C2)C3=CC=CC=C3OC,0
"4-(4-(1,3-Benzodioxol-5-yl)-5-(2-pyridinyl)-1H-imidazol-2-yl)benzamide",C1OC2=C(O1)C=C(C=C2)C3=C(NC(=N3)C4=CC=C(C=C4)C(=O)N)C5=CC=CC=N5,0
Tocris-1548,C[C@]12[C@@H]3CC[C@@H]([C@@]1(C(=O)OC2=O)C)O3,0
"(1R,8S,12R)-7-(furan-3-yl)-1,8,12,16,16-pentamethyl-3,6-dioxapentacyclo[9.8.0.02,4.02,8.012,17]nonadec-14-ene-5,13,19-trione",C[C@@]12CCC3[C@]4(C(CC(=O)[C@]3(C15C(O5)C(=O)OC2C6=COC=C6)C)C(C=CC4=O)(C)C)C,0
"(3aS,5aR,6Z,8R,9S,9aS,9bS)-2-ethyl-8,9-dihydroxy-6-[(1S)-1-[3-(2,4,6-trimethylphenyl)-1,2-oxazol-5-yl]ethoxy]imino-4,5,5a,7,8,9,9a,9b-octahydro-3aH-benzo[e]isoindole-1,3-dione",CCN1C(=O)[C@H]2CC[C@@H]\3[C@@H]([C@@H]2C1=O)[C@@H]([C@@H](C/C3=N/O[C@@H](C)C4=CC(=NO4)C5=C(C=C(C=C5C)C)C)O)O,0
4-P-Pdot,CCC(=O)N[C@H]1C[C@@H](C2=CC=CC=C2C1)C3=CC=CC=C3,0
2-[4-(2-Morpholin-4-ylethylamino)quinazolin-6-yl]benzonitrile,C1COCCN1CCNC2=NC=NC3=C2C=C(C=C3)C4=CC=CC=C4C#N,0
Quinacrine Dihydrochloride,CCN(CC)CCCC(C)NC1=C2C=C(C=CC2=NC3=C1C=CC(=C3)Cl)OC.Cl.Cl,0
Trimethoprim,COC1=CC(=CC(=C1OC)OC)CC2=CN=C(N=C2N)N,0
N-benzyl-6-(3-methoxyphenyl)pyrimidin-4-amine,COC1=CC=CC(=C1)C2=CC(=NC=N2)NCC3=CC=CC=C3,0
2-Methoxy-6-(4-methoxyphenyl)-8-[(3-methoxyphenyl)methyl]pteridin-7-one,COC1=CC=C(C=C1)C2=NC3=CN=C(N=C3N(C2=O)CC4=CC(=CC=C4)OC)OC,0
"sodium 6-[7-[5-ethyl-5-[(5S)-5-ethyl-5-hydroxy-6-methyloxan-2-yl]-3-methyloxolan-2-yl]-4-hydroxy-3,5-dimethyl-6-oxononyl]-2-hydroxy-3-methylbenzoate",CCC(C1C(CC(O1)(CC)C2CC[C@](C(O2)C)(CC)O)C)C(=O)C(C)C(C(C)CCC3=C(C(=C(C=C3)C)O)C(=O)[O-])O.[Na+],0
8-[2-(2-Methoxyphenyl)ethyl]-6-phenylpteridin-7-one,COC1=CC=CC=C1CCN2C3=NC=NC=C3N=C(C2=O)C4=CC=CC=C4,0
"N-[(2,4-dimethoxyphenyl)methyl]-6-(2-methoxyphenyl)quinazolin-4-amine",COC1=CC(=C(C=C1)CNC2=NC=NC3=C2C=C(C=C3)C4=CC=CC=C4OC)OC,0
3-[4-(Thiophen-2-ylmethylamino)quinazolin-2-yl]benzonitrile,C1=CC=C2C(=C1)C(=NC(=N2)C3=CC=CC(=C3)C#N)NCC4=CC=CS4,0
"1,2,3,9-Tetrahydro-1,3-dimethyl-8-((2-pyridinylmethyl)thio)-2-thioxo-6H-purin-6-one",CN1C2=C(C(=O)N(C1=S)C)NC(=N2)SCC3=CC=CC=N3,0
N-cyclopropyl-2-(furan-3-yl)pyrimidin-4-amine,C1CC1NC2=NC(=NC=C2)C3=COC=C3,0
"7,3'-Dimethoxyflavone",COC1=CC2=C(C=C1)C(=O)C=C(O2)C3=CC(=CC=C3)OC,0
methyl 2-[(1-benzoyl-5-methyl-2H-pyrrole-5-carbonyl)amino]acetate,CC1(C=CCN1C(=O)C2=CC=CC=C2)C(=O)NCC(=O)OC,0
"methyl (2R,3R,6R)-4-benzoyl-3,9-dibenzyl-10-(dimethylcarbamoyl)-4,9-diazatricyclo[6.3.0.02,6]undeca-1(8),10-diene-3-carboxylate",CN(C)C(=O)C1=CC2=C(N1CC3=CC=CC=C3)C[C@@H]4[C@H]2[C@](N(C4)C(=O)C5=CC=CC=C5)(CC6=CC=CC=C6)C(=O)OC,0
"(1R,2S,12R,16S)-8-ethyl-3-[2-(1H-indol-3-yl)ethylimino]-2-methyl-4-oxa-6,14-diazatetracyclo[7.7.0.02,6.012,16]hexadec-8-ene-5,7,13,15-tetrone",CCC1=C2CC[C@@H]3[C@H]([C@H]2[C@]4(C(=NCCC5=CNC6=CC=CC=C65)OC(=O)N4C1=O)C)C(=O)NC3=O,0
"N-phenyl-9-(thiadiazole-4-carbonyl)-2,9-diazaspiro[5.5]undecane-2-carboxamide",C1CC2(CCN(CC2)C(=O)C3=CSN=N3)CN(C1)C(=O)NC4=CC=CC=C4,0
Davitin,CC(C)C(C)/C=C/C(C)C1CCC\2C1(CCC/C2=C\C=C\3/CC(CCC3=C)O)C,0
"methyl 4-[(E,4R)-5-anilino-4-methyl-5-oxo-1-(phenylmethoxycarbonylamino)-2-pyridin-3-ylpent-2-enyl]benzoate",C[C@H](/C=C(\C1=CN=CC=C1)/C(C2=CC=C(C=C2)C(=O)OC)NC(=O)OCC3=CC=CC=C3)C(=O)NC4=CC=CC=C4,0
"Benzyl 3-[6-[[1-(butylamino)-1-oxopropan-2-yl]-hexylamino]-6-oxohexyl]-4-methyl-2-oxo-6-(4-phenylphenyl)-1,6-dihydropyrimidine-5-carboxylate",CCCCCCN(C(C)C(=O)NCCCC)C(=O)CCCCCN1C(=C(C(NC1=O)C2=CC=C(C=C2)C3=CC=CC=C3)C(=O)OCC4=CC=CC=C4)C,0
Apigenin,C1=CC(=CC=C1C2=CC(=O)C3=C(C=C(C=C3O2)O)O)O,0
"N-[(3S)-6,6-dimethyl-5-oxo-1-phenylheptan-3-yl]-4-methylbenzenesulfonamide",CC1=CC=C(C=C1)S(=O)(=O)N[C@@H](CCC2=CC=CC=C2)CC(=O)C(C)(C)C,0
"(1S,2S,8S,12R)-7-(furan-3-yl)-19-hydroxy-1,8,12,16,16-pentamethyl-3,6-dioxapentacyclo[9.8.0.02,4.02,8.012,17]nonadec-13-ene-5,15-dione",C[C@@]12CCC3[C@]4(C=CC(=O)C(C4CC([C@]3([C@]15C(O5)C(=O)OC2C6=COC=C6)C)O)(C)C)C,0
"2-(3,4-diacetyloxyphenyl)-4-oxo-7-[3,4,5-triacetyloxy-6-(acetyloxymethyl)(2H-3,4,5,6-tetrahydropyran-2-yloxy)]chromen-5-yl acetate",CC(=O)OCC1C(C(C(C(O1)OC2=CC3=C(C(=C2)OC(=O)C)C(=O)C=C(O3)C4=CC(=C(C=C4)OC(=O)C)OC(=O)C)OC(=O)C)OC(=O)C)OC(=O)C,0
"(3-Fluorophenyl)-(2-pyridin-4-yl-2,9-diazaspiro[5.5]undecan-9-yl)methanone",C1CC2(CCN(CC2)C(=O)C3=CC(=CC=C3)F)CN(C1)C4=CC=NC=C4,0
Acacetin,COC1=CC=C(C=C1)C2=CC(=O)C3=C(C=C(C=C3O2)O)O,0
CID 16667712,C1=CC(=CC=C1C2=C3C=CC(=C(C4=NC(=C(C5=CC=C([N-]5)C(=C6C=CC2=N6)C7=CC=C(C=C7)C(=O)O)C8=CC=C(C=C8)C(=O)O)C=C4)C9=CC=C(C=C9)C(=O)O)[N-]3)C(=O)O.[Cl-].[Mn+3],0
Telenzepine,CC1=C2C(=CS1)C(=O)NC3=CC=CC=C3N2C(=O)CN4CCN(CC4)C,0
"methyl (2R,3R,6R)-4-benzoyl-3-benzyl-10-(dimethylcarbamoyl)-9-[(4-hydroxy-3-methoxyphenyl)methyl]-4,9-diazatricyclo[6.3.0.02,6]undeca-1(8),10-diene-3-carboxylate",CN(C)C(=O)C1=CC2=C(N1CC3=CC(=C(C=C3)O)OC)C[C@@H]4[C@H]2[C@](N(C4)C(=O)C5=CC=CC=C5)(CC6=CC=CC=C6)C(=O)OC,0
"methyl 4-[(E,4R)-5-(2-fluoroethylamino)-4-methyl-5-oxo-1-(phenylmethoxycarbonylamino)-2-pyridin-3-ylpent-2-enyl]benzoate",C[C@H](/C=C(\C1=CN=CC=C1)/C(C2=CC=C(C=C2)C(=O)OC)NC(=O)OCC3=CC=CC=C3)C(=O)NCCF,0
S(-)-Bay k 8644,CC1=C([C@@H](C(=C(N1)C)[N+](=O)[O-])C2=CC=CC=C2C(F)(F)F)C(=O)OC,0
"6-(3,5-dimethyl-1,2-oxazol-4-yl)-N-(2-morpholin-4-ylethyl)quinazolin-4-amine",CC1=C(C(=NO1)C)C2=CC3=C(C=C2)N=CN=C3NCCN4CCOCC4,0
(+-)-Dihydromethysticin,COC1=CC(=O)OC(C1)CCC2=CC3=C(C=C2)OCO3,0
Picotamide,COC1=C(C=C(C=C1)C(=O)NCC2=CN=CC=C2)C(=O)NCC3=CN=CC=C3,0
"3-Phenanthrenepropionic acid, hydrazide",C1=CC=C2C(=C1)C=CC3=C2C=C(C=C3)CCC(=O)NN,0
3-Ethoxyaniline,CCOC1=CC=CC(=C1)N,0
"1,4-Benzodioxin-2-methanamine, N-(2-(2,6-dimethoxyphenoxy)ethyl)-2,3-dihydro-, hydrochloride (1:1)",COC1=C(C(=CC=C1)OC)OCCNCC2COC3=CC=CC=C3O2.Cl,0
"2,3-dinitro-9H-fluoren-9-one",C1=CC=C2C(=C1)C3=CC(=C(C=C3C2=O)[N+](=O)[O-])[N+](=O)[O-],0
"4-[[9-(Pyrazine-2-carbonyl)-2,9-diazaspiro[5.5]undecan-2-yl]methyl]benzonitrile",C1CC2(CCN(CC2)C(=O)C3=NC=CN=C3)CN(C1)CC4=CC=C(C=C4)C#N,0
"(3E)-3-(3-but-2-ynoxypropylidene)-1-methoxy-2-methyl-1,2-dihydroindene",CC#CCOCC/C=C/1\C(C(C2=CC=CC=C21)OC)C,0
Oxazolidin,CCCCC1C(=O)N(N(C1=O)C2=CC=C(C=C2)O)C3=CC=CC=C3,0
"N-(4-methoxyphenyl)-9-(1-methylpyrrole-2-carbonyl)-2,9-diazaspiro[5.5]undecane-2-carboxamide",CN1C=CC=C1C(=O)N2CCC3(CCCN(C3)C(=O)NC4=CC=C(C=C4)OC)CC2,0
Pharmakon1600-00300565,CN1CC(C[C@@H]2C1CC3=CN(C4=CC=CC2=C34)C)CNC(=O)OCC5=CC=CC=C5,0
8-Cyclopropyl-2-(4-methoxyphenoxy)-6-(4-methoxyphenyl)pteridin-7-one,COC1=CC=C(C=C1)C2=NC3=CN=C(N=C3N(C2=O)C4CC4)OC5=CC=C(C=C5)OC,0
"4,4',4'',4'''-(Thiene-2,3,4,5-tetrayl)tetrapyridine",C1=CN=CC=C1C2=C(SC(=C2C3=CC=NC=C3)C4=CC=NC=C4)C5=CC=NC=C5,0
"methyl 4-[(Z,4R)-2-fluoro-4-methyl-5-[methyl(pyridin-3-ylmethyl)amino]-5-oxo-1-(phenylmethoxycarbonylamino)pent-2-enyl]benzoate",C[C@H](/C=C(/C(C1=CC=C(C=C1)C(=O)OC)NC(=O)OCC2=CC=CC=C2)\F)C(=O)N(C)CC3=CN=CC=C3,0
2-Methoxy-8-(2-methoxyethyl)-6-(4-methoxyphenyl)pteridin-7-one,COCCN1C2=NC(=NC=C2N=C(C1=O)C3=CC=C(C=C3)OC)OC,0
3-[8-[(4-Fluorophenyl)methyl]-2-(4-methylpiperazin-1-yl)-7-oxopteridin-6-yl]benzonitrile,CN1CCN(CC1)C2=NC=C3C(=N2)N(C(=O)C(=N3)C4=CC=CC(=C4)C#N)CC5=CC=C(C=C5)F,0
8-[(4-Fluorophenyl)methyl]-6-methyl-2-morpholin-4-ylpteridin-7-one,CC1=NC2=CN=C(N=C2N(C1=O)CC3=CC=C(C=C3)F)N4CCOCC4,0
"N-[3-[6-[(2,4-dimethoxyphenyl)methylamino]pyrimidin-4-yl]phenyl]methanesulfonamide",COC1=CC(=C(C=C1)CNC2=NC=NC(=C2)C3=CC(=CC=C3)NS(=O)(=O)C)OC,0
Benzthiazide,C1=CC=C(C=C1)CSCC2=NS(=O)(=O)C3=CC(=C(C=C3N2)Cl)S(=O)(=O)N,0
"(6aS,9R)-N-[(1R,2R,4R,7S)-2-hydroxy-7-(2-methylpropyl)-5,8-dioxo-4-propan-2-yl-3-oxa-6,9-diazatricyclo[7.3.0.02,6]dodecan-4-yl]-7-methyl-6,6a,8,9-tetrahydro-4H-indolo[4,3-fg]quinoline-9-carboxamide",CC(C)C[C@H]1C(=O)N2CCC[C@@H]2[C@@]3(N1C(=O)[C@](O3)(C(C)C)NC(=O)[C@H]4CN([C@H]5CC6=CNC7=CC=CC(=C67)C5=C4)C)O,0
"N-[(2,4-dimethoxyphenyl)methyl]-5-[4-(dimethylamino)phenyl]pyrimidin-4-amine",CN(C)C1=CC=C(C=C1)C2=CN=CN=C2NCC3=C(C=C(C=C3)OC)OC,0
"benzyl N-[(S)-[(1S,2R)-2-[(2R)-1-(2-fluoroethylamino)-1-oxopropan-2-yl]-1-methylcyclopropyl]-phenylmethyl]carbamate",C[C@H]([C@H]1C[C@]1(C)[C@@H](C2=CC=CC=C2)NC(=O)OCC3=CC=CC=C3)C(=O)NCCF,0
"methyl 4-[(E,4R)-5-(benzylamino)-4-methyl-5-oxo-1-(phenylmethoxycarbonylamino)-2-pyridin-3-ylpent-2-enyl]benzoate",C[C@H](/C=C(\C1=CN=CC=C1)/C(C2=CC=C(C=C2)C(=O)OC)NC(=O)OCC3=CC=CC=C3)C(=O)NCC4=CC=CC=C4,0
Tocris-1610,CC1=C(C(=C(C(=C1O)C(=O)C)O)CC2=C(C(=C3C(=C2O)C=CC(O3)(C)C)C(=O)/C=C\C4=CC=CC=C4)O)O,0
"(5R)-N-(3-cyanophenyl)-9-(thiadiazole-4-carbonyl)-2,9-diazaspiro[4.5]decane-2-carboxamide",C1C[C@@]2(CCN(C2)C(=O)NC3=CC=CC(=C3)C#N)CN(C1)C(=O)C4=CSN=N4,0
"methyl 3,5-dimethyl-6-oxo-7-pentyl-2,5-dihydro-1H-cyclopenta[c]pyridine-3-carboxylate",CCCCCC1=C2CNC(C=C2C(C1=O)C)(C)C(=O)OC,0
2-Anilino-8-cyclopropyl-6-methylpteridin-7-one,CC1=NC2=CN=C(N=C2N(C1=O)C3CC3)NC4=CC=CC=C4,0
6-Methyl-8-(2-phenylethyl)-2-piperazin-1-ylpteridin-7-one,CC1=NC2=CN=C(N=C2N(C1=O)CCC3=CC=CC=C3)N4CCNCC4,0
Tocris-0993,CC(C)(C)NC[C@H](COC1=CC=CC2=C1C=C(N2)C#N)O,0
"N-[2-(3,4-dimethoxyphenyl)ethyl]-2,2,2-trifluoro-N-[(E)-2-(4-methoxyphenyl)ethenyl]acetamide",COC1=CC=C(C=C1)/C=C/N(CCC2=CC(=C(C=C2)OC)OC)C(=O)C(F)(F)F,0
6-(2-chlorophenyl)-N-(3-pyridinylmethyl)-4-quinazolinamine,C1=CC=C(C(=C1)C2=CC3=C(C=C2)N=CN=C3NCC4=CN=CC=C4)Cl,0
"methyl 4-[(2S,5R)-6-(6-chloro-3-pyridinyl)-3-(cyclohexylmethyl)-2-phenyl-3-azatricyclo[5.1.1.01,5]nonan-7-yl]benzoate",COC(=O)C1=CC=C(C=C1)C23CC4(C2)[C@@H](C3C5=CN=C(C=C5)Cl)CN([C@@H]4C6=CC=CC=C6)CC7CCCCC7,0
Triacetylresveratrol,CC(=O)OC1=CC=C(C=C1)/C=C/C2=CC(=CC(=C2)OC(=O)C)OC(=O)C,0
"methyl (2R,3R,6R)-4-benzoyl-3-benzyl-10-(dimethylcarbamoyl)-9-(pyridin-2-ylmethyl)-4,9-diazatricyclo[6.3.0.02,6]undeca-1(8),10-diene-3-carboxylate",CN(C)C(=O)C1=CC2=C(N1CC3=CC=CC=N3)C[C@@H]4[C@H]2[C@](N(C4)C(=O)C5=CC=CC=C5)(CC6=CC=CC=C6)C(=O)OC,0
(+)-Epitaxifolin,C1=CC(=C(C=C1[C@H]2[C@H](C(=O)C3=C(C=C(C=C3O2)O)O)O)O)O,0
"[(1R,2S,12R,16S)-3-benzylimino-8-ethyl-2-methyl-5,13,15-trioxo-4-oxa-6,14-diazatetracyclo[7.7.0.02,6.012,16]hexadeca-7,9-dien-7-yl] N,N-diethylcarbamate",CCC1=C(N2C(=O)OC(=NCC3=CC=CC=C3)[C@@]2([C@H]4C1=CC[C@@H]5[C@H]4C(=O)NC5=O)C)OC(=O)N(CC)CC,0
2-(4-Methoxyphenoxy)-6-methyl-8-phenylpteridin-7-one,CC1=NC2=CN=C(N=C2N(C1=O)C3=CC=CC=C3)OC4=CC=C(C=C4)OC,0
6-(4-Chlorophenyl)-8-(2-methoxyethyl)-2-phenylmethoxypteridin-7-one,COCCN1C2=NC(=NC=C2N=C(C1=O)C3=CC=C(C=C3)Cl)OCC4=CC=CC=C4,0
"[2-(4-Phenylphenyl)-2,9-diazaspiro[5.5]undecan-9-yl]-(thiadiazol-4-yl)methanone",C1CC2(CCN(CC2)C(=O)C3=CSN=N3)CN(C1)C4=CC=C(C=C4)C5=CC=CC=C5,0
(-)-Deguelin;(-)-cis-Deguelin,CC1(C=CC2=C(O1)C=CC3=C2OC4COC5=CC(=C(C=C5C4C3=O)OC)OC)C,0
"(Z)-3-(1,3-benzodioxol-5-yl)-1-[5-bromo-2-(methoxymethoxy)phenyl]prop-2-en-1-one",COCOC1=C(C=C(C=C1)Br)C(=O)/C=C\C2=CC3=C(C=C2)OCO3,0
"trans-(1R,2R)-2-[(R)-(diphenylphosphorylamino)-phenylmethyl]-N-[(4-methylsulfonylphenyl)methyl]cyclopropane-1-carboxamide",CS(=O)(=O)C1=CC=C(C=C1)CNC(=O)[C@@H]2C[C@H]2[C@H](C3=CC=CC=C3)NP(=O)(C4=CC=CC=C4)C5=CC=CC=C5,0
N-benzyl-9-[3-(dimethylamino)propyl]-2-methyl-8-phenylpurin-6-amine,CC1=NC(=C2C(=N1)N(C(=N2)C3=CC=CC=C3)CCCN(C)C)NCC4=CC=CC=C4,0
11-ent-Mifepristone,CC#C[C@@]1(CC[C@@H]2[C@@]1(C[C@H](C3=C4CCC(=O)C=C4CC[C@@H]23)C5=CC=C(C=C5)N(C)C)C)O,0
"(5R)-N-(3-fluorophenyl)-9-(1-methylpyrrole-2-carbonyl)-2,9-diazaspiro[4.5]decane-2-carboxamide",CN1C=CC=C1C(=O)N2CCC[C@]3(C2)CCN(C3)C(=O)NC4=CC(=CC=C4)F,0
3-(6-Imidazol-1-ylpyrimidin-4-yl)benzonitrile,C1=CC(=CC(=C1)C2=CC(=NC=N2)N3C=CN=C3)C#N,0
"12-[tert-butyl(dimethyl)silyl]-1-propan-2-yl-11H-indolizino[1,2-b]quinolin-9-one",CC(C)C1=C2C(=CC=C1)N=C3C(=C2[Si](C)(C)C(C)(C)C)CN4C3=CC=CC4=O,0
"methyl (2R,3R,6R)-4-benzoyl-9-[(2,3-difluoro-4-methylphenyl)methyl]-3-[(4-fluorophenyl)methyl]-10-(pyrrolidine-1-carbonyl)-4,9-diazatricyclo[6.3.0.02,6]undeca-1(8),10-diene-3-carboxylate",CC1=C(C(=C(C=C1)CN2C3=C(C=C2C(=O)N4CCCC4)[C@H]5[C@@H](C3)CN([C@@]5(CC6=CC=C(C=C6)F)C(=O)OC)C(=O)C7=CC=CC=C7)F)F,0
"N-[(2,4-dimethoxyphenyl)methyl]-6-(furan-3-yl)quinazolin-4-amine",COC1=CC(=C(C=C1)CNC2=NC=NC3=C2C=C(C=C3)C4=COC=C4)OC,0
N-[2-(1H-imidazol-5-yl)ethyl]-5-(2-methylphenyl)pyrimidin-4-amine,CC1=CC=CC=C1C2=CN=CN=C2NCCC3=CN=CN3,0
"[(1S,2S,8S,12R)-13-acetyloxy-7-(furan-3-yl)-19-hydroxy-1,8,12,16,16-pentamethyl-5-oxo-3,6-dioxapentacyclo[9.8.0.02,4.02,8.012,17]nonadecan-15-yl] acetate",CC(=O)OC1CC(C(C2[C@@]1(C3CC[C@]4(C(OC(=O)C5[C@]4([C@@]3(C(C2)O)C)O5)C6=COC=C6)C)C)(C)C)OC(=O)C,0
"N-[3-[4-[(2,4-dimethoxyphenyl)methylamino]pyrimidin-5-yl]phenyl]methanesulfonamide",COC1=CC(=C(C=C1)CNC2=NC=NC=C2C3=CC(=CC=C3)NS(=O)(=O)C)OC,0
"(3-fluorophenyl)-[(5S)-2-pyridin-2-yl-2,7-diazaspiro[4.5]decan-7-yl]methanone",C1C[C@@]2(CCN(C2)C3=CC=CC=N3)CN(C1)C(=O)C4=CC(=CC=C4)F,0
K185,CCCC(=O)NCCC1=C2C3=CC=CC=C3CCCN2C4=C1C=C(C=C4)OC,0
"methyl 3-[(2S,5R)-3-(cyclohexylmethyl)-2,6-diphenyl-3-azatricyclo[5.1.1.01,5]nonan-7-yl]benzoate",COC(=O)C1=CC(=CC=C1)C23CC4(C2)[C@@H](C3C5=CC=CC=C5)CN([C@@H]4C6=CC=CC=C6)CC7CCCCC7,0
"2-(1,3-Benzodioxol-5-yl)-4-(4-methylpiperazin-1-yl)quinazoline",CN1CCN(CC1)C2=NC(=NC3=CC=CC=C32)C4=CC5=C(C=C4)OCO5,0
Bergapten,COC1=C2C=CC(=O)OC2=CC3=C1C=CO3,0
N-(6-Aminohexyl)-1-naphthalenesulfonamide,C1=CC=C2C(=C1)C=CC=C2S(=O)(=O)NCCCCCCN,0
"methyl (2R,3R,6R)-4-benzoyl-3-benzyl-10-(pyrrolidine-1-carbonyl)-4,9-diazatricyclo[6.3.0.02,6]undeca-1(8),10-diene-3-carboxylate",COC(=O)[C@]1([C@@H]2[C@@H](CC3=C2C=C(N3)C(=O)N4CCCC4)CN1C(=O)C5=CC=CC=C5)CC6=CC=CC=C6,0
"(1E)-1-(4-bromophenyl)-4-methylpenta-1,4-dien-3-ol",CC(=C)C(/C=C/C1=CC=C(C=C1)Br)O,0
"methyl 2-[[(1R,2S,12R,16S)-7-(diethylcarbamoyloxy)-8-ethyl-2-methyl-5,13,15-trioxo-4-oxa-6,14-diazatetracyclo[7.7.0.02,6.012,16]hexadeca-7,9-dien-3-ylidene]amino]acetate",CCC1=C(N2C(=O)OC(=NCC(=O)OC)[C@@]2([C@H]3C1=CC[C@@H]4[C@H]3C(=O)NC4=O)C)OC(=O)N(CC)CC,0
1-benzoyl-N-(2-methoxyethyl)-2-methyl-1-azaspiro[4.5]dec-3-ene-2-carboxamide,CC1(C=CC2(N1C(=O)C3=CC=CC=C3)CCCCC2)C(=O)NCCOC,0
N-[3-[6-(thiophen-2-ylmethylamino)pyrimidin-4-yl]phenyl]methanesulfonamide,CS(=O)(=O)NC1=CC=CC(=C1)C2=CC(=NC=N2)NCC3=CC=CS3,0
"[4-[(3R)-3-hydroxy-3-methylpent-4-enyl]-4a,8,8-trimethyl-3-methylidene-2,4,5,6,7,8a-hexahydro-1H-naphthalen-1-yl] acetate",CC(=O)OC1CC(=C)C(C2(C1C(CCC2)(C)C)C)CC[C@](C)(C=C)O,0
Triallyl isocyanurate,C=CCN1C(=O)N(C(=O)N(C1=O)CC=C)CC=C,0
"Toluene 2,4-Diisocyanate",CC1=C(C=C(C=C1)N=C=O)N=C=O,0
N-(furan-2-ylmethyl)-5-(2-methoxyphenyl)-N-methylpyrimidin-4-amine,CN(CC1=CC=CO1)C2=NC=NC=C2C3=CC=CC=C3OC,0
"Benzyl 3-[6-[[2-(butylamino)-2-oxo-1-(4-phenylphenyl)ethyl]-(2-morpholin-4-ylethyl)amino]-6-oxohexyl]-4-methyl-6-(4-nitrophenyl)-2-oxo-1,6-dihydropyrimidine-5-carboxylate",CCCCNC(=O)C(C1=CC=C(C=C1)C2=CC=CC=C2)N(CCN3CCOCC3)C(=O)CCCCCN4C(=C(C(NC4=O)C5=CC=C(C=C5)[N+](=O)[O-])C(=O)OCC6=CC=CC=C6)C,0
"trans-(1R,2R)-2-[(R)-(diphenylphosphorylamino)-phenylmethyl]-N-[2-(1H-indol-3-yl)ethyl]cyclopropane-1-carboxamide",C1[C@H]([C@@H]1C(=O)NCCC2=CNC3=CC=CC=C32)[C@H](C4=CC=CC=C4)NP(=O)(C5=CC=CC=C5)C6=CC=CC=C6,0
Aspidocarpine,CCC12CCCN3C1C4(CC3)C(CC2)N(C5=C4C=CC(=C5O)OC)C(=O)C,0
"[2-(ethoxycarbonyloxymethyl)-6-(2-phenylethynyl)-3,6-dihydro-2H-pyran-3-yl] ethyl carbonate",CCOC(=O)OCC1C(C=CC(O1)C#CC2=CC=CC=C2)OC(=O)OCC,0
"1-Propanone, 1-(2,4-dihydroxyphenyl)-2-(4-methoxyphenyl)-",CC(C1=CC=C(C=C1)OC)C(=O)C2=C(C=C(C=C2)O)O,0
"N-(3-cyanophenyl)-9-(3-fluorobenzoyl)-2,9-diazaspiro[5.5]undecane-2-carboxamide",C1CC2(CCN(CC2)C(=O)C3=CC(=CC=C3)F)CN(C1)C(=O)NC4=CC=CC(=C4)C#N,0
"(14R)-7-(3-bromophenyl)-6,13-dimethyl-14-(3-morpholin-4-ylphenyl)-1,8-diazatricyclo[8.4.0.03,8]tetradecane-2,9-dione",CC1CCC2C(=O)N3C(CCC(C3C4=CC(=CC=C4)Br)C)C(=O)N2[C@H]1C5=CC(=CC=C5)N6CCOCC6,0
2-(Ethylamino)-8-[(3-methoxyphenyl)methyl]-6-(1-methylindol-3-yl)pteridin-7-one,CCNC1=NC=C2C(=N1)N(C(=O)C(=N2)C3=CN(C4=CC=CC=C43)C)CC5=CC(=CC=C5)OC,0
N-[3-(4-imidazol-1-ylpyrimidin-2-yl)phenyl]methanesulfonamide,CS(=O)(=O)NC1=CC=CC(=C1)C2=NC=CC(=N2)N3C=CN=C3,0
"methyl 2-[(1R,8R,12S)-13-(furan-3-yl)-5-hydroxy-6,6,8,12-tetramethyl-17-methylidene-15-oxo-2,14-dioxatetracyclo[7.7.1.01,12.03,8]heptadecan-7-yl]acetate",C[C@@]12CCC3C(=C)[C@@]1(CC(=O)OC2C4=COC=C4)OC5[C@@]3(C(C(C(C5)O)(C)C)CC(=O)OC)C,0
Podophyllotoxin,COC1=CC(=CC(=C1OC)OC)[C@H]2[C@@H]3[C@H](COC3=O)[C@H](C4=CC5=C(C=C24)OCO5)O,0
2-(Ethylamino)-8-[(4-fluorophenyl)methyl]-6-thiophen-2-ylpteridin-7-one,CCNC1=NC=C2C(=N1)N(C(=O)C(=N2)C3=CC=CS3)CC4=CC=C(C=C4)F,0
"4-O-[(3R)-4-(dimethylamino)-2-[[(4S,6R,7S,11S,13S)-14-ethyl-7,12,13-trihydroxy-4-[(2R,4R)-5-hydroxy-4-methoxy-4,6-dimethyloxan-2-yl]oxy-3,5,7,9,11,13-hexamethyl-2,10-dioxo-oxacyclotetradec-6-yl]oxy]-6-methyloxan-3-yl] 1-O-ethyl butanedioate",CCC1[C@@](C([C@@H](C(=O)C(C[C@]([C@@H](C([C@@H](C(C(=O)O1)C)O[C@H]2C[C@@](C(C(O2)C)O)(C)OC)C)OC3[C@@H](C(CC(O3)C)N(C)C)OC(=O)CCC(=O)OCC)(C)O)C)C)O)(C)O,0
Clobenpropit,C1=CC(=CC=C1CN=C(N)SCCCC2=CN=CN2)Cl,0
Diphenyleneiodonium,C1=CC=C2C(=C1)C3=CC=CC=C3[I+]2,0
"methyl 2-acetyloxy-2-[(1R,8S,12S)-13-(furan-3-yl)-6,6,8,12-tetramethyl-17-methylidene-5,15-dioxo-2,14-dioxatetracyclo[7.7.1.01,12.03,8]heptadecan-7-yl]acetate",CC(=O)OC(C1[C@@]2(C3CC[C@]4(C(OC(=O)C[C@]4(C3=C)OC2CC(=O)C1(C)C)C5=COC=C5)C)C)C(=O)OC,0
"methyl (2R,3R,6R)-4-benzoyl-3-[(4-fluorophenyl)methyl]-10-(pyrrolidine-1-carbonyl)-9-[[4-(trifluoromethoxy)phenyl]methyl]-4,9-diazatricyclo[6.3.0.02,6]undeca-1(8),10-diene-3-carboxylate",COC(=O)[C@]1([C@@H]2[C@@H](CC3=C2C=C(N3CC4=CC=C(C=C4)OC(F)(F)F)C(=O)N5CCCC5)CN1C(=O)C6=CC=CC=C6)CC7=CC=C(C=C7)F,0
N-(4-fluorophenyl)-2-(2-methoxyphenyl)pyrimidin-4-amine,COC1=CC=CC=C1C2=NC=CC(=N2)NC3=CC=C(C=C3)F,0
N-diphenylphosphoryl-1-[1-(2-phenylprop-2-enyl)cyclopropyl]methanamine,C=C(CC1(CC1)CNP(=O)(C2=CC=CC=C2)C3=CC=CC=C3)C4=CC=CC=C4,0
"[2-(2-Cyclopropylmethoxy-phenoxy)-ethyl]-[2-(1H-indol-3-yl)-1,1-dimethyl-ethyl]-amine",CC(C)(CC1=CNC2=C1C=C(C=C2)Cl)NCCOC3=CC=CC=C3OCC4CC4,0
6-(3-Chlorophenyl)-8-(4-methoxyphenyl)pteridin-7-one,COC1=CC=C(C=C1)N2C3=NC=NC=C3N=C(C2=O)C4=CC(=CC=C4)Cl,0
N-[3-[6-(benzylamino)pyrimidin-4-yl]phenyl]methanesulfonamide,CS(=O)(=O)NC1=CC=CC(=C1)C2=CC(=NC=N2)NCC3=CC=CC=C3,0
Lopac-L-8397,CC(C)C[C@@H](CSSC[C@H](CC(C)C)N)N,0
Ethyl 3-[4-[8-(4-fluorophenyl)-2-methyl-9-propylpurin-6-yl]piperazin-1-yl]propanoate,CCCN1C2=C(C(=NC(=N2)C)N3CCN(CC3)CCC(=O)OCC)N=C1C4=CC=C(C=C4)F,0
"2-(3-methoxyphenyl)-N,N-dimethylquinazolin-4-amine",CN(C)C1=NC(=NC2=CC=CC=C21)C3=CC(=CC=C3)OC,0
5-(2-methylphenyl)-N-(thiophen-2-ylmethyl)pyrimidin-4-amine,CC1=CC=CC=C1C2=CN=CN=C2NCC3=CC=CS3,0
Gossypol,CC1=CC2=C(C(=C(C(=C2C(C)C)O)O)C=O)C(=C1C3=C(C4=C(C=C3C)C(=C(C(=C4C=O)O)O)C(C)C)O)O,0
8-Cyclopropyl-6-(4-methoxyphenyl)-2-piperazin-1-ylpteridin-7-one,COC1=CC=C(C=C1)C2=NC3=CN=C(N=C3N(C2=O)C4CC4)N5CCNCC5,0
"N-[(4-chlorophenyl)-[(1R,2R)-1,2-dipropylcyclopropyl]methyl]quinoline-8-sulfonamide",CCC[C@@H]1C[C@@]1(CCC)C(C2=CC=C(C=C2)Cl)NS(=O)(=O)C3=CC=CC4=C3N=CC=C4,0
"(9R,13S,14S)-3-hydroxy-13-methyl-9,11,12,14,15,16-hexahydro-6H-cyclopenta[a]phenanthren-17-one",C[C@]12CC[C@@H]3C(=CCC4=C3C=CC(=C4)O)[C@@H]1CCC2=O,0
Robustone methyl ether,CC1(C=CC2=C(O1)C=C3C(=C2OC)C(=O)C(=CO3)C4=CC5=C(C=C4)OCO5)C,0
"[2-(3,4-Dichloro-phenyl)-ethyl]-methyl-(2-pyrrolidin-1-yl-cyclohexyl)-amine",CN(CCC1=CC(=C(C=C1)Cl)Cl)[C@H]2CCCC[C@H]2N3CCCC3,0
"2,2-dimethyl-N-[(E)-1-phenylhept-2-enyl]propanamide",CCCC/C=C/C(C1=CC=CC=C1)NC(=O)C(C)(C)C,0
Dmp-543,C1=CC=C2C(=C1)C(=O)C3=CC=CC=C3C2(CC4=CC(=NC=C4)F)CC5=CC(=NC=C5)F,0
"1-[(5S)-2-[[3,5-bis(trifluoromethyl)phenyl]methyl]-2,7-diazaspiro[4.5]decan-7-yl]-2-methoxyethanone",COCC(=O)N1CCC[C@]2(C1)CCN(C2)CC3=CC(=CC(=C3)C(F)(F)F)C(F)(F)F,0
"(1R,4Z,7R,17S)-4-ethylidene-7-hydroxy-7-methyl-6-methylidene-2,9-dioxa-14-azatricyclo[9.5.1.014,17]heptadec-11-ene-3,8-dione",C/C=C\1/CC(=C)[C@@](C(=O)OCC2=CCN3[C@@H]2[C@@H](CC3)OC1=O)(C)O,0
5-[2-[(dimethylamino)methyl]phenyl]-N-[(2-methoxyphenyl)methyl]pyrimidin-4-amine,CN(C)CC1=CC=CC=C1C2=CN=CN=C2NCC3=CC=CC=C3OC,0
Prop-2-enyl 2-[(4-fluorophenyl)-(methoxycarbonylamino)methyl]-3-oxobutanoate,CC(=O)C(C(C1=CC=C(C=C1)F)NC(=O)OC)C(=O)OCC=C,0
Trans-flupenthixol,C1CN(CCN1CC/C=C/2\C3=CC=CC=C3SC4=C2C=C(C=C4)C(F)(F)F)CCO,0
"rel-4-((R)-((2S,5R)-2,5-Dimethyl-4-(2-propen-1-yl)-1-piperazinyl)(3-hydroxyphenyl)methyl)-N,N-diethylbenzamide",CCN(CC)C(=O)C1=CC=C(C=C1)[C@H](C2=CC(=CC=C2)O)N3C[C@H](N(C[C@@H]3C)CC=C)C,0
"methyl (2R,3R,6R)-4-benzoyl-3-benzyl-9-[2-(2-hydroxyethylsulfanyl)ethyl]-10-(pyrrolidine-1-carbonyl)-4,9-diazatricyclo[6.3.0.02,6]undeca-1(8),10-diene-3-carboxylate",COC(=O)[C@]1([C@@H]2[C@@H](CC3=C2C=C(N3CCSCCO)C(=O)N4CCCC4)CN1C(=O)C5=CC=CC=C5)CC6=CC=CC=C6,0
"6-(3,5-Difluorophenyl)-8-(2-methoxyethyl)-2-phenylmethoxypteridin-7-one",COCCN1C2=NC(=NC=C2N=C(C1=O)C3=CC(=CC(=C3)F)F)OCC4=CC=CC=C4,0
"(1R,2S)-4,4-dimethyl-1,2-dimorpholin-4-yl-1-phenylpentan-3-one",CC(C)(C)C(=O)[C@H]([C@@H](C1=CC=CC=C1)N2CCOCC2)N3CCOCC3,0
"benzyl N-[(S)-[(1S,2S)-2-(dimethylcarbamoyl)cyclopropyl]-phenylmethyl]carbamate",CN(C)C(=O)[C@H]1C[C@@H]1[C@@H](C2=CC=CC=C2)NC(=O)OCC3=CC=CC=C3,0
"[5-bromo-2-(methoxymethoxy)phenyl]-[(2S,3S)-3-(3-methoxyphenyl)oxiran-2-yl]methanone",COCOC1=C(C=C(C=C1)Br)C(=O)[C@@H]2[C@@H](O2)C3=CC(=CC=C3)OC,0
"4-[4-[(2-methoxyphenyl)methylamino]pyrimidin-5-yl]-N,N-dimethylbenzamide",CN(C)C(=O)C1=CC=C(C=C1)C2=CN=CN=C2NCC3=CC=CC=C3OC,0
Gangleoidin acetate,CC1=C2C(=C(C(=C1Cl)OC(=O)C)Cl)OC3=C(C(=C(C=C3OC2=O)OC)C(=O)OC)C,0
"Furan-2-yl-[9-(pyridin-4-ylmethyl)-3,9-diazaspiro[5.5]undecan-3-yl]methanone",C1CN(CCC12CCN(CC2)C(=O)C3=CC=CO3)CC4=CC=NC=C4,0
Thioperamide,C1CCC(CC1)NC(=S)N2CCC(CC2)C3=CN=CN3,0
"(6aS,9R,10aS)-N-[(1R,2R,4R,7S)-7-benzyl-2-hydroxy-5,8-dioxo-4-propan-2-yl-3-oxa-6,9-diazatricyclo[7.3.0.02,6]dodecan-4-yl]-7-methyl-6,6a,8,9,10,10a-hexahydro-4H-indolo[4,3-fg]quinoline-9-carboxamide;methanesulfonic acid",CC(C)[C@@]1(C(=O)N2[C@H](C(=O)N3CCC[C@@H]3[C@]2(O1)O)CC4=CC=CC=C4)NC(=O)[C@@H]5C[C@@H]6[C@H](CC7=CNC8=CC=CC6=C78)N(C5)C.CS(=O)(=O)O,0
4-Piperazin-1-yl-6-pyridin-3-ylquinazoline,C1CN(CCN1)C2=NC=NC3=C2C=C(C=C3)C4=CN=CC=C4,0
N-(6-phenylhexyl)-5-chloro-1-naphthalenesulfonamide,C1=CC=C(C=C1)CCCCCCNS(=O)(=O)C2=CC=CC3=C2C=CC=C3Cl,0
"Methanamine, N-(2,3-diphenyl-1,2,4-thiadiazol-5(2H)-ylidene)-",CN=C1N=C(N(S1)C2=CC=CC=C2)C3=CC=CC=C3,0
3-(2-Methoxy-7-oxo-6-thiophen-2-ylpteridin-8-yl)propanenitrile,COC1=NC=C2C(=N1)N(C(=O)C(=N2)C3=CC=CS3)CCC#N,0
"[(2S,3S,6S)-3-(4-methoxyphenoxy)-6-phenyl-3,6-dihydro-2H-pyran-2-yl]methyl (4E)-4-[(2S,3R,4S,5S,6R)-3,4,5-triacetyloxy-6-(acetyloxymethyl)oxan-2-yl]oxyiminopentanoate",C/C(=N\O[C@H]1[C@@H]([C@H]([C@H]([C@H](O1)COC(=O)C)OC(=O)C)OC(=O)C)OC(=O)C)/CCC(=O)OC[C@H]2[C@H](C=C[C@H](O2)C3=CC=CC=C3)OC4=CC=C(C=C4)OC,0
"methyl 4-[(E,4R)-2,4-dimethyl-5-(2-morpholin-4-ylethylamino)-5-oxo-1-(phenylmethoxycarbonylamino)pent-2-enyl]benzoate",C[C@H](/C=C(\C)/C(C1=CC=C(C=C1)C(=O)OC)NC(=O)OCC2=CC=CC=C2)C(=O)NCCN3CCOCC3,0
N-[3-[4-(4-fluoroanilino)quinazolin-2-yl]phenyl]methanesulfonamide,CS(=O)(=O)NC1=CC=CC(=C1)C2=NC3=CC=CC=C3C(=N2)NC4=CC=C(C=C4)F,0
"N-[[(1R,2R)-2-butylcyclopropyl]-phenylmethyl]benzamide",CCCC[C@@H]1C[C@H]1C(C2=CC=CC=C2)NC(=O)C3=CC=CC=C3,0
Niclosamide,C1=CC(=C(C=C1[N+](=O)[O-])Cl)NC(=O)C2=C(C=CC(=C2)Cl)O,0
"4,5,6,7-Tetrabromobenzotriazole",C1(=C(C2=NNN=C2C(=C1Br)Br)Br)Br,0
"[(1S,8S,12R)-7-(furan-3-yl)-1,8,12,16,16-pentamethyl-5,15-dioxo-3,6-dioxapentacyclo[9.8.0.02,4.02,8.012,17]nonadecan-19-yl] acetate",CC(=O)OC1CC2[C@](CCC(=O)C2(C)C)(C3[C@@]1(C45C(O4)C(=O)OC([C@@]5(CC3)C)C6=COC=C6)C)C,0
Rotenone,CC(=C)[C@H]1CC2=C(O1)C=CC3=C2O[C@@H]4COC5=CC(=C(C=C5[C@@H]4C3=O)OC)OC,0
Sulfinpyrazone,C1=CC=C(C=C1)N2C(=O)C(C(=O)N2C3=CC=CC=C3)CCS(=O)C4=CC=CC=C4,0
"2-(3,5-dimethyl-1,2-oxazol-4-yl)-N-[(5-methylpyrazin-2-yl)methyl]quinazolin-4-amine",CC1=CN=C(C=N1)CNC2=NC(=NC3=CC=CC=C32)C4=C(ON=C4C)C,0
"methyl (Z,5R,6S,7Z)-7-[(1S)-1-[1-[(2S)-1-hydroxy-3-phenylpropan-2-yl]triazol-4-yl]ethoxy]imino-5-methyl-6-[(4-methylphenyl)sulfonylamino]hept-3-enoate",CC1=CC=C(C=C1)S(=O)(=O)N[C@H](/C=N\O[C@@H](C)C2=CN(N=N2)[C@@H](CC3=CC=CC=C3)CO)[C@H](C)/C=C\CC(=O)OC,0
6-(4-Fluorophenyl)-8-[2-(2-methoxyphenyl)ethyl]pteridin-7-one,COC1=CC=CC=C1CCN2C3=NC=NC=C3N=C(C2=O)C4=CC=C(C=C4)F,0
"1,5-Benzothiazepin-4(5H)-one, 3-(acetyloxy)-5-(2-(dimethylamino)ethyl)-2,3-dihydro-2-(4-methoxyphenyl)-, hydrochloride (1:1)",CC(=O)OC1C(SC2=CC=CC=C2N(C1=O)CCN(C)C)C3=CC=C(C=C3)OC.Cl,0
"N,N-dimethyl-4-(4-piperazin-1-ylquinazolin-6-yl)aniline",CN(C)C1=CC=C(C=C1)C2=CC3=C(C=C2)N=CN=C3N4CCNCC4,0
Cloperastine Hydrochloride,C1CCN(CC1)CCOC(C2=CC=CC=C2)C3=CC=C(C=C3)Cl.Cl,0
N-(furan-2-ylmethyl)-5-(3-methoxyphenyl)-N-methylpyrimidin-4-amine,CN(CC1=CC=CO1)C2=NC=NC=C2C3=CC(=CC=C3)OC,0
6-(3-methoxyphenyl)-N-methylquinazolin-4-amine,CNC1=NC=NC2=C1C=C(C=C2)C3=CC(=CC=C3)OC,0
"benzyl N-[(S)-[(1S,2R)-2-[(2R)-1-(2-methoxyethylamino)-1-oxopropan-2-yl]-1-methylcyclopropyl]-phenylmethyl]carbamate",C[C@H]([C@H]1C[C@]1(C)[C@@H](C2=CC=CC=C2)NC(=O)OCC3=CC=CC=C3)C(=O)NCCOC,0
"methyl (Z,5R,6S,7Z)-7-[(1S)-1-[1-[(3S,4S)-4-hydroxyoxolan-3-yl]triazol-4-yl]ethoxy]imino-5-methyl-6-[(4-methylphenyl)sulfonylamino]hept-3-enoate",CC1=CC=C(C=C1)S(=O)(=O)N[C@H](/C=N\O[C@@H](C)C2=CN(N=N2)[C@H]3COC[C@H]3O)[C@H](C)/C=C\CC(=O)OC,0
Oxyphencyclimine Hydrochloride,CN1CCCN=C1COC(=O)C(C2CCCCC2)(C3=CC=CC=C3)O.Cl,0
"[(2S,3S,6R)-6-[2-[(E)-4-(2,3-diphenyl-7,8-dihydro-5H-1,6-naphthyridin-6-yl)butan-2-ylideneamino]oxyethyl]-3-(4-methoxyphenoxy)-3,6-dihydro-2H-pyran-2-yl]methyl N-propylcarbamate",CCCNC(=O)OC[C@H]1[C@H](C=C[C@H](O1)CCO/N=C(\C)/CCN2CCC3=NC(=C(C=C3C2)C4=CC=CC=C4)C5=CC=CC=C5)OC6=CC=C(C=C6)OC,0
N-[3-[4-(2-methoxyethylamino)pyrimidin-2-yl]phenyl]methanesulfonamide,COCCNC1=NC(=NC=C1)C2=CC(=CC=C2)NS(=O)(=O)C,0
"(5R)-9-(4-methoxybenzoyl)-N-phenyl-2,9-diazaspiro[4.5]decane-2-carboxamide",COC1=CC=C(C=C1)C(=O)N2CCC[C@]3(C2)CCN(C3)C(=O)NC4=CC=CC=C4,0
"2-[4-(dimethylamino)phenyl]-N,N-dimethylquinazolin-4-amine",CN(C)C1=CC=C(C=C1)C2=NC3=CC=CC=C3C(=N2)N(C)C,0
2-(4-Methoxyphenoxy)-8-(2-phenylethyl)pteridin-7-one,COC1=CC=C(C=C1)OC2=NC=C3C(=N2)N(C(=O)C=N3)CCC4=CC=CC=C4,0
2-[4-(2-Morpholin-4-ylethylamino)quinazolin-2-yl]benzonitrile,C1COCCN1CCNC2=NC(=NC3=CC=CC=C32)C4=CC=CC=C4C#N,0
6-(Furan-3-yl)-4-(4-methylpiperazin-1-yl)quinazoline,CN1CCN(CC1)C2=NC=NC3=C2C=C(C=C3)C4=COC=C4,0
"Methyl 4-benzoyl-9-[2-(4-chlorophenyl)ethyl]-3,7-dimethyl-10-propyl-4,9-diazatricyclo[6.3.0.02,6]undeca-1(8),10-diene-3-carboxylate",CCCC1=CC2=C(N1CCC3=CC=C(C=C3)Cl)C(C4C2C(N(C4)C(=O)C5=CC=CC=C5)(C)C(=O)OC)C,0
8-(4-Methoxyphenyl)-2-phenoxypteridin-7-one,COC1=CC=C(C=C1)N2C(=O)C=NC3=CN=C(N=C32)OC4=CC=CC=C4,0
2-(4-Methoxyphenoxy)-8-[(3-methoxyphenyl)methyl]-6-thiophen-2-ylpteridin-7-one,COC1=CC=C(C=C1)OC2=NC=C3C(=N2)N(C(=O)C(=N3)C4=CC=CS4)CC5=CC(=CC=C5)OC,0
Aurin,C1=CC(=O)C=CC1=C(C2=CC=C(C=C2)O)C3=CC=C(C=C3)O,0
Linolenic Acid,CC/C=C\C/C=C\C/C=C\CCCCCCCC(=O)O,0
"(1S,4E,14R,18E,20E,27R)-22-ethyl-7,11,14,15-tetrahydroxy-6'-(2-hydroxypropyl)-5',6,8,10,12,14,16,28,29-nonamethylspiro[2,26-dioxabicyclo[23.3.1]nonacosa-4,18,20-triene-27,2'-oxane]-3,9,13-trione",CCC\1CCC2C([C@@H](C([C@]3(O2)CCC(C(O3)CC(C)O)C)C)OC(=O)/C=C/C(C(C(C(=O)C(C(C(C(=O)[C@](C(C(C/C=C/C=C1)C)O)(C)O)C)O)C)C)O)C)C,0
Riluzole,C1=CC2=C(C=C1OC(F)(F)F)SC(=N2)N,0
"methyl (2R,3R,6R)-4-benzoyl-10-(dimethylcarbamoyl)-9-(2-methoxy-2-oxoethyl)-3-[(4-methoxyphenyl)methyl]-4,9-diazatricyclo[6.3.0.02,6]undeca-1(8),10-diene-3-carboxylate",CN(C)C(=O)C1=CC2=C(N1CC(=O)OC)C[C@@H]3[C@H]2[C@](N(C3)C(=O)C4=CC=CC=C4)(CC5=CC=C(C=C5)OC)C(=O)OC,0
"methyl (2R,3R,6R)-4-benzoyl-3-[(4-fluorophenyl)methyl]-9-[2-(5-oxoimidazolidin-1-yl)ethyl]-10-(pyrrolidine-1-carbonyl)-4,9-diazatricyclo[6.3.0.02,6]undeca-1(8),10-diene-3-carboxylate",COC(=O)[C@]1([C@@H]2[C@@H](CC3=C2C=C(N3CCN4CNCC4=O)C(=O)N5CCCC5)CN1C(=O)C6=CC=CC=C6)CC7=CC=C(C=C7)F,0
"(13S,14R)-4,4,10,13,14-pentamethyl-17-(6-methylhept-5-en-2-yl)-2,3,5,6,7,11,12,15,16,17-decahydro-1H-cyclopenta[a]phenanthren-3-ol",CC(CCC=C(C)C)C1CC[C@@]2([C@]1(CCC3=C2CCC4C3(CCC(C4(C)C)O)C)C)C,0
"methyl (2R,3R,6R)-4-benzoyl-3-benzyl-9-(2-hydroxyethyl)-10-(pyrrolidine-1-carbonyl)-4,9-diazatricyclo[6.3.0.02,6]undeca-1(8),10-diene-3-carboxylate",COC(=O)[C@]1([C@@H]2[C@@H](CC3=C2C=C(N3CCO)C(=O)N4CCCC4)CN1C(=O)C5=CC=CC=C5)CC6=CC=CC=C6,0
"3,5-Dinitrobenzamide",C1=C(C=C(C=C1[N+](=O)[O-])[N+](=O)[O-])C(=O)N,0
Altanserin,C1CN(CCC1C(=O)C2=CC=C(C=C2)F)CCN3C(=O)C4=CC=CC=C4NC3=S,0
"3,7-Dimethoxyflavone",COC1=CC2=C(C=C1)C(=O)C(=C(O2)C3=CC=CC=C3)OC,0
"2-(3,5-dimethyl-1,2-oxazol-4-yl)-N-[2-(5-methoxy-1H-indol-3-yl)ethyl]quinazolin-4-amine",CC1=C(C(=NO1)C)C2=NC3=CC=CC=C3C(=N2)NCCC4=CNC5=C4C=C(C=C5)OC,0
2-(3-Methoxyanilino)-8-(2-methoxyethyl)-6-(2-phenylethyl)pteridin-7-one,COCCN1C2=NC(=NC=C2N=C(C1=O)CCC3=CC=CC=C3)NC4=CC(=CC=C4)OC,0
Tyrphostin AG 808,C1=CC=C2C(=C1)C(=CN2)/C=C(\C#N)/C(=O)C3=CC(=C(C=C3)O)O,0
"Chlordane, technical",C1C2C(C(C1Cl)Cl)C3(C(=C(C2(C3(Cl)Cl)Cl)Cl)Cl)Cl,0
N-[(3-methylphenyl)methyl]-6-pyridin-3-ylpyrimidin-4-amine,CC1=CC(=CC=C1)CNC2=NC=NC(=C2)C3=CN=CC=C3,0
"6-(4-Benzyl-1,4-diazepan-1-yl)-2,8-dimethyl-9-propylpurine",CCCN1C(=NC2=C1N=C(N=C2N3CCCN(CC3)CC4=CC=CC=C4)C)C,0
"methyl (2S)-1-[(1S,2S)-2-[(S)-phenyl(phenylmethoxycarbonylamino)methyl]cyclopropanecarbonyl]pyrrolidine-2-carboxylate",COC(=O)[C@@H]1CCCN1C(=O)[C@H]2C[C@@H]2[C@@H](C3=CC=CC=C3)NC(=O)OCC4=CC=CC=C4,0
"benzyl N-[(Z)-[(3aS,5aS,8R,9S,9aS,9bS)-2-(1,3-benzodioxol-5-ylmethyl)-8,9-dihydroxy-1,3-dioxo-4,5,5a,7,8,9,9a,9b-octahydro-3aH-benzo[e]isoindol-6-ylidene]amino]carbamate",C1C[C@H]2[C@H]([C@@H]3[C@H]1/C(=N\NC(=O)OCC4=CC=CC=C4)/C[C@H]([C@H]3O)O)C(=O)N(C2=O)CC5=CC6=C(C=C5)OCO6,0
"6,3'-Dimethylflavone",CC1=CC(=CC=C1)C2=CC(=O)C3=C(O2)C=CC(=C3)C,0
"(13S)-16,17-dimethoxy-6-propan-2-yl-2,7,20-trioxapentacyclo[11.8.0.03,11.04,8.014,19]henicosa-3(11),4(8),9,14,16,18-hexaen-12-one",CC(C)C1CC2=C(O1)C=CC3=C2OC4COC5=CC(=C(C=C5[C@@H]4C3=O)OC)OC,0
"(1S,8S,12R)-7-(furan-3-yl)-1,8,12,16,16-pentamethyl-3,6-dioxapentacyclo[9.8.0.02,4.02,8.012,17]nonadeca-13,18-diene-5,15-dione",C[C@@]12CCC3[C@]4(C=CC(=O)C(C4C=C[C@@]3(C15C(O5)C(=O)OC2C6=COC=C6)C)(C)C)C,0
"(3aR,7aR)-Octahydro-2-(1-imino-2-(2-methoxyphenyl)ethyl)-7,7-diphenyl-4H-isoindol-4-one",COC1=CC=CC=C1CC(=N)N2C[C@H]3[C@@H](C2)C(CCC3=O)(C4=CC=CC=C4)C5=CC=CC=C5,0
"9-(Benzenesulfonyl)-2-pyridin-4-yl-2,9-diazaspiro[5.5]undecane",C1CC2(CCN(CC2)S(=O)(=O)C3=CC=CC=C3)CN(C1)C4=CC=NC=C4,0
Tebufenozide,CCC1=CC=C(C=C1)C(=O)NN(C(=O)C2=CC(=CC(=C2)C)C)C(C)(C)C,0
"5-[(6aR)-3-(1,3-benzodioxol-5-yl)-1,3,3a,4,6,6a-hexahydrofuro[3,4-c]furan-6-yl]-1,3-benzodioxole",C1[C@H]2C(COC2C3=CC4=C(C=C3)OCO4)C(O1)C5=CC6=C(C=C5)OCO6,0
"N-[(2,4-dimethoxyphenyl)methyl]-5-[2-[(dimethylamino)methyl]phenyl]pyrimidin-4-amine",CN(C)CC1=CC=CC=C1C2=CN=CN=C2NCC3=C(C=C(C=C3)OC)OC,0
Lopac-I-6391,C[C@H]1CN(CCN1)S(=O)(=O)C2=CC=CC3=C2C=CN=C3,0
N-[2-[[5-[4-(dimethylamino)phenyl]pyrimidin-4-yl]amino]ethyl]acetamide,CC(=O)NCCNC1=NC=NC=C1C2=CC=C(C=C2)N(C)C,0
"methyl (2R,3R,6R)-4-benzoyl-9-[2-(4-hydroxy-3-methoxyphenyl)ethyl]-3-[(4-methoxyphenyl)methyl]-10-(pyrrolidine-1-carbonyl)-4,9-diazatricyclo[6.3.0.02,6]undeca-1(8),10-diene-3-carboxylate",COC1=CC=C(C=C1)C[C@@]2([C@@H]3[C@@H](CC4=C3C=C(N4CCC5=CC(=C(C=C5)O)OC)C(=O)N6CCCC6)CN2C(=O)C7=CC=CC=C7)C(=O)OC,0
N-(1-Methyl-1H-indol-5-yl)-N'-3-pyridinylurea,CN1C=CC2=C1C=CC(=C2)NC(=O)NC3=CN=CC=C3,0
Fenretinide,CC1=C(C(CCC1)(C)C)/C=C/C(=C/C=C/C(=C/C(=O)NC2=CC=C(C=C2)O)/C)/C,0
"6-((2,4-Dichlorobenzyl)thio)-9-isobutyl-9H-purin-2-amine",CC(C)CN1C=NC2=C1N=C(N=C2SCC3=C(C=C(C=C3)Cl)Cl)N,0
"(1R,2S,12R,16S)-2-benzyl-8-ethyl-3-[2-(1H-indol-3-yl)ethylimino]-14-phenyl-4-oxa-6,14-diazatetracyclo[7.7.0.02,6.012,16]hexadec-8-ene-5,7,13,15-tetrone",CCC1=C2CC[C@@H]3[C@H]([C@H]2[C@]4(C(=NCCC5=CNC6=CC=CC=C65)OC(=O)N4C1=O)CC7=CC=CC=C7)C(=O)N(C3=O)C8=CC=CC=C8,0
"Furan-2-yl-[2-(pyridin-4-ylmethyl)-2,7-diazaspiro[3.5]nonan-7-yl]methanone",C1CN(CCC12CN(C2)CC3=CC=NC=C3)C(=O)C4=CC=CO4,0
"4-propan-2-yl-11H-indolizino[1,2-b]quinolin-9-one",CC(C)C1=CC=CC2=CC3=C(C4=CC=CC(=O)N4C3)N=C21,0
2-(2-chlorophenyl)-N-(2-morpholin-4-ylethyl)pyrimidin-4-amine,C1COCCN1CCNC2=NC(=NC=C2)C3=CC=CC=C3Cl,0
"6-(1,3-Benzodioxol-5-yl)-4-(4-methylpiperazin-1-yl)quinazoline",CN1CCN(CC1)C2=NC=NC3=C2C=C(C=C3)C4=CC5=C(C=C4)OCO5,0
N-[(2-methoxyphenyl)methyl]-5-pyridin-3-ylpyrimidin-4-amine,COC1=CC=CC=C1CNC2=NC=NC=C2C3=CN=CC=C3,0
8-Cyclopropyl-6-(4-fluorophenyl)-2-piperazin-1-ylpteridin-7-one,C1CC1N2C3=NC(=NC=C3N=C(C2=O)C4=CC=C(C=C4)F)N5CCNCC5,0
9-(1-benzylpyrrolidin-3-yl)-N-(2-methoxyethyl)-2-methyl-8-phenylpurin-6-amine,CC1=NC(=C2C(=N1)N(C(=N2)C3=CC=CC=C3)C4CCN(C4)CC5=CC=CC=C5)NCCOC,0
"(4bR,10aR,12aR)-1-(furan-3-yl)-5-hydroxy-4b,7,7,10a,12a-pentamethyl-5,6,6a,9,10,10b,11,12-octahydro-1H-naphtho[2,1-f]isochromene-3,8-dione",C[C@]12CCC(=O)C(C1CC([C@@]3(C2CC[C@@]4(C3=CC(=O)OC4C5=COC=C5)C)C)O)(C)C,0
"[(1S,2S,8S,12R)-7-(furan-3-yl)-15-hydroxy-1,8,12,16,16-pentamethyl-5-oxo-3,6-dioxapentacyclo[9.8.0.02,4.02,8.012,17]nonadecan-19-yl] acetate",CC(=O)OC1CC2[C@@](CCC(C2(C)C)O)(C3[C@@]1([C@@]45C(O4)C(=O)OC([C@@]5(CC3)C)C6=COC=C6)C)C,0
N-[3-[4-[(2-methoxyphenyl)methylamino]quinazolin-6-yl]phenyl]methanesulfonamide,COC1=CC=CC=C1CNC2=NC=NC3=C2C=C(C=C3)C4=CC(=CC=C4)NS(=O)(=O)C,0
"N-benzyl-9-[3-(dimethylamino)-2,2-dimethylpropyl]-2-methyl-8-phenylpurin-6-amine",CC1=NC(=C2C(=N1)N(C(=N2)C3=CC=CC=C3)CC(C)(C)CN(C)C)NCC4=CC=CC=C4,0
"(4-methoxyphenyl)-[(5S)-2-(1,3-thiazol-2-ylmethyl)-2,7-diazaspiro[4.5]decan-7-yl]methanone",COC1=CC=C(C=C1)C(=O)N2CCC[C@]3(C2)CCN(C3)CC4=NC=CS4,0
"(4-methoxyphenyl)methyl N-[(Z)-[(3aS,5aS,8R,9S,9aS,9bS)-8,9-dihydroxy-1,3-dioxo-2-(3-phenoxyphenyl)-4,5,5a,7,8,9,9a,9b-octahydro-3aH-benzo[e]isoindol-6-ylidene]amino]carbamate",COC1=CC=C(C=C1)COC(=O)N/N=C\2/C[C@H]([C@H]([C@H]3[C@@H]2CC[C@H]4[C@H]3C(=O)N(C4=O)C5=CC(=CC=C5)OC6=CC=CC=C6)O)O,0
N-[3-(4-morpholin-4-ylquinazolin-6-yl)phenyl]methanesulfonamide,CS(=O)(=O)NC1=CC=CC(=C1)C2=CC3=C(C=C2)N=CN=C3N4CCOCC4,0
"[(5S)-2-benzyl-2,7-diazaspiro[4.5]decan-7-yl]-(3,5-dimethyl-1,2-oxazol-4-yl)methanone",CC1=C(C(=NO1)C)C(=O)N2CCC[C@]3(C2)CCN(C3)CC4=CC=CC=C4,0
5-(furan-3-yl)-N-(thiophen-2-ylmethyl)pyrimidin-4-amine,C1=CSC(=C1)CNC2=NC=NC=C2C3=COC=C3,0
"methyl (2S,3aS,6R,7aS)-1-[(4-chlorophenyl)methyl]-6-hydroxy-2,3,3a,4,5,6,7,7a-octahydroindole-2-carboxylate",COC(=O)[C@@H]1C[C@@H]2CC[C@H](C[C@@H]2N1CC3=CC=C(C=C3)Cl)O,0
ZK 164015,CCCCCS(=O)(=O)CCCCCCCCCCN1C2=C(C=C(C=C2)O)C(=C1C3=CC=C(C=C3)O)C,0
"methyl (2R,3R,6R)-4-benzoyl-10-(dimethylcarbamoyl)-3-[(4-methoxyphenyl)methyl]-9-(pyridin-2-ylmethyl)-4,9-diazatricyclo[6.3.0.02,6]undeca-1(8),10-diene-3-carboxylate",CN(C)C(=O)C1=CC2=C(N1CC3=CC=CC=N3)C[C@@H]4[C@H]2[C@](N(C4)C(=O)C5=CC=CC=C5)(CC6=CC=C(C=C6)OC)C(=O)OC,0
"(1R,9R,10E,11R,13R,14S)-14-hydroxy-10-[[(2S,3S,6S)-3-(4-methoxyphenoxy)-6-phenyl-3,6-dihydro-2H-pyran-2-yl]methoxyimino]-4-phenyl-12-oxa-2,4,6-triazatetracyclo[7.5.0.02,6.011,13]tetradecane-3,5-dione",COC1=CC=C(C=C1)O[C@H]2C=C[C@H](O[C@H]2CO/N=C/3\[C@@H]4CCN5C(=O)N(C(=O)N5[C@H]4[C@@H]([C@@H]6[C@@H]3O6)O)C7=CC=CC=C7)C8=CC=CC=C8,0
"pyridin-4-yl-[(5S)-2-pyridin-4-yl-2,7-diazaspiro[4.5]decan-7-yl]methanone",C1C[C@@]2(CCN(C2)C3=CC=NC=C3)CN(C1)C(=O)C4=CC=NC=C4,0
"N-phenyl[(9,11,13-trimethyl-8,15-dioxatetracyclo[10.2.2.0<2,7>.0<9,14>]hexadec a-2(7),3,5-trien-12-yl)methoxy]carboxamide",CC1CC2(C3C(C1(COC3C4=CC=CC=C4O2)COC(=O)NC5=CC=CC=C5)C)C,0
3-[4-(4-Methylpiperazin-1-yl)quinazolin-2-yl]benzonitrile,CN1CCN(CC1)C2=NC(=NC3=CC=CC=C32)C4=CC=CC(=C4)C#N,0
4-Imidazol-1-yl-2-(2-methylphenyl)pyrimidine,CC1=CC=CC=C1C2=NC=CC(=N2)N3C=CN=C3,0
Ethyl orsellinate,CCOC(=O)C1=C(C=C(C=C1C)O)O,0
"4-(2-(Phenylsulfonylamino)ethylthio)-2,6-difluorophenoxyacetamide",C1=CC=C(C=C1)S(=O)(=O)NCCSC2=CC(=C(C(=C2)F)OCC(=O)N)F,0
