x,y,label,component
-6.617106233892234,1.6250115224183599,0,left_annulus
-2.5092677162937322,-0.7988956396719701,0,left_annulus
-5.311963466383163,-2.902398589695802,0,left_annulus
-7.204998370953155,-1.6220393250324479,0,left_annulus
-3.4615115367898803,2.38324408502227,0,left_annulus
-3.4942543287068166,2.313760872344023,0,left_annulus
-2.5165936993194,0.943491466410855,0,left_annulus
-3.050048607217584,-2.1349658460093384,0,left_annulus
-6.817974916815313,-1.3426058308086375,0,left_annulus
-5.63639947603175,-2.5011494413508215,0,left_annulus
-2.7591358788632987,0.2924620978497945,0,left_annulus
-2.0428293702724996,-0.6351620038453257,0,left_annulus
-3.4576107862026024,-2.654061406902783,0,left_annulus
-4.533983790829388,2.009938158489933,0,left_annulus
-3.8534010211205416,2.4766098671059655,0,left_annulus
-3.860901973556225,2.6937733998476823,0,left_annulus
-5.783533963251453,2.0859923483741345,0,left_annulus
-7.5788209115741205,-0.45398742909099987,0,left_annulus
-7.6098357925883535,1.2122509415536673,0,left_annulus
-5.535896099603915,1.9122028458254514,0,left_annulus
-7.099669914278474,-1.699033619281393,0,left_annulus
-3.521522807444017,1.7322790598492546,0,left_annulus
-5.795228207989868,2.8241838346414534,0,left_annulus
-6.972200537547679,2.163134591519636,0,left_annulus
-7.916267765918157,0.8333506882696564,0,left_annulus
-4.382614992661265,-2.479270922829041,0,left_annulus
-4.136836558444028,2.7138875232954267,0,left_annulus
-7.819976904115409,-0.21346347834454862,0,left_annulus
-7.0412835496919906,-1.2961703005753116,0,left_annulus
-2.233373763319263,0.8469785763616593,0,left_annulus
-6.56259728061644,-1.3285979520060265,0,left_annulus
-3.715520500989066,2.2493372932092153,0,left_annulus
-2.9672880789757157,0.9073113619935916,0,left_annulus
-2.9517976311531116,-0.6931854932270132,0,left_annulus
-3.0138015492457932,-0.41734766738385126,0,left_annulus
-4.031394967469226,-2.557151444324014,0,left_annulus
-5.751757331921672,2.258408481341806,0,left_annulus
-2.7028661765726683,1.5089366292295294,0,left_annulus
-5.834534884671964,-1.8105888050723689,0,left_annulus
-7.245194027755037,0.8589919352655584,0,left_annulus
-3.1040321843904937,1.8304633475985548,0,left_annulus
-7.817951621546856,0.043647184846706204,0,left_annulus
-2.805896543540157,0.5224622550645585,0,left_annulus
-2.7125546359041777,-1.5054691495578376,0,left_annulus
-5.161301599685383,2.9216135585959306,0,left_annulus
-6.329770871186633,-2.2866116502742626,0,left_annulus
-5.914038791600144,2.105370975709022,0,left_annulus
-7.172988832967066,-0.22042269000439574,0,left_annulus
-7.752204230936032,-0.8976066466825653,0,left_annulus
-4.178936049483574,1.8247879907239501,0,left_annulus
-2.24351230396243,-0.5267759101317585,0,left_annulus
-4.643554727210481,-2.440744172075563,0,left_annulus
-2.1239583520198964,-1.1010508014281926,0,left_annulus
-2.783115766104923,-1.7057692852273714,0,left_annulus
-7.412151832065973,-1.735533516139662,0,left_annulus
-2.9171111366649325,-1.0336173315757875,0,left_annulus
-2.7269080487155195,1.3901117389486448,0,left_annulus
-4.192370301627071,2.3163464629420116,0,left_annulus
-2.5850364250334628,0.6279548723320061,0,left_annulus
-6.237819821717643,2.25257540808618,0,left_annulus
-7.2192836672923555,1.8772841131749374,0,left_annulus
-5.386222805617036,2.9668512474933206,0,left_annulus
-3.677985454547736,-2.4787382647948237,0,left_annulus
-6.596970136820262,1.927663141726401,0,left_annulus
-5.452990789041131,2.579573647489793,0,left_annulus
-7.7710015476566054,-0.7478461830295963,0,left_annulus
-3.660044050534397,1.7899197185591222,0,left_annulus
-4.275766046295325,-2.05237510459268,0,left_annulus
-2.8307297413482035,1.0995293729855307,0,left_annulus
-2.679214185446134,-0.20379626040664114,0,left_annulus
-4.743602305758256,-2.3389636859577267,0,left_annulus
-4.31547332010917,2.2472729959050315,0,left_annulus
-2.9624303302979325,0.13004013933500352,0,left_annulus
-4.271297369220705,-1.846727271934566,0,left_annulus
-5.8375042467012355,-2.9957881675279263,0,left_annulus
-5.293246380960436,-2.4742017269586816,0,left_annulus
-4.604383535213175,-2.2765895691701985,0,left_annulus
-2.590092200421291,1.2087378247171618,0,left_annulus
-6.383622353442219,1.8075188660269839,0,left_annulus
-2.8875837360672914,2.0403489384414732,0,left_annulus
-3.1298598102710593,-2.12365719628958,0,left_annulus
-6.547206730821349,-1.51721072110693,0,left_annulus
-6.185477192675801,2.033663906583035,0,left_annulus
-2.3428657269286126,1.1608156321588439,0,left_annulus
-6.0381950559947,2.6986722959542857,0,left_annulus
-6.189153642599944,2.2504572298250167,0,left_annulus
-5.308329938217787,-2.6990899417298886,0,left_annulus
-6.441444066301647,-1.6858356005330706,0,left_annulus
-2.735812066723908,-1.9459767867000504,0,left_annulus
-7.245871944380882,0.4079223162156042,0,left_annulus
-2.885303271332077,1.9594746344618181,0,left_annulus
-5.616941731738375,-2.560934006758282,0,left_annulus
-4.823487352318605,-2.6768074566256317,0,left_annulus
-7.362307577363483,-1.045914517562343,0,left_annulus
-4.697574698979884,-2.255879084197118,0,left_annulus
-7.168091154826466,0.08783742589350797,0,left_annulus
-7.189677582259118,-0.3135173357190459,0,left_annulus
-7.047170804002822,1.0446331306251238,0,left_annulus
-2.1820042556409494,0.4351173297339279,0,left_annulus
-3.191501728740983,1.4979781524135558,0,left_annulus
-2.93981625038603,0.35116759406551623,0,left_annulus
-6.91600037528773,-2.2072502320083367,0,left_annulus
-6.237121188993466,2.676757546679717,0,left_annulus
-7.930267321664945,-0.17920322560206475,0,left_annulus
-2.518865230692441,-1.7389248396654318,0,left_annulus
-5.028125027077662,2.2788877678217263,0,left_annulus
-7.000535961054528,1.2440895141200468,0,left_annulus
-4.935347431557367,-2.8191369823806633,0,left_annulus
-4.677055296161253,2.7286630054631384,0,left_annulus
-3.0628181510941386,0.9557779218088382,0,left_annulus
-5.668293223547389,2.6795135407119757,0,left_annulus
-3.80908304748581,1.813958953134532,0,left_annulus
-2.896307670286273,-0.931180260676971,0,left_annulus
-4.050117134107484,-2.4422802823352217,0,left_annulus
-6.87392626898442,-1.8156301860847222,0,left_annulus
-3.210761634386215,-1.9480385932867248,0,left_annulus
-4.329525845159337,-2.0384177440650593,0,left_annulus
-3.852133773700797,2.6408420384012787,0,left_annulus
-3.3292805092133175,-1.4303893264789953,0,left_annulus
-6.962841668840249,-0.5510073860652573,0,left_annulus
-3.947339602587574,-2.6879934255664817,0,left_annulus
-2.6390786683865044,-1.848763075296389,0,left_annulus
-6.135548172156334,2.5545639632851698,0,left_annulus
-2.697595548395337,1.719063083038825,0,left_annulus
-4.583692539631555,2.560384941371254,0,left_annulus
-7.283619482760517,1.1232029357512114,0,left_annulus
-4.120642441767786,-1.9315859212675859,0,left_annulus
-3.431545361738067,-1.9183596949831763,0,left_annulus
-2.6046449217514063,0.16790948603767214,0,left_annulus
-7.337964820794709,-0.09392183109252517,0,left_annulus
-7.430930078238148,1.3520212893527086,0,left_annulus
-4.623710953278092,2.4167766219377844,0,left_annulus
-3.4725725425685017,1.407141403038223,0,left_annulus
-6.265700447503011,1.8948599831038864,0,left_annulus
-2.4405017473684514,-0.9889092787158997,0,left_annulus
-5.930902181284329,1.840601764915788,0,left_annulus
-7.845981936844262,-0.3711253422025309,0,left_annulus
-5.766429705506339,-2.454004534317409,0,left_annulus
-6.503136469489409,1.880643365099148,0,left_annulus
-2.33478941452248,-0.45495061130980086,0,left_annulus
-2.2910389886522036,-0.6482556388673467,0,left_annulus
-5.015183492228126,2.3499481478002853,0,left_annulus
-7.748464367321262,0.11054824032523171,0,left_annulus
-5.871940884805715,2.4317755178467695,0,left_annulus
-5.568609839800627,2.1737790214336914,0,left_annulus
-2.158758525628896,0.6844958794051138,0,left_annulus
-7.21657895859576,-1.8363593206294446,0,left_annulus
-7.651644468350007,-0.02938887997035408,0,left_annulus
-2.226493558094413,0.7929035273809915,0,left_annulus
-5.448189986018607,2.9102741611941956,0,left_annulus
-2.740065681971811,-1.4630688443357482,0,left_annulus
-4.788731649561632,2.7797809584430575,0,left_annulus
-3.2898497349302556,2.0870568768001085,0,left_annulus
-7.738160858581352,0.263764539681543,0,left_annulus
-2.386126790071935,-0.2766673464003164,0,left_annulus
-4.780493604435446,2.7411406917412213,0,left_annulus
-6.017490904413241,-2.0457779348302365,0,left_annulus
-4.756736902344268,-2.9088425042266635,0,left_annulus
-4.816751443489761,2.871127446562429,0,left_annulus
-5.338795251992813,-1.9814130743237863,0,left_annulus
-6.95108382383086,2.035431888114712,0,left_annulus
-6.458537236741317,-1.668204339050216,0,left_annulus
-6.645128980979829,-1.749848949677776,0,left_annulus
-7.70865233784813,-0.5688647304683494,0,left_annulus
-3.236004752566598,1.0992119312721553,0,left_annulus
-3.603503953406128,-2.3913452138755527,0,left_annulus
-6.195427617155258,2.5806938388961314,0,left_annulus
-3.9768083795193974,2.4107068831654406,0,left_annulus
-3.077166447616592,0.5053162518557842,0,left_annulus
-7.012272121405383,-1.3863376217853411,0,left_annulus
-6.221388531776094,-2.398349640727786,0,left_annulus
-2.050576824783098,0.363479249510191,0,left_annulus
-7.635697409951164,-0.24779494762307447,0,left_annulus
-4.614865486025845,2.2575042871556557,0,left_annulus
-6.663704196001093,-2.1263780901415092,0,left_annulus
-3.8733840724860826,2.156628701764263,0,left_annulus
-6.0058278816673045,-2.5356724800022707,0,left_annulus
-6.653821659578595,1.3457150184014837,0,left_annulus
-2.450010343900935,-1.0563170906889383,0,left_annulus
-3.252146470039367,1.965078279361327,0,left_annulus
-6.566273888042538,2.5589752814210933,0,left_annulus
-3.184692884694096,1.5831961828145884,0,left_annulus
-2.6812508075415287,-1.2313941495023044,0,left_annulus
-2.8781879325098307,-2.094748127816691,0,left_annulus
-5.0528218052379525,2.161524512558552,0,left_annulus
-6.598233902975658,-2.5819391573538075,0,left_annulus
-3.814366612666731,-2.455542070616124,0,left_annulus
-6.894392433462098,-0.7630397590909912,0,left_annulus
-7.222449577443857,-0.3719654530267161,0,left_annulus
-4.844218497657383,2.7505300647179576,0,left_annulus
-3.234414889182113,1.1821229920000949,0,left_annulus
-2.8298619381455588,-1.5780672525669759,0,left_annulus
-3.037462332226884,-1.489461759430125,0,left_annulus
-6.811474078725654,-2.0212448448744924,0,left_annulus
-6.1136874782878605,1.7765655495602855,0,left_annulus
-6.675702892174833,2.3555837050558486,0,left_annulus
-5.512693495119446,-2.8848582136478274,0,left_annulus
-2.633319091095718,-1.7712755340231405,0,left_annulus
-2.833234590177191,-1.861613014534158,0,left_annulus
-4.70713409816174,-2.158407093190689,0,left_annulus
-6.674914232381085,-2.168118751809124,0,left_annulus
-3.190583854619083,0.9084475360740403,0,left_annulus
-3.954192480883725,1.8065456829765048,0,left_annulus
-3.067998865253139,-1.3884684744523192,0,left_annulus
-6.991481832688587,-1.5123665337606327,0,left_annulus
-2.14102914817218,0.08280684387187796,0,left_annulus
-2.7625471851165266,1.6832582809345975,0,left_annulus
-6.360686688927079,-2.024695292748248,0,left_annulus
-2.6548852279497464,0.0076284688683169455,0,left_annulus
-3.4169561711460323,2.577652057544849,0,left_annulus
-7.356750572762775,-0.7463321534366246,0,left_annulus
-5.929471287524513,-2.413752057923602,0,left_annulus
-6.18081374274199,-1.7669293068314662,0,left_annulus
-4.493451594253041,2.828692234235593,0,left_annulus
-5.6803118258131855,-2.686095917370989,0,left_annulus
-4.88592766560212,2.3102190902569903,0,left_annulus
-5.977566676442379,1.7857789565278965,0,left_annulus
-5.038249420994062,-2.7948296372668673,0,left_annulus
-6.578138074877075,-2.17123905523105,0,left_annulus
-3.5848837232675117,-1.8794621282332555,0,left_annulus
-6.5831815245649965,-2.5099417493643763,0,left_annulus
-6.934399771682689,-0.8669801460603138,0,left_annulus
-2.9190718832521156,1.404645347498243,0,left_annulus
-7.059587560776352,2.2240744256183405,0,left_annulus
-5.245315269461806,2.4521275479101337,0,left_annulus
-4.845739521658718,2.7101247153613284,0,left_annulus
-2.590643603240456,-0.4352636248107237,0,left_annulus
-6.788967625624321,1.5449242229118596,0,left_annulus
-2.690419471607151,-1.9146215604321155,0,left_annulus
-6.721923300243453,-1.6992640421864138,0,left_annulus
-4.1975024211443,-2.794066270171989,0,left_annulus
-7.2535472584701575,-0.1063748223120492,0,left_annulus
-7.025781400949413,-0.9772950419523961,0,left_annulus
-7.048079336526586,0.1020973618546781,0,left_annulus
-4.138240434988307,2.5788012556893127,0,left_annulus
-5.36033320249455,-2.3198426549393485,0,left_annulus
-5.569016330332702,2.847895820446376,0,left_annulus
-2.4336492894020347,0.3543740767042243,0,left_annulus
-6.738985972643644,-2.3060402577544146,0,left_annulus
-4.0225904454703665,1.9911078921896352,0,left_annulus
-2.361761351562593,-1.0212720807489,0,left_annulus
-2.4134459463094706,-0.909132849587862,0,left_annulus
-2.662496191280926,-1.406349170642316,0,left_annulus
-7.03387642327193,2.0566025629673597,0,left_annulus
-2.1504766218719897,0.35356060710380643,0,left_annulus
-2.590094366016018,-1.1313152182907065,0,left_annulus
-6.922372217037213,0.9529676356718991,0,left_annulus
-3.1153843935288954,-0.4000254375774876,0,left_annulus
-2.2028991875885335,-0.714598797263097,0,left_annulus
-3.350860349607831,-2.042022167545601,0,left_annulus
-5.764513283542362,2.8154617503869943,0,left_annulus
-6.907163536496248,1.6924753988183343,0,left_annulus
-3.700602648552898,-1.6440532366349383,0,left_annulus
-5.7961693374522785,1.9349876632490817,0,left_annulus
-3.6904735839244363,2.3442371801594124,0,left_annulus
-7.320472306057813,-0.8644574557453926,0,left_annulus
-2.9312790941884694,-0.8516186450520518,0,left_annulus
-5.725724912010916,-2.4162362645241164,0,left_annulus
-6.98550259552113,-0.8589070623230685,0,left_annulus
-2.8121329585690646,1.5224385622890568,0,left_annulus
-6.73986632649457,-1.5788931986098658,0,left_annulus
-2.1509096958217366,-0.15056884559350736,0,left_annulus
-3.53191103931497,1.8594737755795536,0,left_annulus
-7.491066975800479,-0.2793112170817288,0,left_annulus
-3.518901705083939,-1.3454186193648763,0,left_annulus
-4.965430349538597,-2.145954138871413,0,left_annulus
-5.7575705316632275,-2.2843520157408563,0,left_annulus
-5.7864970249913,-2.476368181480001,0,left_annulus
-6.701139310093779,1.9882788779301348,0,left_annulus
-5.65460312868983,2.217669834290712,0,left_annulus
-4.093531056702942,-2.5931574415384855,0,left_annulus
-3.9540005688026603,-2.7054022856647726,0,left_annulus
-3.077408526054138,-2.0945615092396594,0,left_annulus
-3.311753340269409,-1.0205623254009557,0,left_annulus
-7.471476008896626,-0.19623234601524564,0,left_annulus
-7.102637402765293,-0.09954641793564306,0,left_annulus
-4.354645809406698,-2.1213012802240216,0,left_annulus
-6.76443510436653,-2.4594987398676587,0,left_annulus
-5.565340342323052,-2.075644840885908,0,left_annulus
-4.240156760848399,-2.4213327096238904,0,left_annulus
-2.947741423270886,-1.6873161078577765,0,left_annulus
-6.451244407664025,2.387211270408167,0,left_annulus
-6.846580875976263,1.8608555246550946,0,left_annulus
-3.3541554927656514,1.0772768866204727,0,left_annulus
-7.197163919155169,-1.0118530004652018,0,left_annulus
-2.3962486771248632,0.584471736314651,0,left_annulus
-7.050175876528107,0.4445253428307296,0,left_annulus
-7.293074312688423,-0.5868237464770908,0,left_annulus
-5.467412200023139,1.9999935345654325,0,left_annulus
-6.800498012559811,-1.112339802326641,0,left_annulus
-2.6077328989468946,0.590559815918467,0,left_annulus
-2.979625793294318,0.4883734773021155,0,left_annulus
-3.734265058934045,-2.3634133986459704,0,left_annulus
-6.803759559401971,2.1064580051150896,0,left_annulus
-3.0772964923285535,2.0796719967978645,0,left_annulus
-7.236444856693464,-0.3868433095771763,0,left_annulus
-4.660025191995424,-2.2803578855100906,0,left_annulus
-4.546062853129784,2.0484888792319214,0,left_annulus
-6.981770467458024,-1.9514262686382755,0,left_annulus
-2.5780168608497025,1.38098577879565,0,left_annulus
-3.030916488158992,0.6756978637893373,0,left_annulus
-7.862450248536877,-0.6212442123863859,0,left_annulus
-6.961248510394167,-0.5925962938423953,0,left_annulus
-6.563016599958956,-1.9650060583620899,0,left_annulus
-5.301837115311611,-2.672808406714449,0,left_annulus
-2.17706744015684,-0.5216277470612671,0,left_annulus
-7.655830063060175,-0.24029350330008636,0,left_annulus
-6.233133066700047,2.5786609036135935,0,left_annulus
-4.306442631187672,-2.2436319392116553,0,left_annulus
-5.4554846393189536,2.878117684880326,0,left_annulus
-6.953930697516507,0.8949246769411364,0,left_annulus
-2.4762065610753266,1.3597869074301623,0,left_annulus
-2.3956978204371953,0.41719373834841306,0,left_annulus
-2.180723869470616,-0.6820859271170937,0,left_annulus
-3.8167014532277443,-2.145865642394035,0,left_annulus
-5.8956695794417,-2.4566618531423483,0,left_annulus
-7.109153803676848,1.3269226000435543,0,left_annulus
-3.72665386079593,2.4090240654354247,0,left_annulus
-3.7991464979715235,1.8159485709919223,0,left_annulus
-4.985607115281871,2.125067976717194,0,left_annulus
-7.162463166255113,-0.7146439323036707,0,left_annulus
-5.496805933336415,-2.0936792831855664,0,left_annulus
-6.606971850495597,-2.4259619755043094,0,left_annulus
-5.478158985342326,2.2926512839244713,0,left_annulus
-2.1037349267337255,-0.8300396210559902,0,left_annulus
-5.1801621623867975,-2.326042319101081,0,left_annulus
-7.094932660701209,-0.610069293368442,0,left_annulus
-7.1739516117041155,-1.7905700799316715,0,left_annulus
-7.378584839200081,1.3094598840763434,0,left_annulus
-4.911333497856251,2.5836033351737453,0,left_annulus
-6.624842824755312,2.0289033835939896,0,left_annulus
-4.9312371873855705,-2.633338960056779,0,left_annulus
-2.7044263039112524,0.21380421856278833,0,left_annulus
-2.7756116954758494,1.9833733111958463,0,left_annulus
-2.143084341496097,0.8073125999520275,0,left_annulus
-2.3144322281448315,0.7364910071006315,0,left_annulus
-3.625733557890656,-1.7191040688366548,0,left_annulus
-5.766540799269564,-2.630857019935318,0,left_annulus
-7.119811007657464,0.3662068950164709,0,left_annulus
-3.346094828434266,1.099905479216849,0,left_annulus
-7.265988861805171,0.13033607059516827,0,left_annulus
-7.555537240424938,0.4395044363550524,0,left_annulus
-3.6497794448563257,2.6437418831721797,0,left_annulus
-7.523010563920552,1.0771686779868708,0,left_annulus
-7.2294024776894545,1.589590246151836,0,left_annulus
-6.796175859819551,-1.691658682814857,0,left_annulus
-6.565186251896723,-1.8632808959297977,0,left_annulus
-2.603718773918877,0.7463591390470189,0,left_annulus
-7.158557891943585,2.1966015295851262,0,left_annulus
-6.434584300621937,-1.4410300516997767,0,left_annulus
-7.8822834142006934,0.004176765297138445,0,left_annulus
-3.424911291644317,-2.0527188121825546,0,left_annulus
-6.302839862941194,-2.0949252434906045,0,left_annulus
-3.447280662548113,2.3419064108342416,0,left_annulus
-2.709717335251533,1.072623100960537,0,left_annulus
-6.784468580132174,-2.333942987620026,0,left_annulus
-2.1200596587317153,0.4967165222071614,0,left_annulus
-7.156897831244967,-1.2704946397133063,0,left_annulus
-2.932374680591751,-0.8137969434824498,0,left_annulus
-7.3826418353867735,-1.2001826465430128,0,left_annulus
-7.302569285949066,1.8828052165951654,0,left_annulus
-6.311607761466144,-1.8048730149220353,0,left_annulus
-7.581882395287836,0.6952745313258226,0,left_annulus
-7.58356020099915,-0.7194537768567691,0,left_annulus
-2.372021373442098,-1.0526490884433672,0,left_annulus
-6.684828342566537,1.420368699334355,0,left_annulus
-2.3667665034590795,-0.6530303087564256,0,left_annulus
-2.575251249677986,-1.6736609537207203,0,left_annulus
-4.209214910061988,2.056699725781838,0,left_annulus
-2.9101558486738277,0.9730310280446333,0,left_annulus
-2.5884746966669336,1.704365931835768,0,left_annulus
-2.795896185002077,0.2705057510617403,0,left_annulus
-2.595581962178045,1.5635022603427513,0,left_annulus
-6.028574445943936,-2.2668962652669173,0,left_annulus
-2.9883490056103312,1.1066232027098595,0,left_annulus
-6.211462043536403,2.580036995369679,0,left_annulus
-3.652734623061318,-2.0382026571566807,0,left_annulus
-2.4593090869258027,0.33724099019380355,0,left_annulus
-4.075273993366071,-2.1606484607811085,0,left_annulus
-5.397722141116319,2.523134840614733,0,left_annulus
-3.3847575679807367,1.5079981245477987,0,left_annulus
-5.871747479721276,-2.348632858966139,0,left_annulus
-7.057183730816398,-2.165022066142342,0,left_annulus
-3.3225189267114095,-1.652542058578799,0,left_annulus
-5.169114754922057,-2.6458480701628257,0,left_annulus
-4.247354027373349,-2.28109907704898,0,left_annulus
-5.639881426273686,2.7758547184459994,0,left_annulus
-4.009298173719436,1.9198377749721558,0,left_annulus
-5.057539720040333,-2.9804459922487223,0,left_annulus
-4.146579966478861,-2.338443399586039,0,left_annulus
-2.740913310619133,-0.17379320422137706,0,left_annulus
-6.786180787277772,1.1011455162635213,0,left_annulus
-6.493144307593471,1.6624612525971372,0,left_annulus
-4.609819849064556,-2.572437204106637,0,left_annulus
-6.301420499198633,2.065268591252741,0,left_annulus
-2.41272691943528,-1.1279010864215244,0,left_annulus
-3.4303314697252305,-1.9679829607679298,0,left_annulus
-7.060854200981524,0.9153093353304124,0,left_annulus
-4.963630977694731,-2.646764589505648,0,left_annulus
-4.879472073936087,-2.7710448399320478,0,left_annulus
-3.227121713985663,1.420583493625588,0,left_annulus
-3.1773250647530813,-1.2624240540382692,0,left_annulus
-7.123323148972353,-0.10759679883283524,0,left_annulus
-3.716626675390333,-2.5152844933457574,0,left_annulus
-6.128677649609542,2.502027400436829,0,left_annulus
-2.9637221476326863,-1.5692834373539337,0,left_annulus
-7.234640196682349,1.8408737260849255,0,left_annulus
-2.2060841907638884,0.240583702589864,0,left_annulus
-2.8483872641786134,-1.4983181531930985,0,left_annulus
-2.547232057572465,1.5649101037377815,0,left_annulus
-5.894394292520359,2.032425841310532,0,left_annulus
-2.9893047771792474,-0.6248936726464526,0,left_annulus
-2.7523488474694937,-0.6767414954009352,0,left_annulus
-6.847459864858174,-0.9326758069807884,0,left_annulus
-6.750445864814646,-1.8977393889379857,0,left_annulus
-7.804018213648344,0.9193188987461269,0,left_annulus
-5.512056049627597,1.8996674655798358,0,left_annulus
-6.002327014498549,1.9031158957890302,0,left_annulus
-6.056805359690138,-2.116882819528141,0,left_annulus
-4.998683861250854,-2.988238516641026,0,left_annulus
-4.363925576671185,-2.32085960560656,0,left_annulus
-4.396604018793527,-2.5213288380776664,0,left_annulus
-3.319866930385497,1.1484688764066262,0,left_annulus
-7.176753465364421,0.09874968405953974,0,left_annulus
-2.1976322615904165,1.0495842145949148,0,left_annulus
-7.682185631874626,-0.9555580632240317,0,left_annulus
-6.881508328202957,0.7251663605357122,0,left_annulus
-2.8035696669431323,-1.9974297867854856,0,left_annulus
-6.575511298224689,2.168227633513869,0,left_annulus
-2.9625198307155127,1.9813073437560471,0,left_annulus
-3.444576839660587,1.897040451257446,0,left_annulus
-4.813868349522716,-2.634678452548804,0,left_annulus
-6.830132775667162,-1.6379573496922006,0,left_annulus
-2.771626147553208,1.5766645952599279,0,left_annulus
-3.153317604996144,1.1496803388528154,0,left_annulus
-5.625227172871596,-1.9489157439176046,0,left_annulus
-2.926380992001851,1.030854757166786,0,left_annulus
-3.859615586349631,-2.44609544974891,0,left_annulus
-5.592131985486449,-2.1982791020936023,0,left_annulus
-2.6963291239259117,1.334335449634435,0,left_annulus
-2.458635085692379,1.4926209312600485,0,left_annulus
-2.943083305930637,-0.24328823700440977,0,left_annulus
-6.882429575674463,1.9443699185245367,0,left_annulus
-6.624333287135625,1.7977921755176054,0,left_annulus
-3.9548583583697843,-2.6739571118854206,0,left_annulus
-3.002583024432255,-0.779789022748257,0,left_annulus
-2.28493228853905,-0.16041009845031912,0,left_annulus
-4.938473268756883,-2.8174379366185303,0,left_annulus
-7.093958688981784,2.1200432657037673,0,left_annulus
-2.6653219015402208,1.3488461027920318,0,left_annulus
-4.577740474018568,-2.5962395904341324,0,left_annulus
-7.4669148017146085,-0.8576384943915003,0,left_annulus
-7.515377948902675,1.3209484338819166,0,left_annulus
-2.9201505652755957,-1.4904020728762646,0,left_annulus
-3.4582429886261035,1.3314501766936175,0,left_annulus
-7.9280462534876035,0.19462828773048432,0,left_annulus
-2.3238045416793582,0.19336373244040128,0,left_annulus
-7.578023351887537,0.5955024424676119,0,left_annulus
-2.917793900519479,0.8348411805296571,0,left_annulus
-3.019574407483451,1.7803455601612144,0,left_annulus
-3.165388899430578,1.6109258502365709,0,left_annulus
-6.623690825716582,-2.123511018778759,0,left_annulus
-5.145232359152857,-2.264049372082505,0,left_annulus
-7.359276681993637,-1.3579216589427159,0,left_annulus
-2.033340148513663,-0.7777629003584741,0,left_annulus
-6.4718641320623504,1.4335599764649793,0,left_annulus
-5.70559816578334,2.8912481275631117,0,left_annulus
-3.2879327236533458,-1.823377417155923,0,left_annulus
-4.539230010295304,2.8229910178746316,0,left_annulus
-2.287458637507811,-0.6990721202669882,0,left_annulus
-2.3857484924133865,0.3140600914647146,0,left_annulus
-2.237495217951609,-0.4284011322776008,0,left_annulus
-2.0897903163519223,0.7179151261088232,0,left_annulus
-3.056835959457921,-1.4713295421261539,0,left_annulus
-7.279992600316576,-0.4310618590855216,0,left_annulus
-2.319076173001423,-0.1132430628612046,0,left_annulus
-2.5153139930902353,1.2649207355356082,0,left_annulus
-7.63329141941776,-0.9607689798958828,0,left_annulus
-2.2205601574878275,-0.49260155583317045,0,left_annulus
-7.513337632815014,-0.35316249875270755,0,left_annulus
-6.963537152167688,-2.0897500877877606,0,left_annulus
-5.697126666344095,-2.086818836207233,0,left_annulus
-7.4697027836895895,0.6858560009732352,0,left_annulus
-6.3710855201679815,-1.5239912838178113,0,left_annulus
-7.031686405032891,-1.1976596355693536,0,left_annulus
-3.061283994121625,-1.4650915114605856,0,left_annulus
-2.679142483350054,0.6756012073341308,0,left_annulus
-5.588582630856885,2.7513917853636247,0,left_annulus
-2.5903510557653973,-0.6873549300519375,0,left_annulus
-3.071414073909096,-1.5911477401935312,0,left_annulus
-7.201065666979316,0.6220608185066044,0,left_annulus
-6.810645997568554,-1.5654744883423106,0,left_annulus
-5.241201984497924,2.2589318629553494,0,left_annulus
-4.261592483869647,1.917155261593166,0,left_annulus
-7.601841370601404,0.5276849873246982,0,left_annulus
-6.617589260441657,2.1776490257259686,0,left_annulus
-7.274465107642974,-1.295262362864413,0,left_annulus
-2.7325320937723534,1.147812797611809,0,left_annulus
-2.512212796883668,-0.3745023803563518,0,left_annulus
-2.1016458813550503,-0.26772540265541234,0,left_annulus
-5.874561950310415,-2.4423310356969776,0,left_annulus
-7.477095019364147,-0.6930670652376916,0,left_annulus
-5.726953430979573,1.8802422483194232,0,left_annulus
-3.9645175624505358,-2.1509593096761845,0,left_annulus
-6.038403396133122,-2.259340409031004,0,left_annulus
-3.6621783783165385,2.0910743121265107,0,left_annulus
-2.7648352817717194,-1.4324420888622942,0,left_annulus
-3.821533141735776,-2.300643318837026,0,left_annulus
-2.4827794301402966,-0.8338849302350131,0,left_annulus
-5.467208185087351,-2.8116895011530203,0,left_annulus
-7.111278103642108,-1.7901152230367667,0,left_annulus
-7.3667981176099815,1.4003006324619092,0,left_annulus
-2.249430984011586,-1.245563119014056,0,left_annulus
-3.65294255098855,-1.4833567478234022,0,left_annulus
-2.888104200689208,0.6523387719800715,0,left_annulus
-3.096020488871364,0.3634940046233862,0,left_annulus
-6.878726059226223,1.800000908304057,0,left_annulus
-3.896756695968401,-2.6550944223068926,0,left_annulus
-2.771419409474113,-0.2109013705187524,0,left_annulus
-3.3059158263444495,2.3639749868430715,0,left_annulus
-6.745016847838703,-1.0244616931952968,0,left_annulus
-7.2321073693574265,2.0189391637164937,0,left_annulus
-2.6840230046951046,-0.4702253387614287,0,left_annulus
-3.895371242107727,-1.8874645834302908,0,left_annulus
-3.6845280077528653,-2.0855538874284623,0,left_annulus
-7.291276075480739,0.3819928859973284,0,left_annulus
-7.084695404683874,1.137671767255721,0,left_annulus
-5.243677342190305,2.3109972194293866,0,left_annulus
-2.2820325836191433,1.052806819840205,0,left_annulus
-3.33111186004355,-1.905326671982511,0,left_annulus
-4.078821297407429,-2.1834096619050043,0,left_annulus
-2.3236330575734865,0.010703988617007248,0,left_annulus
-2.187743616065032,-0.08819632684678297,0,left_annulus
-7.217724748038329,-0.7833879392047486,0,left_annulus
-4.6522184700863365,-2.442103640304901,0,left_annulus
-3.008436055943476,-0.6817903583854243,0,left_annulus
-3.7688853750064593,-1.74640632437984,0,left_annulus
-4.918451613840051,2.7456423475613567,0,left_annulus
-7.044587855329929,0.659215772964536,0,left_annulus
-3.0986492179309937,1.9041720489045444,0,left_annulus
-2.426811718234141,-0.7866617993027474,0,left_annulus
-6.637939388149745,-1.3716082027298935,0,left_annulus
-4.670674821294843,2.571011095658628,0,left_annulus
-6.046527377461942,-2.0216264603362926,0,left_annulus
-7.261544077737115,-1.9612788374182946,0,left_annulus
-6.655299215410878,1.961293701337876,0,left_annulus
-2.8962937108323366,1.7941711244952305,0,left_annulus
-6.2252223347675075,-2.2863270649575593,0,left_annulus
-7.068908608541319,-0.2556435310372819,0,left_annulus
-4.592894058339207,-2.6413243191000233,0,left_annulus
-7.884164018478727,-0.327911617103518,0,left_annulus
-3.384784004611009,-2.069214770427485,0,left_annulus
-7.614408818087692,-0.9413258010108186,0,left_annulus
-7.670985884971015,-1.1149509520093541,0,left_annulus
-3.4410906026271157,-1.6384509476184836,0,left_annulus
-6.780206950996115,1.3170215874220679,0,left_annulus
-3.261448544935382,2.0539098347903133,0,left_annulus
-2.5338892950815013,0.4268376639340086,0,left_annulus
-4.828902177941378,-2.8740230828322875,0,left_annulus
-7.098584778850095,-1.9265849412938454,0,left_annulus
-5.758122262489305,-2.2769359188898046,0,left_annulus
-4.520834006699064,2.2373585252789203,0,left_annulus
-3.093048303696412,2.065078765626206,0,left_annulus
-2.6999342075442487,0.2454941769232559,0,left_annulus
-6.678732421720188,2.2517065696081473,0,left_annulus
-7.0512725775471825,-1.3810412121922762,0,left_annulus
-7.076509127614387,1.6797339292423343,0,left_annulus
-6.940909630945211,0.7807964865592996,0,left_annulus
-2.8115747947237373,-1.522475821606222,0,left_annulus
-6.463862096250895,1.967919570384324,0,left_annulus
-7.58000695602035,-0.18320405936898726,0,left_annulus
-4.51059097411868,-2.0946331046693922,0,left_annulus
-7.219595966798063,1.5803417798372315,0,left_annulus
-7.021742297934082,-1.952286950634455,0,left_annulus
-3.5436060457042107,-1.7562716268275256,0,left_annulus
-3.0318754282818094,-0.6171719814917411,0,left_annulus
-3.815151253389858,1.6161330891925318,0,left_annulus
-2.644438691963637,-1.1936533470214719,0,left_annulus
-7.662813093513491,0.12207975620358166,0,left_annulus
-5.072671955232809,2.6520220860720096,0,left_annulus
-7.237296415656837,0.5148597794931908,0,left_annulus
-2.569564734299211,-0.27494943883874134,0,left_annulus
-7.670521501389934,0.17749520596864257,0,left_annulus
-6.222182723397784,2.2767428850480824,0,left_annulus
-7.075128588043771,-2.106470916923925,0,left_annulus
-4.8771342968711915,2.133245123892287,0,left_annulus
-2.5802850288128725,1.3023520857255375,0,left_annulus
-3.2806302614447365,1.771638697239925,0,left_annulus
-3.270405290561089,1.847165789228325,0,left_annulus
-3.46754570579789,2.2473553459770996,0,left_annulus
-3.1890763345236572,2.0725281849965516,0,left_annulus
-6.8844039632047584,-2.251064563327305,0,left_annulus
-4.095821254609304,1.9355933659141535,0,left_annulus
-6.202899534454114,1.6828417675216183,0,left_annulus
-2.8255984637699765,-1.6933016702249621,0,left_annulus
-7.579303616052519,0.45853907739793087,0,left_annulus
-6.12371535587712,-1.943867473166923,0,left_annulus
-4.104034012013717,1.8576355085266416,0,left_annulus
-4.280494200145714,2.0334242342845106,0,left_annulus
-2.1976876390059052,0.6712754022883547,0,left_annulus
-3.901313109736692,1.9221117072541227,0,left_annulus
-5.36378977014498,2.3174253137974974,0,left_annulus
-4.03557472866842,2.0258350507815193,0,left_annulus
-2.985447792732983,1.2752767097375648,0,left_annulus
-3.5114600650175207,1.4678698651413742,0,left_annulus
-7.530620526921898,0.6042489272014274,0,left_annulus
-4.453057237218997,2.011851923639554,0,left_annulus
-6.822386739848175,2.128174280282116,0,left_annulus
-7.325614556716644,-0.09510470777336336,0,left_annulus
-5.925506928462262,-2.4147172521933307,0,left_annulus
-2.2747193502085516,0.7014661031966709,0,left_annulus
-4.205256708259925,-2.5728924499184727,0,left_annulus
-6.808390853609046,-1.8568588488556528,0,left_annulus
-2.8512798048004284,1.1689179531293894,0,left_annulus
-3.3458328678535456,-1.7195826560060212,0,left_annulus
-2.72760973487003,-1.229173279682006,0,left_annulus
-2.3226911699708013,1.062936263900064,0,left_annulus
-5.4526999169316515,2.6290434855467733,0,left_annulus
-4.068232764074671,-2.305786937286304,0,left_annulus
-5.011476885126094,-2.8181854365953907,0,left_annulus
-3.9857887966806285,2.237595035252656,0,left_annulus
-4.4179422901074314,2.0432615600180726,0,left_annulus
-6.819202334988804,1.7933581775929686,0,left_annulus
-7.905726032943145,0.27606262672521514,0,left_annulus
-6.707849208713536,-1.3866400251313709,0,left_annulus
-6.900075708480995,1.9251608469994317,0,left_annulus
-7.2657659910327075,0.42267060802277906,0,left_annulus
-5.054808157560021,-2.6590356872195358,0,left_annulus
-2.9409074574783403,0.5286422661749703,0,left_annulus
-5.032578540925355,2.556316644002947,0,left_annulus
-5.63359305486984,-2.741406681296277,0,left_annulus
-3.1517477240881933,-1.4315252268892034,0,left_annulus
-7.708622716714722,-0.12888125890817592,0,left_annulus
-7.8419745419721,-0.47666728195900404,0,left_annulus
-2.634615169062332,1.8203462790992135,0,left_annulus
-7.166617381765302,0.6228513500274471,0,left_annulus
-7.42199021772542,-0.5393944051209612,0,left_annulus
-4.817352406165099,2.1584372347355343,0,left_annulus
-5.423199262884172,2.958926835298942,0,left_annulus
-7.163745473770452,2.038433048148687,0,left_annulus
-2.4869722458005548,0.3815053239696312,0,left_annulus
-6.257160063811999,2.6401988709896274,0,left_annulus
-4.3619642023376874,2.4863660333729203,0,left_annulus
-6.211387825286242,2.4127827619483773,0,left_annulus
-3.332240368705631,1.458927505280512,0,left_annulus
-2.957932657595591,-1.7671740772852547,0,left_annulus
-6.7615106482650225,-1.1494496895020756,0,left_annulus
-6.256445442515818,-2.5694997993179816,0,left_annulus
-4.344075863215013,-2.6248520744014887,0,left_annulus
-7.777441007740308,-0.04503755336136804,0,left_annulus
-3.298164508260908,1.0362374804310013,0,left_annulus
-7.2007721545682175,-0.5489345594498122,0,left_annulus
-6.92866027357623,-1.1745256719532209,0,left_annulus
-5.067844299040593,-2.3440737764809745,0,left_annulus
-6.847903910465769,0.8758473628899435,0,left_annulus
-3.025841848215798,2.04623879760512,0,left_annulus
-5.614540435174436,2.5854899093584542,0,left_annulus
-6.642339517528185,1.819931949933748,0,left_annulus
-6.523225545496313,-2.0387430509388045,0,left_annulus
-7.2462235018527945,-1.0744835619290143,0,left_annulus
-6.6311711770538215,2.0002640048779683,0,left_annulus
-2.43689487947698,-0.2502842164900111,0,left_annulus
-7.378556396197678,-1.8534765483549043,0,left_annulus
-4.75568613699279,2.578796879411232,0,left_annulus
-2.5861176191610107,1.7923637270554855,0,left_annulus
-3.3163666907755363,2.29041357390022,0,left_annulus
-5.037610667781992,2.288841921022249,0,left_annulus
-3.418887984623333,2.4187049576779116,0,left_annulus
-4.2286675978976715,1.989253815277977,0,left_annulus
-5.64188326094329,2.7342487042438974,0,left_annulus
-3.8481871493552977,2.135150285934106,0,left_annulus
-2.6871882770963222,-1.7245924597174596,0,left_annulus
-2.51388889695098,1.421070653876087,0,left_annulus
-7.799806635333016,-0.3678391864974713,0,left_annulus
-7.461004560817518,1.5007648089350698,0,left_annulus
-2.6066863398983906,-0.244355525416285,0,left_annulus
-3.4104481418822625,1.336488999509707,0,left_annulus
-6.908607918324434,1.4772621196348295,0,left_annulus
-2.8605243189514358,-0.3986480009861051,0,left_annulus
-3.211626805482855,-2.0499476451296976,0,left_annulus
-4.058977116327043,-2.2745874157349983,0,left_annulus
-5.104082622321468,2.992506871034016,0,left_annulus
-3.7554923680726993,2.3775740977527096,0,left_annulus
-6.361141902214825,-2.5181419626576784,0,left_annulus
-3.0689394743418745,-0.9912625344843212,0,left_annulus
-7.800111320849405,-0.9326749418297515,0,left_annulus
-7.67131702381876,-1.2519022182480062,0,left_annulus
-5.533975350115491,2.480466021664453,0,left_annulus
-4.674347803486698,-2.6886412466555987,0,left_annulus
-3.9816935286911446,2.5400598292526495,0,left_annulus
-5.9396434469565245,2.040505714550771,0,left_annulus
-7.281593079552254,1.1592382809581525,0,left_annulus
-7.454206328353724,-0.14454775920753668,0,left_annulus
-4.863503015472621,2.1982973337808978,0,left_annulus
-3.1378034451729637,1.5552348921133239,0,left_annulus
-6.601162743783161,-1.2592578680474378,0,left_annulus
-5.5269464523230365,2.0400847591934625,0,left_annulus
-6.975433324473598,-1.0797675685510273,0,left_annulus
-3.355599160779659,2.417552134324021,0,left_annulus
-7.610267100901068,0.1761924221299961,0,left_annulus
-7.903953080666754,-0.6782724478134151,0,left_annulus
-2.665264324083751,0.7271412546288105,0,left_annulus
-6.186201377863517,2.023990570551517,0,left_annulus
-3.3336115646933067,1.8943878469446178,0,left_annulus
-2.708135796149793,0.8980496085795167,0,left_annulus
-2.817047408314919,-0.14820619452307812,0,left_annulus
-6.161514085855176,2.436702324179664,0,left_annulus
-4.174929156121456,-2.069911083435783,0,left_annulus
-5.10776908889574,2.5680799203493176,0,left_annulus
-6.155131074044339,-2.4536200992971797,0,left_annulus
-4.90241882879998,-2.2464343489552423,0,left_annulus
-6.738771102483459,-1.1282678075167805,0,left_annulus
-7.728872408287213,0.5386311556092028,0,left_annulus
-7.145585873021834,1.2753063224785597,0,left_annulus
-6.27309692929555,1.6461346377144048,0,left_annulus
-2.2047694894308045,-1.306592081299943,0,left_annulus
-3.979250584665553,-1.9235449460959453,0,left_annulus
-2.4020149500762624,-0.5791708088826152,0,left_annulus
-2.9011074077365477,2.088693876222073,0,left_annulus
-5.2678163626759185,-2.2144924519508233,0,left_annulus
-2.9050939215880116,-0.874949310575579,0,left_annulus
-4.1565975324020314,1.9181638369764256,0,left_annulus
-2.804535286643699,0.8776769308729652,0,left_annulus
-5.048382746086453,-2.169464551093529,0,left_annulus
-7.4692623444213915,-1.2910866840033974,0,left_annulus
-3.8812111320102485,-1.6904685398601755,0,left_annulus
-3.4180001306851744,1.9342893102384071,0,left_annulus
-4.169135030728391,-2.8706192098456937,0,left_annulus
-4.151659720154969,2.6915083974108738,0,left_annulus
-3.5936322379389734,2.2146641585519693,0,left_annulus
-3.7389684238194447,2.0103895250732013,0,left_annulus
-3.9842680172099247,-2.4216528957583896,0,left_annulus
-6.406852276881198,-2.2791875652235785,0,left_annulus
-7.451074136025116,-0.3171176029046548,0,left_annulus
-6.348129042783323,1.6297316162152113,0,left_annulus
-2.9059205910964616,-2.048976849920358,0,left_annulus
-6.9667024214413535,1.5901789200807093,0,left_annulus
-4.0875809136440635,-2.070804670258156,0,left_annulus
-7.1660344957383995,0.9035989390985959,0,left_annulus
-6.744286024311039,1.7050691568382665,0,left_annulus
-7.793263170432507,0.6692756541006356,0,left_annulus
-5.903485472088125,2.5070537811576945,0,left_annulus
-5.050566513037008,-2.8923329362987245,0,left_annulus
-6.9316107115262895,-0.0036202896763988246,0,left_annulus
-4.734144682452146,2.5023965207861725,0,left_annulus
-2.957230461633231,-1.5387653952051843,0,left_annulus
-6.532865679992688,1.3367369861936194,0,left_annulus
-7.161366221046094,-0.607367035715745,0,left_annulus
-2.5774608563622277,-1.513863919353156,0,left_annulus
-6.515392444134649,-1.624650444839146,0,left_annulus
-3.078163337287393,1.687455756754493,0,left_annulus
-2.9042503601370995,-0.8482227313527422,0,left_annulus
-6.519652159619663,-1.413766930827474,0,left_annulus
-6.123040897409501,2.089537216041309,0,left_annulus
-3.083397183171146,2.275884520715287,0,left_annulus
-4.205756637565536,-2.7925584777135075,0,left_annulus
-7.196854999204368,-2.01132544969268,0,left_annulus
-7.50091821746234,-0.46353334159265286,0,left_annulus
-3.34447357977594,-1.313479367121578,0,left_annulus
-4.325480046044169,-2.5654755782706964,0,left_annulus
-3.5683069155038023,2.0893590165795484,0,left_annulus
-5.980198715382158,2.687609444267409,0,left_annulus
-4.958340919168914,2.0676599150295383,0,left_annulus
-5.160295874775821,-2.5170460604165137,0,left_annulus
-2.8751179891274723,0.5056745138268809,0,left_annulus
-7.178959746494985,-0.9490968201615407,0,left_annulus
-4.892908358218869,-2.7673373689497165,0,left_annulus
-3.114252626542695,-1.7840499273608477,0,left_annulus
-6.290758747750581,2.0914840122966023,0,left_annulus
-3.9153647637468567,-2.263476605619672,0,left_annulus
-3.0645459725290194,1.629161452924052,0,left_annulus
-3.4655704049740055,-2.382323437725678,0,left_annulus
-2.9998439390142577,2.1419247180814867,0,left_annulus
-7.324633391651901,1.769034415014958,0,left_annulus
-4.227762465730611,-2.6299375616118033,0,left_annulus
-3.737498712412359,1.9344041739508833,0,left_annulus
-4.656750991838433,2.643451588258661,0,left_annulus
-5.438583153993633,-2.378631353799042,0,left_annulus
-5.423002362391634,-2.178239546125079,0,left_annulus
-6.773402013893363,-2.1759939391168666,0,left_annulus
-5.6743881874521,-1.9598797423269343,0,left_annulus
-7.79957416853189,-0.7889818366893055,0,left_annulus
-4.968611819996973,2.518562148985211,0,left_annulus
-6.59239139394881,2.1753366582065294,0,left_annulus
-3.849227100588374,2.5402070227197893,0,left_annulus
-2.525895598779371,-1.5765850755222213,0,left_annulus
-7.382587024676533,-1.4761083764238379,0,left_annulus
-7.234556284505289,1.5682912518653767,0,left_annulus
-7.059910732417917,0.4748261419276989,0,left_annulus
-2.6051402865259576,-0.8387092460587614,0,left_annulus
-3.7185802269569774,1.7715226419789716,0,left_annulus
-7.4062212025039384,-1.389401451168231,0,left_annulus
-7.602530634017435,-0.038767372662812605,0,left_annulus
-7.11083332020704,-1.739042150769866,0,left_annulus
-2.9059052326745234,0.21596248634773024,0,left_annulus
-3.5391930438327828,-1.5159717703720763,0,left_annulus
-2.5021625076024208,-1.1381295316379554,0,left_annulus
-6.921226209382025,-0.8710341472698938,0,left_annulus
-5.621994182325967,-1.9420603978725333,0,left_annulus
-3.2566049097555796,-0.919920234165281,0,left_annulus
-5.720913337257028,-2.7801842307528037,0,left_annulus
-3.3957481929512454,2.3315945145803614,0,left_annulus
-7.138702855464925,-1.1417365627622276,0,left_annulus
-6.709540320435232,-1.4139677331063671,0,left_annulus
-7.183087523016341,1.0525952391289395,0,left_annulus
-5.25638634525243,-2.760966078686867,0,left_annulus
-2.5851107180425146,-1.1092268033960224,0,left_annulus
-2.971241914157134,-1.0517035155917982,0,left_annulus
-7.0180246461634885,0.6849026442398825,0,left_annulus
-3.311277920865892,1.2501892458768482,0,left_annulus
-2.248918476667221,-0.3445258285447278,0,left_annulus
-3.5276872608734835,-2.3805754525320277,0,left_annulus
-3.3830548667642604,1.6324124841764558,0,left_annulus
-3.3030125063292415,-0.9850996902908961,0,left_annulus
-3.461514754161999,-1.610890766029479,0,left_annulus
-7.928845216168503,-0.3919780619403329,0,left_annulus
-6.990505325539959,-1.2502551369055608,0,left_annulus
-7.18936675010456,1.6896971926537487,0,left_annulus
-2.536119124189861,0.8995030160205152,0,left_annulus
-6.219734242632481,2.148759224494707,0,left_annulus
-4.277563727772258,-2.100030214084112,0,left_annulus
-2.822598603853388,0.025086237783778886,0,left_annulus
-6.335527929940085,2.288128304093594,0,left_annulus
-7.32345359318773,1.605143439635339,0,left_annulus
-7.609309022603046,-0.6309412824601137,0,left_annulus
-2.6886441340626797,-1.1889126531086072,0,left_annulus
-6.1690362385651145,1.7214289182166451,0,left_annulus
-6.662725541191809,2.5088307266995167,0,left_annulus
-5.274081018200561,-2.833720800545917,0,left_annulus
-7.23429928683479,0.7585955244856437,0,left_annulus
-4.55722583216828,2.935699951118159,0,left_annulus
-7.49284431775372,0.8530210482435532,0,left_annulus
-3.333513028948649,2.0336503933272514,0,left_annulus
-3.7240767260311496,2.5251895343003787,0,left_annulus
-7.78427637546651,0.10286878107759236,0,left_annulus
-7.321381044447143,1.3063211023936772,0,left_annulus
-3.133215962683721,-1.08744065505024,0,left_annulus
-6.598058236449326,1.879539991198645,0,left_annulus
-7.570754225384277,-1.432257795476143,0,left_annulus
-6.552443391526359,-1.737883834580778,0,left_annulus
-2.6044761861864503,0.3061063439635071,0,left_annulus
-6.301753248905047,-2.1481593292630237,0,left_annulus
-3.961353966951556,2.2471472947743645,0,left_annulus
-2.519034355536999,-0.5858769677920744,0,left_annulus
-3.2781517041150217,2.3432765286265607,0,left_annulus
-6.951030578606284,1.115419980946349,0,left_annulus
-3.2222222119156445,1.1094061287150183,0,left_annulus
-2.7664084637068864,-0.13351102606998044,0,left_annulus
-7.808952875865075,-0.05444834949787916,0,left_annulus
-7.168947999217885,-1.504391195973343,0,left_annulus
-2.791585168988856,0.939732153460658,0,left_annulus
-4.981149599881566,-2.919659872797863,0,left_annulus
-4.223204511920333,2.8708955074491516,0,left_annulus
-2.735720445410443,-1.7095748603574654,0,left_annulus
-4.216780220058052,2.887529108645479,0,left_annulus
-4.301801286643894,2.123284689367487,0,left_annulus
-2.2254918423264494,0.5907385626284637,0,left_annulus
-7.39493427375191,0.4518177423754892,0,left_annulus
-7.658443566742642,-1.1461151259302376,0,left_annulus
-2.4804796749315092,1.0503124680832214,0,left_annulus
-4.589308033379716,-2.698006422892082,0,left_annulus
-7.563781938360086,0.7495024476981113,0,left_annulus
-7.12853353189753,-0.42947369243576805,0,left_annulus
-7.502862803661956,1.0094942796993709,0,left_annulus
-7.404612027531346,1.7190088558892505,0,left_annulus
-7.756666034099357,-1.1091916897755385,0,left_annulus
-3.842792830131209,1.6116806727411133,0,left_annulus
-4.066022535751993,2.0855721533741427,0,left_annulus
-3.615029458958381,-1.7120013990814067,0,left_annulus
-2.39975890314404,-0.9145108386503451,0,left_annulus
-7.000302287446333,2.077965769641365,0,left_annulus
-5.244071416467142,2.2531139706686,0,left_annulus
-6.557848817520057,-2.012135685355535,0,left_annulus
-7.394993696875188,1.4688050785556555,0,left_annulus
-2.3302960424302483,0.39922243802848395,0,left_annulus
-3.578353159406436,2.1625103832424473,0,left_annulus
-5.514497259513898,-2.6159408823899777,0,left_annulus
-6.383165908273851,-2.1400499672821462,0,left_annulus
-2.658298201977123,0.4309877803559285,0,left_annulus
-4.453978323908059,2.620210729391363,0,left_annulus
-4.624392504412232,2.647871643576055,0,left_annulus
-6.358577491101293,-2.4412858445967447,0,left_annulus
-2.3662501867596273,0.3694089399500964,0,left_annulus
-2.9105452827105536,1.6998944409749712,0,left_annulus
-4.332470420495633,-2.029618024710785,0,left_annulus
-3.9262076728534296,2.3808982254824427,0,left_annulus
-6.134633537992211,-1.7195377808343855,0,left_annulus
-4.837992948830673,2.2700951141257084,0,left_annulus
-2.7752920104956655,1.4970765606903365,0,left_annulus
-4.960601293991254,3.0000457998832277,0,left_annulus
-5.414606953891097,-2.0699722381483947,0,left_annulus
-3.465462854253532,-1.9320470181957865,0,left_annulus
-3.548146445914129,-2.5094664534883084,0,left_annulus
-6.793951486407952,1.2463712040797035,0,left_annulus
-6.264949449333964,-2.2470665808951873,0,left_annulus
-4.179688365497891,2.731401099875258,0,left_annulus
-5.753100960575342,2.534077525774019,0,left_annulus
-3.214058217744446,-1.325479877182944,0,left_annulus
-2.641517387611244,0.11772664793147727,0,left_annulus
-2.5391646023197905,1.4630680423405416,0,left_annulus
-4.3118885866415475,2.49190333335906,0,left_annulus
-3.0063683575046616,0.29483338770145084,0,left_annulus
-3.8724625165107227,2.5004539857487744,0,left_annulus
-6.7363824073251095,-1.038265537892737,0,left_annulus
-7.343829240243046,1.3365613137756156,0,left_annulus
-3.3016278397231233,-1.4635402666747281,0,left_annulus
-3.7978656938794955,-2.7224671563820073,0,left_annulus
-6.306484184117734,2.023366999691327,0,left_annulus
-5.101144984692717,2.3146318804023087,0,left_annulus
-6.61291286200153,1.5839616217654564,0,left_annulus
-7.124475638504328,-1.3061737137516711,0,left_annulus
-5.259953546016251,2.8432844630765715,0,left_annulus
-7.0924359219623945,-2.156712030084933,0,left_annulus
-7.1230269881315245,1.3925144463517773,0,left_annulus
-7.396570139253767,-0.7749692134022255,0,left_annulus
-7.4610801818518935,1.0308293296350586,0,left_annulus
-5.728328684814203,2.8463380516432255,0,left_annulus
-2.451111593931946,-0.8298673326614208,0,left_annulus
-4.800399072318505,-2.4190491696707457,0,left_annulus
-3.427646765739405,1.8811559348908677,0,left_annulus
-3.153852381969532,-2.04884247427049,0,left_annulus
-6.941360923744966,0.17498544746595668,0,left_annulus
-2.9432657624055842,-1.6660757999078895,0,left_annulus
-4.29960498482986,-2.195830271840617,0,left_annulus
-7.466776459254495,1.2149081457848618,0,left_annulus
-2.9101975563071565,0.37413486027189485,0,left_annulus
-5.239544141332601,2.6108933311908555,0,left_annulus
-7.478258133052638,-0.6395621856799921,0,left_annulus
-6.797836445943561,-1.9556534281031686,0,left_annulus
-5.149137424719613,2.045421697996657,0,left_annulus
-3.3170908295138184,2.0603823669389376,0,left_annulus
-3.746769950709509,-2.381724491311154,0,left_annulus
-2.42858406857569,-0.2912156185510073,0,left_annulus
-7.686421684377356,-0.4719473787067748,0,left_annulus
-3.681551474308106,2.3319686299007727,0,left_annulus
-5.359924731576684,2.794305486240269,0,left_annulus
-2.789123696831379,0.2859433872037945,0,left_annulus
-2.486192707782101,-1.4266758083464124,0,left_annulus
-2.993405528869291,1.7297150149017695,0,left_annulus
-6.8544210607331575,-1.001725230255124,0,left_annulus
-5.344018260891998,2.066726685865551,0,left_annulus
-7.1035581570293,-0.7888820616032483,0,left_annulus
-6.700200438041856,-2.2452934468133874,0,left_annulus
-3.6801892873390414,-2.369297059808974,0,left_annulus
-4.228925234497077,2.7148774815997214,0,left_annulus
-2.3724776147934876,0.13230504019814587,0,left_annulus
-3.357473293569587,1.8546430277417343,0,left_annulus
-3.263935855545737,-1.3066127175938567,0,left_annulus
-3.3798830108476032,-1.7068635013129099,0,left_annulus
-7.050128315333992,-1.413782286342257,0,left_annulus
-6.751594641644611,-1.208731722393458,0,left_annulus
-6.147082812282934,-1.9472330561638505,0,left_annulus
-3.8333245088659416,2.35948713978382,0,left_annulus
-2.694833228144081,-1.4121798595080697,0,left_annulus
-7.553717896217623,1.4390580238962594,0,left_annulus
-7.210091315680399,1.9261487023919612,0,left_annulus
-7.730127386754487,-0.406248777103767,0,left_annulus
-2.6441464534006958,0.6839108615305164,0,left_annulus
-3.651137450454281,2.3411273034891082,0,left_annulus
-5.298829202205635,-2.8429068436413982,0,left_annulus
-3.124091553640392,1.0532798439441469,0,left_annulus
-7.013177412347951,-1.4615054302334456,0,left_annulus
-4.83078527716822,2.8882035619578086,0,left_annulus
-6.841527458085867,1.5051148483701087,0,left_annulus
-5.650481210286373,2.59186958738894,0,left_annulus
-6.660542431208772,2.1309266675309955,0,left_annulus
-5.4340379118713535,-2.2333068642849034,0,left_annulus
-5.6727069598303705,2.264557690519094,0,left_annulus
-7.178669656840503,-0.905591917752081,0,left_annulus
-7.020371521593267,0.29735177660529016,0,left_annulus
-6.044995660185436,-1.8496190195850224,0,left_annulus
-2.395936766291404,-1.1741487346447497,0,left_annulus
-5.270297463765942,-2.3149183991358235,0,left_annulus
-4.543338980510271,2.4469882246449774,0,left_annulus
-2.652309241274774,0.4356252280423811,0,left_annulus
-5.2121658335793315,2.943017304451575,0,left_annulus
-6.941489907678108,-1.2214029396063988,0,left_annulus
-2.553807775240564,0.7728030002792404,0,left_annulus
-7.886893235463887,0.11965012326508662,0,left_annulus
-7.402794795496524,-1.5664035773857252,0,left_annulus
-6.078383956077356,1.9883194973407055,0,left_annulus
-4.609218175202976,-2.792123795378887,0,left_annulus
-3.013962309717418,1.4589368769323174,0,left_annulus
-2.765583448850023,1.1748408481532435,0,left_annulus
-5.272621642742884,-2.08774085180022,0,left_annulus
-7.110580461435979,0.05538219284567346,0,left_annulus
-6.015444311499439,-2.472330133686772,0,left_annulus
-7.430786362879289,1.0566793451925773,0,left_annulus
-4.9654797798618615,2.5145941754334196,0,left_annulus
-3.7505661565066184,-2.454508091771859,0,left_annulus
-4.183563750037612,-2.647332107253808,0,left_annulus
-5.77583507499363,-2.183416160174964,0,left_annulus
-5.390684066311483,2.6047752003917957,0,left_annulus
-6.884989186431002,-1.1015573022223089,0,left_annulus
-6.8988125257543045,2.0946863059942302,0,left_annulus
-2.7471492946266793,1.4576214191062664,0,left_annulus
-2.420630668894072,-1.5236098790604908,0,left_annulus
-3.6421321118401764,1.6683884845660204,0,left_annulus
-3.0375193062204504,-0.5526816254125408,0,left_annulus
-7.191405678393251,0.7299124226809728,0,left_annulus
0.5186125901644836,-0.19179408820414687,1,bridge
2.0440045278967505,-0.12601194629795298,1,bridge
1.7426570287623795,0.9187947253377395,1,bridge
-2.454544786590532,-0.3911685528918656,1,bridge
-2.4448967399707544,0.908084971507064,1,bridge
-1.6347430831431993,-1.0133099182623526,1,bridge
-0.8985708543077655,0.7104684906620519,1,bridge
-0.7149307694904103,0.8544190202738007,1,bridge
1.2203132443532487,-0.804345296020267,1,bridge
-3.0272323877895975,-0.22542842230498328,1,bridge
-3.2507351041837778,-0.8758156625676876,1,bridge
-0.712383930252579,0.5052469984077604,1,bridge
1.4827081921293364,0.11345821393696287,1,bridge
-2.1806428201997132,0.3573243160389425,1,bridge
0.98556565190416,-0.7343303340354621,1,bridge
-1.6948243794644473,-0.7496597538574112,1,bridge
2.604873111470451,-1.1345101586774138,1,bridge
2.754309769678517,-0.3694204835821523,1,bridge
-1.3749364606616812,0.11915575897081582,1,bridge
-1.8630142451667044,0.8662146751276629,1,bridge
-0.5899180370669806,0.3468433497220893,1,bridge
-1.8350543527709338,-0.13821967156764473,1,bridge
1.173882041241643,1.0646040464619768,1,bridge
2.34591557543293,0.5785241170707845,1,bridge
1.186779059060636,1.0710743721804605,1,bridge
2.285157232685107,0.04142583852445261,1,bridge
-0.7128881305138042,-0.5849629418638481,1,bridge
-2.332695354225118,-1.1007717647266986,1,bridge
1.7142272496667632,0.4716319837339906,1,bridge
-1.0414413950424788,-0.9517449262640789,1,bridge
1.1395181182651752,-0.4634288257612378,1,bridge
-1.5765469152241836,0.09419315383283289,1,bridge
-2.9346094387222497,0.16202720585102634,1,bridge
3.425313979216656,0.22631302007119475,1,bridge
-2.355808050286081,-0.7543338768746692,1,bridge
3.428319926848813,-0.2854531331999961,1,bridge
3.343582397309603,0.3164288364855175,1,bridge
2.09571815939403,1.0388765185109572,1,bridge
1.097205284826805,0.3501947178983357,1,bridge
0.6230753010312202,1.0284384184174025,1,bridge
2.523308436483192,0.5580706572679504,1,bridge
-1.4410768953464799,0.20949814020610816,1,bridge
-0.15453987067286848,-0.7542487661240034,1,bridge
0.7668650111019087,0.4794155946628082,1,bridge
-0.6388334277061846,0.3161107859509572,1,bridge
-0.4504844517238464,0.2542189604373732,1,bridge
-1.130145100098858,0.01733564090346145,1,bridge
0.4410479367723404,0.08720072891621336,1,bridge
2.4172881414219693,-0.42022178456597187,1,bridge
-2.0415045628392723,0.09992425885425561,1,bridge
3.10020872640317,-0.7813533327660659,1,bridge
1.265380408811988,0.7485809130415823,1,bridge
2.202716806311892,-0.8315137984299169,1,bridge
0.4045976825092616,-0.9858837113894807,1,bridge
1.9880849416398887,-0.1433600546541759,1,bridge
-3.4015506728852323,0.4637606029102816,1,bridge
2.262627664455864,-0.22772831483158976,1,bridge
-3.254534816744304,-0.5658344421095499,1,bridge
2.6236589545863507,0.180744962665765,1,bridge
3.422544177053873,-0.3504285321908548,1,bridge
-1.4383661574369002,1.0478977088707946,1,bridge
-2.041562103994267,0.9665415499006462,1,bridge
1.799613383823311,-0.023848549471542274,1,bridge
-1.8195980623521681,-0.3508263639450167,1,bridge
2.533232241987029,0.5665423338082374,1,bridge
-2.735219066315176,-1.0931209508334163,1,bridge
-2.555503753373808,-0.06631380193406101,1,bridge
3.413446554911231,-0.4519781295136878,1,bridge
1.1760768111326045,1.0559766455498811,1,bridge
2.370525254821152,-1.146031115318937,1,bridge
-1.2048626277903793,0.24203754359239718,1,bridge
1.2671412472241268,0.526813525577375,1,bridge
0.6797012714202055,0.005171816117723049,1,bridge
0.6213476771487404,-1.060609925911318,1,bridge
1.2343829875198775,1.1417746644506193,1,bridge
0.5260297723893913,0.09205036475579334,1,bridge
-0.4722025051498169,0.17044023056080282,1,bridge
-1.5301757712060478,-0.6423831452140628,1,bridge
1.8872819925065163,-0.06776508244580183,1,bridge
-1.8995537996507847,-0.20513908421478366,1,bridge
1.350723415998955,-1.0009893465822715,1,bridge
-1.8323892727437894,-0.889180866164949,1,bridge
0.8929544722557227,0.8032701113236012,1,bridge
1.7328347529055665,-0.6141577933261824,1,bridge
-1.9824212176110947,-0.7263847107503244,1,bridge
-3.0763323227187183,0.011877658318154873,1,bridge
-2.5589542300988177,0.5905259833844256,1,bridge
0.7553525403420817,-0.9959061253242842,1,bridge
2.4651661644974117,0.19909877553975586,1,bridge
-3.1178861582844704,-0.894150862682495,1,bridge
1.6523170094288528,-1.1528189594697946,1,bridge
-1.1432194043732928,-1.0963755347101403,1,bridge
-0.10612107126363378,0.7931871498147203,1,bridge
2.9337069320355136,-0.9935722739650947,1,bridge
-1.230270135886046,-1.176038441670383,1,bridge
-0.22584909918759408,-0.17907766738893882,1,bridge
-3.3784032632859033,0.8517103709829791,1,bridge
-2.991061521141331,-0.6028767659221724,1,bridge
-1.7089997361058493,-0.23882997781733642,1,bridge
-3.335338505863462,-1.1449202045088804,1,bridge
0.8952934661936771,-0.14497868723356355,1,bridge
-0.46803161357499523,0.16857844538811573,1,bridge
0.37234169227351704,0.2784530016154754,1,bridge
-2.2784258077183788,-0.34944490735715766,1,bridge
-1.4557738902994337,-0.3914816607943884,1,bridge
1.0792888404580687,-0.885674296338496,1,bridge
3.3281283123518963,-0.36962507391565835,1,bridge
-3.11747688977029,-1.0223310254542466,1,bridge
2.6973567907832057,0.584486752732221,1,bridge
0.5741483840597035,1.185783621262538,1,bridge
0.44392578626063484,1.100819106555972,1,bridge
-0.012405728788795034,0.813602829388981,1,bridge
-2.992480822256236,0.2203513484040952,1,bridge
-2.9079369503425117,0.47014739679958045,1,bridge
0.6891962136380975,-0.502085409882278,1,bridge
-1.1072169467411144,0.32639655944989165,1,bridge
2.8959039063995045,-0.14785010953796962,1,bridge
-0.6204119779703178,-0.008875564909676482,1,bridge
-2.4035764638975996,0.5867040682128712,1,bridge
1.4653169278838953,-0.5312097634018482,1,bridge
-1.5297823147281333,-0.4023662284079845,1,bridge
0.07820514311743924,0.9870492285115109,1,bridge
1.3773060914614408,-1.0935292635367235,1,bridge
2.7686905489081832,-0.004894281323326442,1,bridge
2.055731388665087,0.9478352621486172,1,bridge
1.2411573587103735,0.24563161758337335,1,bridge
1.1772714344353006,0.1391640870112616,1,bridge
3.030728316750536,-0.49790934777774876,1,bridge
-1.4144346555069427,-0.3458686010071868,1,bridge
-3.4854438988906904,0.8685481860807638,1,bridge
-1.617608984130937,0.16866359542793602,1,bridge
-2.0576175218694073,-0.01827824868708077,1,bridge
1.156411658936237,-0.9552288505699351,1,bridge
0.9995761756299009,-1.1630207489245246,1,bridge
0.6681288009440132,1.1289236798675555,1,bridge
-3.4286695920620773,-0.2894077958877865,1,bridge
1.6036739894330896,0.26669633290966593,1,bridge
-1.3035928166482436,-1.0242571840954762,1,bridge
1.2082899587383573,0.4424047316039014,1,bridge
0.40014121624155025,0.9767686725914564,1,bridge
-1.1892913675923114,0.1656012432936614,1,bridge
-2.57299984829343,-0.8277815488901824,1,bridge
-2.815902640864922,0.21207208291775692,1,bridge
2.303975950736789,0.6381872595820118,1,bridge
2.9149880084988973,-0.12979414840963788,1,bridge
0.987296216997733,0.8435688461444688,1,bridge
-2.747634146622534,0.30136631028536387,1,bridge
-0.7182329417832717,1.0438329744578998,1,bridge
1.4947521318858492,0.29871079379605603,1,bridge
1.9401833195369573,-0.8970380190029115,1,bridge
-2.623412158183862,-0.5167001096023283,1,bridge
-3.5191314404123206,-0.6933073108743528,1,bridge
1.5718585704204107,1.0084065879968427,1,bridge
-0.9823783706691348,0.5702354434482134,1,bridge
-1.7016927705581597,0.4163423061064932,1,bridge
-3.416137624769202,-0.4944566244857612,1,bridge
0.2786815369422832,-0.7454936897585489,1,bridge
2.444883966225897,0.559520099062356,1,bridge
3.1883080543039894,0.0005764428354490675,1,bridge
0.4867580123963822,-0.6123138857586099,1,bridge
0.05443773268973091,0.2617339696600194,1,bridge
-2.9583999930115255,-1.1140196904496338,1,bridge
0.2859498582544296,-0.42401249760607235,1,bridge
-0.7378637198583801,-0.11437864063160207,1,bridge
0.7764641112685672,-0.8670714690491776,1,bridge
-0.763690954780166,1.1496572278342843,1,bridge
-1.8707818693621043,-0.6175229064495694,1,bridge
-2.8040759583676227,-0.839821572479641,1,bridge
-1.3013994552003965,-0.6647835673046174,1,bridge
-2.8127777129291465,0.6642430002335576,1,bridge
-2.3105523600252904,-0.23465276819413905,1,bridge
3.4193665529277,0.15492370017722218,1,bridge
-0.4124667785639939,-1.1010536002520652,1,bridge
0.18482180768360648,-1.1802780908924095,1,bridge
2.65203501795087,-0.09819102007149808,1,bridge
3.3920969130083143,0.8761030449470347,1,bridge
0.6072399586284781,0.9776641411976433,1,bridge
2.221541053986851,-0.9212027809923641,1,bridge
-1.2553950134208354,0.10298838256456272,1,bridge
-1.4008087209255855,1.0401478445084986,1,bridge
-0.6922252371013988,-0.3047580501627745,1,bridge
1.2216526492386546,0.8307511860451459,1,bridge
1.2676990751949802,-0.8464110227383149,1,bridge
-1.2716458344442503,1.0594423339046,1,bridge
-2.479381548416729,0.6692163330610512,1,bridge
0.9013879568010745,1.0322633007961945,1,bridge
-2.6874779632138197,0.41452848470233233,1,bridge
0.5907437367568429,-0.32305746113346034,1,bridge
1.4381206251905396,1.0001542655048639,1,bridge
1.423918892913718,-0.5272931396679592,1,bridge
1.719917340849494,-0.48873246769953427,1,bridge
2.603821332797892,0.5342879299255873,1,bridge
-0.05621323045706257,0.6390909871892252,1,bridge
1.6438871014051455,1.0045237160427811,1,bridge
0.7666446274259355,-0.7501928988798532,1,bridge
-2.2085268607576323,0.7034663330451781,1,bridge
-3.3703893772288382,0.606923513691333,1,bridge
-1.5018690660047156,-1.019506116054487,1,bridge
-0.41708113949355197,-0.3059413584594264,1,bridge
0.8285797161631069,-0.5636648866871451,1,bridge
2.450832841270756,-0.4363780462343447,1,bridge
-2.175612934443046,1.1229551407005305,1,bridge
-2.5898076175342095,0.34566128105580224,1,bridge
3.2419213497281367,0.5286105108306127,1,bridge
-2.793114534758445,1.1594854361423588,1,bridge
-0.03851618143938644,-0.2518022005925736,1,bridge
0.6227676098889695,0.6612682574433681,1,bridge
0.28195791868210274,-0.2526836543322355,1,bridge
-2.8270146744343068,0.8585084482945337,1,bridge
-3.0087208215053343,-0.676345480461263,1,bridge
-2.7688834788884447,1.1755555299586398,1,bridge
0.616483661430026,-0.5833890430355945,1,bridge
0.2610140725401004,-0.4267198516337988,1,bridge
-1.8711740932811909,0.5257556077570316,1,bridge
0.9544658652311474,-0.3721396153256159,1,bridge
2.2497138660706284,0.2290053961620014,1,bridge
-3.192309257141993,-0.14292727894083956,1,bridge
0.01490102727769986,0.6467191190682744,1,bridge
1.3370550175338298,-0.6086147213382117,1,bridge
-1.7943536418436485,-1.0483305766819142,1,bridge
-1.3925270182350105,-0.524661684611698,1,bridge
0.7681449399525033,-0.10969818222801184,1,bridge
2.7714350245099966,-0.7840454903839997,1,bridge
2.222009656643901,-0.31363395588268084,1,bridge
0.523764584354439,-0.22044669298315628,1,bridge
1.593681271892209,-1.113989473128476,1,bridge
-0.8985922336347067,0.23247077708169522,1,bridge
0.9717648229664732,0.9437197754861606,1,bridge
-0.21370807961495988,-0.8893503292221832,1,bridge
-2.177424146943469,0.1955231836486209,1,bridge
1.425007080007036,0.42979889051410947,1,bridge
0.3838288342512773,-0.20532214375100252,1,bridge
-0.9562956526884425,0.5620915747560709,1,bridge
2.8021215101800934,-0.18918783181834228,1,bridge
-3.3716267756322944,-0.013202068263619741,1,bridge
-1.2747593074188126,-1.182862973088922,1,bridge
-3.0751454531561646,0.46329744355513897,1,bridge
1.9403388446890812,0.350802913805253,1,bridge
1.3952009454532694,-1.1534673043256545,1,bridge
-1.1065603807527369,-0.2811302475612056,1,bridge
1.196689124116528,1.1919400827521067,1,bridge
-0.6620070960511191,-0.1600431763576718,1,bridge
1.8346498962919588,0.08043487703261026,1,bridge
-0.3663872898246685,0.9567437177827445,1,bridge
-0.5986899433157499,0.6051420403813719,1,bridge
3.040547616641497,0.15192225877042884,1,bridge
-1.7125670710813483,0.6640969570501494,1,bridge
-2.6680321994457077,0.786481095386873,1,bridge
0.576439481533121,-0.1257583935219003,1,bridge
3.3537074151273956,-0.08492604100506765,1,bridge
-0.8600615486324773,-0.24718089042286157,1,bridge
-3.0244215383889412,1.1322892831253277,1,bridge
-1.1361307030852377,0.413550341745884,1,bridge
0.12485474319828527,-1.0199009530219172,1,bridge
-2.400455685041279,0.85252999489686,1,bridge
1.0760083498330848,-0.13545525434105116,1,bridge
3.5604715821271995,-1.0840379609366986,1,bridge
-0.36007098767465606,0.08078073086124213,1,bridge
-0.9368463875802919,-0.12712447946726774,1,bridge
-0.6504788031789926,0.9161711074681672,1,bridge
-2.7017092365616335,-0.6773045136400953,1,bridge
2.592250536382709,0.7085832879237784,1,bridge
-0.5971863265641278,0.1981635829957862,1,bridge
-0.7839976173494396,-1.0038801691364696,1,bridge
1.176192797178539,1.032511474823932,1,bridge
-0.32634369467012986,-0.004989250348112519,1,bridge
1.003384922697735,-0.4771072711934265,1,bridge
-3.0298168808850785,-0.04120415654887158,1,bridge
2.2343335138562597,0.8249339439176122,1,bridge
3.1371983052763404,-0.4835074746285303,1,bridge
1.0662921987224785,-0.7674457014841765,1,bridge
3.0848366174635866,-0.8847081050185786,1,bridge
-2.447744921036645,-0.42527851729039734,1,bridge
-0.21587205238337015,0.6335633010390441,1,bridge
0.702516848972227,-0.018055698642951153,1,bridge
0.621156743755002,-0.6931277547528485,1,bridge
-0.6745100045829489,-0.8435373615614461,1,bridge
-1.0760045911162985,-0.3605195254579294,1,bridge
-2.5951441461113913,1.1019153138260818,1,bridge
-0.8227191430474976,-0.3341653929458087,1,bridge
-2.487416644590241,1.105707911880218,1,bridge
1.6480001735295084,-0.05874445506674782,1,bridge
-2.0488797748554286,-0.7288571665034718,1,bridge
-3.138890149977357,0.9408133123326172,1,bridge
0.2815316022380714,-0.1488317467862886,1,bridge
0.629870968362176,0.5261271213671307,1,bridge
2.5936668547202997,1.1251674367523907,1,bridge
0.5721651781090926,-0.9898529168124517,1,bridge
-1.0722024698574812,-0.8906909833889259,1,bridge
2.2014865330428806,0.5593010508283932,1,bridge
0.2301720495096776,-0.4555696568523785,1,bridge
-2.900985062978786,-0.7544370798135932,1,bridge
0.46331885934916295,-1.0672596137138985,1,bridge
2.8908632741575655,-1.0736818764680118,1,bridge
-0.747637364675733,0.6710403815772136,1,bridge
-1.3721353680068702,-0.8901191328887942,1,bridge
-2.480952562956597,-0.16270161957809376,1,bridge
-2.4738535956983863,0.2499956801446846,1,bridge
-0.47120081105292716,-0.13078451940665334,1,bridge
0.6577809761838516,-1.0876623630146591,1,bridge
-2.911233246280898,0.7056218594969018,1,bridge
3.0179912857074345,-1.2018332158481435,1,bridge
1.7844677370105864,0.529694668058582,1,bridge
0.6261327906181051,0.9191700301912579,1,bridge
2.3007218619325873,-0.17640143301548414,1,bridge
-2.871345640095757,0.06965548707521504,1,bridge
-0.12342671716457654,-0.024312039868734734,1,bridge
0.910277848194607,-0.1666154947530049,1,bridge
2.3114047977029077,0.9359953449809193,1,bridge
1.999070197918974,0.9346038361501541,1,bridge
-1.5403502717978614,-0.4070018155105218,1,bridge
2.9948782871312,0.2823866479806608,1,bridge
-2.644655424772375,0.9831634611326538,1,bridge
2.5517133769383933,1.1149503253965463,1,bridge
3.3604957946053045,0.044042313829504035,1,bridge
-2.2629678134417675,-0.1027361641388914,1,bridge
1.5447954019425159,-0.508256545071299,1,bridge
-3.173161501952349,1.1229798761244107,1,bridge
-0.6409239841534216,-0.9458405033774404,1,bridge
0.05755136866475754,0.22343449043431027,1,bridge
0.5609713132410704,-0.5554301002383893,1,bridge
3.0348023890785973,-0.5851720613154859,1,bridge
1.1185281666290599,-0.28329798168989756,1,bridge
-0.16556815312720136,1.218780126481197,1,bridge
2.158548237760402,-1.0792096099456696,1,bridge
3.14798220010627,0.1044019244892049,1,bridge
-3.4196485304078297,-0.9779249299557206,1,bridge
3.435232184944645,-0.9011304145626959,1,bridge
-2.9021801794988096,-0.13805787181913265,1,bridge
2.2025851087143575,0.03702926151511188,1,bridge
-1.5176246502231208,-0.53461936584039,1,bridge
-2.6141462084180813,-0.3514186465780586,1,bridge
-0.3981927233465209,-1.0595129676807877,1,bridge
0.9893423238323854,-0.47489621157695117,1,bridge
-0.8781663618680343,1.105923489761095,1,bridge
-3.0893697673533373,1.088985200312004,1,bridge
0.7708116705511069,-0.38550866512455506,1,bridge
2.853064401449015,0.1524221349321967,1,bridge
-0.7713435601122168,0.9609838292357236,1,bridge
-2.011702086912326,-1.2409813684210502,1,bridge
-0.481839564928715,0.7950336479305458,1,bridge
-3.0869541465535417,1.099047135773382,1,bridge
2.3461388358321615,-0.9349298277097061,1,bridge
2.361526015339791,-0.8280453603447651,1,bridge
0.5992139470584118,1.0729493532165313,1,bridge
-1.0860114943677157,0.03618059140536964,1,bridge
2.045199416229505,-1.14798219808083,1,bridge
0.2986225451378677,-0.6336728641939416,1,bridge
2.276157228929611,-0.0277020283064094,1,bridge
1.0004954459852669,0.39759925740477053,1,bridge
1.9837551808959688,0.5732679134889441,1,bridge
0.7050570975417336,1.267354366381784,1,bridge
-0.5322326742751262,-0.4800186335157879,1,bridge
3.1854162538913426,0.10051193010892955,1,bridge
0.38957334698789314,0.03155233251495723,1,bridge
0.8352313501586417,-0.2955398367550152,1,bridge
-1.9631420910307793,-0.7555089493323123,1,bridge
0.8506788127899745,1.2212031136799695,1,bridge
0.5361154487001224,0.8260187484758978,1,bridge
-2.223507461496768,-0.06095380747464823,1,bridge
-3.1407180793813607,0.12488054291422052,1,bridge
0.7945771706795469,-0.7036117136399374,1,bridge
1.9066682548160978,0.09940612681524058,1,bridge
0.17158517664223538,0.5478844815333788,1,bridge
-1.9757348604488891,0.0700575527394616,1,bridge
1.1041775242903749,1.1919386796391964,1,bridge
-2.933898449311827,0.2472139919294862,1,bridge
-0.4321576181115693,-0.33882137564159215,1,bridge
-2.373487337818139,0.7234472461534096,1,bridge
-2.1576884848278164,-0.7808530451661395,1,bridge
-2.0472833900214464,-0.38229208170101137,1,bridge
-0.724143466667274,-0.4009755014886561,1,bridge
-3.1914797218260795,-0.20657377332991583,1,bridge
-0.7326054919306483,0.6489583817700699,1,bridge
0.11990121457591164,-0.009839189793567796,1,bridge
-0.09453608818507886,0.700262436548598,1,bridge
-0.743892278049335,0.17973009718549499,1,bridge
2.395053091790471,-0.31335969875560526,1,bridge
-2.3903076978511932,0.7091259303509994,1,bridge
0.06687809655577505,-0.5348948143782127,1,bridge
-3.012601708924687,-0.6950462280490451,1,bridge
-3.0180859951938546,0.01526692756223432,1,bridge
0.5177753083338736,-0.5880219894611248,1,bridge
0.5076761944067203,-1.1720201594420327,1,bridge
2.7268834984408516,0.37814366527078,1,bridge
0.44157757708605,0.048316933538199144,1,bridge
3.2143785542372205,-0.1684131117474422,1,bridge
-3.0902693097240745,1.0645787012115782,1,bridge
-2.9235451393488066,0.29603663105627853,1,bridge
-3.262650694082674,0.8480365697144953,1,bridge
-2.1689803364818006,-0.8303588111740162,1,bridge
0.28959619440440304,0.08571344598446656,1,bridge
1.049280952548204,0.8691704681589333,1,bridge
-3.177683518237721,0.19309384827263312,1,bridge
3.150343513649389,0.5468747810011954,1,bridge
2.3544374955030083,-0.44321814430029927,1,bridge
-1.3951883205963636,-0.9698141284571236,1,bridge
-2.909966562004345,-0.15852636446342333,1,bridge
-2.2497629572700375,-0.23703217642699573,1,bridge
-2.510711388982756,0.8291279778675655,1,bridge
-2.6248086227322527,-0.6571854091503457,1,bridge
0.1436273750024966,1.1064807655645958,1,bridge
-1.8552265257548903,1.0469150140506311,1,bridge
-1.01959255435291,-0.6294607789653148,1,bridge
3.4168832299899266,-0.4243440952815966,1,bridge
1.342715720091231,0.8576752555123875,1,bridge
3.112314613124528,1.170791182772126,1,bridge
-2.462287113780749,-0.20054858783469068,1,bridge
-0.8251047620201841,-0.4385411348422444,1,bridge
0.3742642172207418,0.1002701858783901,1,bridge
-2.9502488683221713,0.4198988901519614,1,bridge
-3.490245713216937,-0.5849194580873254,1,bridge
1.1715884741737894,0.5788475235191458,1,bridge
0.9074973223205417,-1.0201256517885038,1,bridge
-0.6368760403691119,-1.140158980619724,1,bridge
-0.09648987508320764,-0.2804168992515634,1,bridge
-0.6176980453228268,-0.4382890688026369,1,bridge
-3.311121032956276,-0.46214033330294396,1,bridge
-1.1194671588382374,-0.019842335367712162,1,bridge
-2.2488144869868547,-0.47297063453998234,1,bridge
-2.761259916767945,-0.761430587367841,1,bridge
3.2258211335169666,-0.5276844206027302,1,bridge
0.6807652658048772,1.1436241853136384,1,bridge
1.5774511753704992,-0.16054308676820583,1,bridge
-1.2768126852988353,-0.18754652902851726,1,bridge
-0.7192817380467987,0.15257438755511687,1,bridge
-1.771639827371361,1.1851451565168527,1,bridge
-2.7616816509950217,-0.5595524005880319,1,bridge
-2.273852188234272,0.3604175746673945,1,bridge
2.0774980030690373,0.5099240276293404,1,bridge
1.2763715265323192,0.27173514141933447,1,bridge
0.38190202080128693,-0.9925148044034966,1,bridge
-0.12742241649738367,0.3006538586423292,1,bridge
2.953846093951304,-1.0211181930477402,1,bridge
-3.0535564981707473,0.3067091764742848,1,bridge
-1.5857411261468677,0.5808279128906576,1,bridge
-1.0368033492890312,-0.7452275651768322,1,bridge
1.9940919644607324,0.7942364557844436,1,bridge
3.39266837246208,-1.03865521333801,1,bridge
-1.8130779161554649,0.8706489998229625,1,bridge
2.6517125568081537,-0.06320894753814738,1,bridge
2.2567979901471817,-0.6599683149873344,1,bridge
-1.872148356417413,-0.9119893076240254,1,bridge
-0.7235484960334333,1.0779086431649056,1,bridge
-0.5694092593235338,-1.0294987265891498,1,bridge
3.3208720573971133,-0.6946970763505562,1,bridge
-2.285087964491921,-0.2897804214473445,1,bridge
2.071198948241389,0.3444805443463455,1,bridge
-1.1654084069420965,0.03655338687283405,1,bridge
1.596668425094549,-0.887255869765394,1,bridge
-0.5707230410090159,-0.46781467176989,1,bridge
0.5652165992995901,-0.5960527328863104,1,bridge
2.3197234447930977,-0.7189588373925516,1,bridge
2.1258533351895887,-0.06754813165961301,1,bridge
2.4795009648177713,0.42582125810342064,1,bridge
-3.0630938217868633,-0.7322723850119363,1,bridge
1.3398937063936305,-0.3082909346497658,1,bridge
-2.439573713923516,-0.15595802283301785,1,bridge
-0.6362482822338207,1.1016859281097757,1,bridge
0.24970413895784357,1.0779078382274156,1,bridge
-0.6499201820756826,0.7741948822557668,1,bridge
0.15460808153670233,-0.6209116977783422,1,bridge
3.425262510563777,-1.0534406389065076,1,bridge
-2.6299662517602216,-0.41114842437616456,1,bridge
1.305062153889193,-0.5460671818473263,1,bridge
-0.6572877157703542,0.06574385963318496,1,bridge
-2.693304245584005,0.7311204286159716,1,bridge
-2.4117538078426586,0.8753252063095275,1,bridge
3.2281213464585137,0.8422604412541358,1,bridge
2.6334073490934404,-0.32607310395033073,1,bridge
2.8247631112038203,0.47381895213810327,1,bridge
3.426591464410237,-0.4464393940482987,1,bridge
-2.097837118628782,-1.0538571203516758,1,bridge
-1.0971634256629699,0.5435879934884236,1,bridge
1.2371605750108041,-1.100608064814757,1,bridge
-0.20552906628785292,-0.2933394373312985,1,bridge
-0.5589096937462276,-0.4089886960879898,1,bridge
-0.9509922800129661,0.42967137077298406,1,bridge
0.5839031086591078,0.6234405613006057,1,bridge
0.4829405803508203,-0.4500470631821527,1,bridge
-2.3091362021307402,0.7813767532447718,1,bridge
-0.17117655135957444,-0.5002060969687262,1,bridge
0.34343814812500495,-0.2244837527683931,1,bridge
0.5521210212877916,0.4965921858051125,1,bridge
-1.9689228634408222,0.5078335336495008,1,bridge
1.7093523804167932,1.0326630124475336,1,bridge
-3.368614347646196,-0.6002421842976635,1,bridge
-1.036849446371451,0.4156244920272248,1,bridge
1.975807876947204,0.3290453839383668,1,bridge
0.4378207059304421,0.9863078314320235,1,bridge
-1.6249151135122357,-0.9278011312534451,1,bridge
1.2881831313958676,0.6258337246839639,1,bridge
0.39702343263920176,0.22757733524696114,1,bridge
2.0827488217688317,-0.49456582223335593,1,bridge
1.620599082638419,-0.09449078022118404,1,bridge
0.7394030235187551,-0.3945981132593529,1,bridge
-0.1711591087830215,0.16371035325330985,1,bridge
-2.566747828087427,0.8926381427457295,1,bridge
-1.673306630202352,0.21410139114827728,1,bridge
-0.533629740482816,0.2562571884205436,1,bridge
0.6985403157007694,0.00030401154622208826,1,bridge
0.0893247825951088,-1.1324040662044772,1,bridge
-1.4238582864437768,-0.7156518396623262,1,bridge
-3.5203728606444535,-0.011875134770871166,1,bridge
0.0004940142480764423,-0.39736016658860973,1,bridge
-1.584175438304066,-0.7730112031853971,1,bridge
1.600340010973705,-0.06536856942395636,1,bridge
-3.393008999737781,-0.3832592687380578,1,bridge
0.6328918059131317,-0.49625656868205603,1,bridge
3.0870491508626876,-0.11874711435041582,1,bridge
-2.2798102924491523,-0.9040454939386704,1,bridge
-0.25379021413230507,1.052372790885147,1,bridge
-2.8750307320766773,0.9635787223954263,1,bridge
0.8416001206640125,0.47229769849102354,1,bridge
0.37289451491629005,-1.0117093028376154,1,bridge
-0.6979958872767542,0.6936763410408836,1,bridge
0.21612886857644226,0.7790509911187604,1,bridge
2.6922435868018666,0.6429416550361718,1,bridge
-2.1662658754453585,-0.9543885338966938,1,bridge
-3.2581883925642647,0.39509803351223766,1,bridge
2.509897255495605,0.8287813100259549,1,bridge
0.4740756434951247,0.1472263870820278,1,bridge
2.74556276635978,0.35383243711269724,1,bridge
0.6548469517814812,-0.16751302597809758,1,bridge
2.129334116937002,0.1031920905436223,1,bridge
-0.5470799970539003,-1.1306072184250022,1,bridge
1.8874381992991789,0.31172571111664615,1,bridge
2.878712673219785,-1.0061704133188396,1,bridge
0.4085823780388001,-0.15394958861695146,1,bridge
-2.1598184581130666,-0.45288126251994315,1,bridge
-1.5878631495330842,0.13858160707437256,1,bridge
-2.147811283269149,-0.887621258683943,1,bridge
-1.8186567612641766,0.49812757222191345,1,bridge
-1.3214182147348337,0.7280645513129094,1,bridge
0.3735905908978466,-0.8292793024307262,1,bridge
0.5196425153245743,-0.955884498267307,1,bridge
-0.42513977107673856,-0.8581739857524942,1,bridge
0.7862459356350499,0.9303692157151143,1,bridge
-2.854196933896317,0.049303097479172706,1,bridge
-2.8215605926945946,-0.09809406890307544,1,bridge
-2.3472442547205317,-0.8454537686826518,1,bridge
0.17820197950057054,0.4059211903040635,1,bridge
-2.034609376604989,0.8451689873269587,1,bridge
-1.6103442048921557,0.8161931360733969,1,bridge
-0.7190400550901486,0.3084488048366819,1,bridge
2.202944743161473,-0.9997535212729785,1,bridge
-3.426101881009796,-0.9233800685493136,1,bridge
1.030299324610102,-1.022176298662159,1,bridge
1.2393140195312282,-0.5647688631855015,1,bridge
2.0959151615109604,-0.8775169137258076,1,bridge
2.987105657857945,-0.5237751745450078,1,bridge
-3.3239335411716047,-0.26419641422009843,1,bridge
-2.4136302830597742,1.0692326107371783,1,bridge
2.577118818318849,0.28060367360036675,1,bridge
-0.26895241900232003,0.7992566344707914,1,bridge
0.47172590792004976,0.5053049513593708,1,bridge
1.1421964825410749,-0.9593272161741775,1,bridge
1.2980512605229406,0.5286506143162834,1,bridge
2.9885631439992317,-0.5896912035822234,1,bridge
3.4954709113227325,0.26425966844744153,1,bridge
1.4627542579582142,-0.4256771313260554,1,bridge
-1.4690970163940025,1.1857000801118358,1,bridge
2.7559198008374,-0.5623205700854513,1,bridge
-3.2051964158380457,-0.5436516982991348,1,bridge
-1.9204241364779155,0.9158282388433879,1,bridge
2.7461992501014265,-1.0621241109847084,1,bridge
-1.7001594876344355,0.5263775770401916,1,bridge
-2.0085943962904467,0.563071330326964,1,bridge
-2.5120605790837205,0.9026831194126219,1,bridge
2.556124300801874,1.089786139658155,1,bridge
0.02712517501029639,1.2358258620072657,1,bridge
1.13583165009718,-1.091596485678014,1,bridge
-1.7767769282168622,0.7843512708715339,1,bridge
1.8531513177911996,0.287451974521005,1,bridge
1.861546883352005,0.3543558272726372,1,bridge
-1.2931717132091078,-0.872651851224813,1,bridge
-0.6142121032177634,0.35271468291284025,1,bridge
-1.980548588082274,1.1936520656475014,1,bridge
3.4321028376405023,0.9933152893690355,1,bridge
0.9715660162406385,-0.17220715048723412,1,bridge
3.0957134347983475,-1.1324655300034905,1,bridge
-1.3806120494964405,-0.28994993536872354,1,bridge
1.9667527383767984,0.7506496463509841,1,bridge
1.7841839726740925,0.5293679920406454,1,bridge
1.3273500925900206,-0.03643963693290814,1,bridge
3.209609578969182,-1.1511920087361118,1,bridge
-0.7683053687310882,-0.11880633385902192,1,bridge
-2.6398880540606067,0.028680990245155455,1,bridge
1.1795165953427753,1.0411334670060224,1,bridge
1.5848630854892731,0.3685608578619237,1,bridge
0.530261760133643,-0.40018273381038466,1,bridge
-2.1330122411807926,0.046989718922780296,1,bridge
-0.041084315701778715,-1.0323532500499224,1,bridge
-1.2965761304795678,1.0684537890782126,1,bridge
-0.5476062086866814,-0.328924483939735,1,bridge
1.0702565204241437,-0.028212748426246978,1,bridge
1.7277666849365938,-0.32151031068506225,1,bridge
-1.8440890561802779,0.4912993884587593,1,bridge
-0.5921878594502821,0.3506170710842469,1,bridge
-1.6313545436489243,0.4901432074362508,1,bridge
-2.13830303823773,-0.46168088163182225,1,bridge
2.027295669250809,-0.4499120638944271,1,bridge
2.890244539255431,-0.8893953560034845,1,bridge
-0.917741215699028,0.3698734303444093,1,bridge
1.828525368964165,-1.145570935709685,1,bridge
2.7683548100588813,0.3156140658008921,1,bridge
2.4245081555894106,0.8608850530478909,1,bridge
-2.2192451476837056,0.8816328797097739,1,bridge
3.147313475848606,-0.14484638897722962,1,bridge
-0.8593856475194431,-0.1977564483748997,1,bridge
-1.055477362913221,-1.0478383340299176,1,bridge
-3.0407322932867284,0.3614296311706695,1,bridge
-0.09523124994587252,0.8018940404411953,1,bridge
-2.744993054571782,-0.6464985809266823,1,bridge
-1.7436779020877007,-0.14448768730098235,1,bridge
-1.243913316204571,0.8831386078901147,1,bridge
2.192246205986276,0.9441478892038709,1,bridge
2.611827309680177,-0.6271374618088615,1,bridge
-1.3664966980642064,0.1284252477345538,1,bridge
2.534883835769431,-0.814265685481218,1,bridge
2.4502568122121886,-0.9621799346911262,1,bridge
1.8609681797532993,0.9436672799373563,1,bridge
-2.5811993962088473,0.803934329214527,1,bridge
1.356386613796162,0.7527213837898411,1,bridge
3.1481856047921157,-1.0579697530497725,1,bridge
1.3151606576594226,0.7253920950568847,1,bridge
-1.198434398853641,-0.16675572747279757,1,bridge
0.019507563767020945,-0.3721271578212141,1,bridge
1.0912729957344334,0.1159111377239167,1,bridge
0.144681343514088,-1.0172928737439035,1,bridge
-2.661788042844539,0.628216305577604,1,bridge
-1.3085857058993775,0.13571914268594074,1,bridge
2.1723177711121493,-0.7994292036386512,1,bridge
2.4548862219055136,-0.715952838474105,1,bridge
-2.5550535581248597,-0.8085863977695731,1,bridge
3.2334857895679106,-1.0362836896007457,1,bridge
-1.1494816479754963,0.14224308975924066,1,bridge
1.1546593599975348,0.905076920402006,1,bridge
1.6874844014302366,-1.19671778255047,1,bridge
2.181128130813126,-1.0935721806591157,1,bridge
3.0907521457690144,0.19117932710319027,1,bridge
-1.2930112186573812,0.7385221473014707,1,bridge
2.4690778476211372,-0.4086563645817141,1,bridge
-2.629477845695281,-0.3321576066354605,1,bridge
1.3320430805909673,0.2792622556174365,1,bridge
1.7549343408467366,-0.5023141943033994,1,bridge
1.2240741628370901,-1.1447304446036919,1,bridge
-1.7259395578688024,0.5572168547416505,1,bridge
2.6111901232827144,0.419015218960739,1,bridge
-2.37136245305526,0.2413088511460464,1,bridge
-3.187509704926594,0.5339507267643648,1,bridge
1.4719891779835232,0.42555341833716764,1,bridge
-0.20782841531233395,-0.7226403853109389,1,bridge
2.4620164520614227,-0.3608121990321127,1,bridge
-0.8560058957682178,-0.9588104178567044,1,bridge
-2.234725348866279,-0.9089393295163831,1,bridge
2.406452899083746,0.5134475799153899,1,bridge
0.3827853989637869,0.8895940718017707,1,bridge
-2.1816123983911733,0.9860001308591604,1,bridge
1.6184020268911448,0.36886925674356386,1,bridge
0.06689518787044775,-0.7036753477882453,1,bridge
0.7286278049745267,-0.9644034361378871,1,bridge
-0.2652129055664636,0.7867055088773794,1,bridge
2.336054038753212,0.1460455827231381,1,bridge
2.3387844137314984,0.26037126461960974,1,bridge
1.4419654888484736,0.7504363310447949,1,bridge
-2.7888400441960615,0.4742788445643985,1,bridge
2.4039721811860866,0.7092132237568822,1,bridge
1.23285269292493,-1.0682517880353584,1,bridge
1.3595016057889533,0.5901201085458938,1,bridge
-1.0384795206568211,0.9019650460417018,1,bridge
2.6445910882986343,-0.5125590769912576,1,bridge
1.6087774915852953,0.31599434201179216,1,bridge
-2.62159589197465,-0.3937582395297066,1,bridge
-0.7054516572738945,1.1051700711829453,1,bridge
2.6833339710794633,-1.1572845602330768,1,bridge
-3.189093266194616,0.24925270322617288,1,bridge
3.2977066044659216,-0.7907083988553237,1,bridge
1.252390903214008,0.5094747907591527,1,bridge
0.8742655155350233,-0.7689679002246282,1,bridge
-1.5781504404379691,-0.6886135900147716,1,bridge
-1.778689404827808,-0.039892742299097506,1,bridge
3.0331881727522703,0.9957830100841467,1,bridge
-1.4567314857249483,-0.7016186915961039,1,bridge
2.0152391747541265,-0.7902025301757218,1,bridge
-0.7289369514679725,0.6324146890860236,1,bridge
-2.5198335017344453,0.04423207373325441,1,bridge
-3.4374876029230896,0.988754037445044,1,bridge
0.3244088012126956,-0.7953106386290724,1,bridge
3.3444635271426533,0.37010333108395216,1,bridge
-0.9014382019252022,-0.6404190249662208,1,bridge
-0.9939114075347983,-0.8244391256840166,1,bridge
-1.0479187581386278,0.39250866506290116,1,bridge
0.14496207843404565,0.25018887378777527,1,bridge
-0.4642427578075772,0.6095756633427759,1,bridge
2.6287812425440578,-0.4823894145382226,1,bridge
-0.060305392610053354,-0.06954493614214047,1,bridge
0.15564572312210093,-0.28937877810173573,1,bridge
-2.4882611073584693,1.1406899187480122,1,bridge
3.3376732616162395,-0.4472165663864923,1,bridge
-1.7642820063880473,-0.47666248092174685,1,bridge
-3.018295351493103,-0.35147724519398016,1,bridge
1.2191511033951676,0.16757597225427906,1,bridge
0.5965707328845623,-0.5854547052145693,1,bridge
-0.5882566191098408,0.9208627295959615,1,bridge
-0.5500807549634962,-0.5798177385883657,1,bridge
2.036789378860474,1.0307838384701546,1,bridge
-2.1352119806886916,-0.9846260539870552,1,bridge
2.1538627887814568,0.3598354350539489,1,bridge
1.0286739055330052,0.9496842060863253,1,bridge
-0.6158196944404958,-0.7993521090101559,1,bridge
-0.2898207065850915,1.0948285626719971,1,bridge
-1.6317606978713133,-0.08874285989486902,1,bridge
1.67782906666721,1.079581930872972,1,bridge
0.05011205936687884,0.4630454854674637,1,bridge
-1.2816528484402696,-0.5287385706129243,1,bridge
0.6532692555559912,-0.7650909643430898,1,bridge
3.5071474475645235,-0.4823220206403682,1,bridge
-0.4618412632821924,-0.9539758722651502,1,bridge
2.965629941736359,-0.8943779406363603,1,bridge
-1.116170772714626,-0.9030322529555279,1,bridge
-3.1053748342542016,-0.12561471549438108,1,bridge
-2.0314153738771124,0.6599444856364283,1,bridge
-0.6057489741930652,-0.8852231146254619,1,bridge
-1.923487593847691,-0.9138275358009985,1,bridge
-3.4957920940358327,0.4758487890754688,1,bridge
2.957283776256803,-0.7482558485370353,1,bridge
2.3970848836126546,-0.8818546364306133,1,bridge
1.715107853166735,-0.8628950120619441,1,bridge
-2.327328142061726,0.9674728017960443,1,bridge
-2.662265579632127,0.737200780070448,1,bridge
-3.0138202322820336,-0.3925295159201003,1,bridge
1.5950446948716934,0.36057490487781774,1,bridge
2.9391774792189964,0.05402270666721643,1,bridge
-0.41456757316784715,0.3841311527214247,1,bridge
-2.7589984480551526,0.49633436573428885,1,bridge
0.052509139637801294,0.37015131726964134,1,bridge
-1.062890101327834,-0.5138918905916936,1,bridge
-0.8556077310957186,-1.08018464239002,1,bridge
0.92812299547702,-0.10200256993476121,1,bridge
1.4381122184241613,0.9134857887243936,1,bridge
-2.7511595143073597,0.11913554520682762,1,bridge
-3.3572100587446285,0.8158882852562133,1,bridge
3.461893217495517,1.1212169034796078,1,bridge
-1.8573173783661356,-0.8570171565269067,1,bridge
-3.0436465385322236,0.5179119967509981,1,bridge
-2.1648409582838877,0.5133370289661634,1,bridge
-3.1750938190886315,1.1715578305681922,1,bridge
-0.7281318836028456,1.2207646191014532,1,bridge
2.0950500813090116,0.4357362522657115,1,bridge
-1.1817368890355575,-0.682208208547118,1,bridge
-0.3769660369368434,0.747142592444367,1,bridge
1.1545023141148036,-0.9146656117300054,1,bridge
0.12701884412264342,0.6772617577059211,1,bridge
2.5220166970474285,0.9723519250420157,1,bridge
2.6220085958958665,-0.2330893236267005,1,bridge
-3.4546358532685444,0.26423805628801933,1,bridge
1.9597666847024435,-0.20634647191214986,1,bridge
-0.2643973554415486,-0.19976919336651305,1,bridge
3.419631583225095,-0.4508612180087205,1,bridge
-0.13900844454178332,0.5747164384753161,1,bridge
3.4278944186416083,1.0126116449738505,1,bridge
1.7356773652659958,1.0225142840513466,1,bridge
-1.8202375741548087,-0.7935553329168568,1,bridge
0.3309061996750452,0.8250160368555596,1,bridge
3.4813078757946836,0.5741957090269565,1,bridge
2.5060088346935774,-0.5308250558100719,1,bridge
-2.735174624334263,-1.031742360372527,1,bridge
1.4312157017337301,-0.47974050223742676,1,bridge
-1.0148077379048597,1.0559996775695077,1,bridge
-3.4423454625912724,0.35851557211224633,1,bridge
-0.7268707543148224,0.5342654782867368,1,bridge
-1.7643170383366584,-0.581709337925898,1,bridge
2.281620435974505,0.5647215619977316,1,bridge
-1.1447367896301197,-1.1520919154081846,1,bridge
2.329024420653417,-0.3933548077181401,1,bridge
-3.515999599856328,0.3288082392067429,1,bridge
-1.3038084980641886,-0.90592167419758,1,bridge
-1.9313974281098643,0.727101517263124,1,bridge
-1.9160185392044526,-0.6359136854516059,1,bridge
-2.9737306744274132,0.3607184268865976,1,bridge
-2.202612884037434,-0.2981306381349903,1,bridge
0.39922410394377644,0.23877920735301028,1,bridge
-1.5278117732415604,-0.8938116906475679,1,bridge
-0.4858431739108592,-1.2158263587014315,1,bridge
-0.8024053553837966,1.0465787922551606,1,bridge
2.6213002140804953,-0.6308965202152585,1,bridge
2.816858200230442,0.8730910138916494,1,bridge
0.0021790196620049274,1.1778776996091065,1,bridge
-1.0897848252823228,-0.6852841309612686,1,bridge
-2.704707059192887,-0.65819189978423,1,bridge
3.2824102890444955,0.38775668699973215,1,bridge
-3.124528952151014,1.1285008319274004,1,bridge
-1.4574173985469763,0.9936463304528105,1,bridge
-1.4729836477126383,-0.0212528056952149,1,bridge
-1.2351029645360219,0.6609364521377483,1,bridge
-2.341211919602917,-0.8176836215833718,1,bridge
1.9745324602922807,1.1473919988395271,1,bridge
-2.6020520348319107,1.1914853805122063,1,bridge
1.0059630443328724,-0.8333746188297358,1,bridge
-2.70936093352362,-0.503124235141155,1,bridge
-3.03609913824436,-0.9188482937539512,1,bridge
2.9070137055072887,-0.629026510744547,1,bridge
-2.1924855699619896,0.6976207265888498,1,bridge
2.208840778100022,-0.23716829423571908,1,bridge
0.36334296913247033,-1.0464439753089396,1,bridge
-3.019479366224812,-0.46961129129575646,1,bridge
3.173058349676917,1.248746361582727,1,bridge
-1.7548396297665119,0.24154974622837672,1,bridge
2.4888264217727394,-0.19200775870881287,1,bridge
-2.279172176707392,-0.7968533079703384,1,bridge
2.4491563262331018,1.0262928976499632,1,bridge
-3.3369673349906463,0.7566717710731187,1,bridge
0.07617588111157601,-0.502033811643838,1,bridge
1.9196615627861655,-1.0141196611932022,1,bridge
3.0808698200986244,-1.0189226281036856,1,bridge
2.833037953308206,-0.9304670069319905,1,bridge
2.13469975940072,0.22946982277921998,1,bridge
2.73537723536232,0.9945657574891782,1,bridge
-2.1018477817842207,-0.07833914360627592,1,bridge
-1.4829186286391423,0.7581827391108116,1,bridge
-1.488546699171732,-0.20297763509623196,1,bridge
-0.8821438679281441,0.5510798082373403,1,bridge
-0.6463316567545943,0.4807658940346742,1,bridge
0.23826956950718953,-0.7687851637995221,1,bridge
-2.344144132516698,-0.34637766816167337,1,bridge
1.3099965535927556,0.3243927470187258,1,bridge
-2.343823155755476,-0.9621477755975361,1,bridge
-1.3436957668968654,-0.35422491772966785,1,bridge
-0.01675579946548432,0.11409879715234603,1,bridge
2.103645141176153,1.1928169508761883,1,bridge
1.7458168124685884,-0.06872039498777714,1,bridge
1.042241177935989,0.8735346732937003,1,bridge
-2.4044180761282044,-0.23510560312588602,1,bridge
0.27999539435408166,0.7757943260591735,1,bridge
-2.8620332241095796,0.26181585216275877,1,bridge
-0.7506402808369799,0.9038528098741669,1,bridge
-0.6244190191600404,-0.1322719484876556,1,bridge
-3.2401191028473164,0.1579251019521224,1,bridge
-1.6101377602592473,0.28595650062023215,1,bridge
3.1650755591407043,-0.2587050498923179,1,bridge
3.038163277124207,-0.8330469219064713,1,bridge
-1.013458850939439,-1.0311106284697535,1,bridge
-3.2405768461794624,-1.1383350812238147,1,bridge
-2.326848580642319,0.8871604133974376,1,bridge
-0.7168159484785918,-0.6564279077599373,1,bridge
3.0803569965325117,-0.6729514394220911,1,bridge
-2.528540007933893,0.5530538798256541,1,bridge
1.9179330252369142,-0.48639307074321175,1,bridge
-2.809683014278381,0.15457591127015682,1,bridge
3.2921731300090493,-0.8343318024375621,1,bridge
-0.8152191967579384,0.9925092775011255,1,bridge
1.9841161404939103,0.8016904255553,1,bridge
-1.1805795062086755,0.8097312606973714,1,bridge
0.9140666269535199,-0.18243572262516167,1,bridge
-2.1268374298216584,0.6457495458767941,1,bridge
-2.5808108891058783,-0.8347615869750105,1,bridge
3.10637404387228,-1.1978155170715894,1,bridge
2.9673612393231434,-1.1660324741655785,1,bridge
2.696693302827376,0.18929761459056157,1,bridge
0.9406514692810551,-0.11111188661171562,1,bridge
2.2147002572301897,0.08500350914868925,1,bridge
-3.011585545334515,-1.1652846923734062,1,bridge
-1.1790489762814926,-0.16054647134113487,1,bridge
-1.3527195213290542,0.548341532294526,1,bridge
0.9476390781999832,-0.09331299340906699,1,bridge
-0.9798076397203075,0.5717335972263462,1,bridge
-2.476661371546266,-0.6228120818136506,1,bridge
0.5653944776317047,0.8109811228157988,1,bridge
2.2641231394123986,0.17898268118812982,1,bridge
-0.8156243776879433,-0.7369556903658003,1,bridge
-2.59310021914447,-0.6911669379101437,1,bridge
-2.0803246993890743,0.3164188431479016,1,bridge
-1.7613849339901744,0.6991684116489079,1,bridge
-1.5408124275126411,-0.1793856183270437,1,bridge
1.021278676040268,-0.5855386248188063,1,bridge
0.6352859312235161,0.9375598415764939,1,bridge
1.3975145563092213,0.3726480346787542,1,bridge
-0.9560897481606788,-0.13476074479149172,1,bridge
2.299769889481876,0.027070635334992814,1,bridge
-2.0963487526344107,-0.640627694613741,1,bridge
-0.3103767729638798,0.2703186938680344,1,bridge
2.0840526412271787,-0.3299289130677093,1,bridge
-2.218547084114676,1.2042693729026406,1,bridge
-2.680188587380758,-0.028876893090411745,1,bridge
2.6271962087923018,-0.047003328110709376,1,bridge
-1.0481393393419778,0.22211345969179422,1,bridge
1.2546972598808976,0.9057292333039146,1,bridge
-3.3044372760727043,0.7009069279233465,1,bridge
1.3048335212228654,-0.09489129584653314,1,bridge
-1.2781822877856013,0.5477394789321776,1,bridge
-3.065220143159394,0.27460314860456614,1,bridge
0.7073386269723927,0.041592186543061765,1,bridge
-1.8483685823251288,-0.7527192265829199,1,bridge
-0.7831011762697357,-0.021559405531731482,1,bridge
-2.815855130942887,-0.6457374783346936,1,bridge
-2.513016727943724,1.042165528783563,1,bridge
-1.3121526572292477,-0.30449752368771765,1,bridge
-2.7714623308951416,1.1461808402228417,1,bridge
2.8709182952691266,0.08462121540351304,1,bridge
-3.472578324022146,0.29911757023417873,1,bridge
-0.14758172788305485,0.02662750196142233,1,bridge
-2.6406779195887733,-0.8739595373842076,1,bridge
-1.416582345282338,-0.3537899357794877,1,bridge
2.978604967861829,-1.0017060637143995,1,bridge
-2.2932941133895492,0.2355524160032825,1,bridge
3.2302719849044923,-0.15052154815177926,1,bridge
-2.071475576273501,0.6657654610458992,1,bridge
1.6059057355544446,-0.6571901165432271,1,bridge
0.345443958687734,-0.8350667915402944,1,bridge
2.7045751774248825,-0.17133846036719813,1,bridge
0.38113790651020524,1.0133946568246164,1,bridge
0.23107318158305323,0.4656262343665122,1,bridge
-2.1464318933598237,-0.18326868713482342,1,bridge
-2.3112994539533553,0.1396308490875361,1,bridge
2.9139832277291684,-0.9811307448482081,1,bridge
-1.189384014471995,1.1448393699339912,1,bridge
-0.8846750743870011,0.3230044634618702,1,bridge
1.874936973353507,-0.5260008517363896,1,bridge
-1.0943859181715956,0.2176865523709922,1,bridge
3.174080218630529,-0.9566213659971929,1,bridge
1.741415484524211,1.0347387732261504,1,bridge
0.7030181244667681,-0.8230442985550935,1,bridge
2.7315142582527883,0.4279996863769018,1,bridge
-3.122411511134289,-0.5392092397200439,1,bridge
-1.792657108622116,0.47781535989625584,1,bridge
-0.17950392228766396,0.6980091207366456,1,bridge
-1.9043914116322196,0.35727871014892965,1,bridge
1.7047385725700244,0.3450145187122097,1,bridge
2.948523634750555,0.95418761787954,1,bridge
-0.5508583185813893,-0.9638138186937539,1,bridge
-1.093720356197288,-0.49155922948665853,1,bridge
3.201261321645809,-0.5702281937897252,1,bridge
-0.32231935727049577,1.1708498057727867,1,bridge
-0.08234060253606978,-0.22286807525996152,1,bridge
-1.0575800857427842,0.6040138680818494,1,bridge
2.8205930202990044,0.44662962778814835,1,bridge
0.49612717243038723,-0.7210465120090892,1,bridge
1.8445774652777673,-0.5874207583833021,1,bridge
2.20206825914008,-0.5279247724429745,1,bridge
-1.158419300954449,-0.25693377985387195,1,bridge
-0.5441987406979183,-0.68362745401162,1,bridge
2.4705819859691807,-1.2266946622231842,1,bridge
-0.882980445175503,0.8850287783591159,1,bridge
2.006228253043464,1.1725981976178406,1,bridge
3.166418322199145,-0.3713395811389652,1,bridge
0.8766681644128679,-0.41407187467501716,1,bridge
1.6910378669356803,-1.1427368524325057,1,bridge
2.115803749460655,0.3909778209067282,1,bridge
2.3460516413052472,0.785823263513348,1,bridge
-0.685240209206198,-0.857121597772268,1,bridge
-3.179936103839893,-0.7778442302394206,1,bridge
-0.7258564351297032,0.6173383813854756,1,bridge
1.2658899239829764,0.23658790875921443,1,bridge
-0.44169647186803696,-1.1742469446482058,1,bridge
1.6665621654893814,0.28113294101901254,1,bridge
-1.0020297058947567,-0.39802608999333994,1,bridge
0.9578732091784496,-0.340331987352646,1,bridge
-2.170824633623732,0.6218212070027299,1,bridge
1.7304961318448855,0.7898306836234723,1,bridge
0.44639026512326563,-0.18571661766164144,1,bridge
-2.0829439081120875,1.0687384930518118,1,bridge
-1.468161093120485,-0.19025373421253203,1,bridge
1.7004116266321327,0.5985587575083664,1,bridge
-0.11559600954330174,0.03020415165049252,1,bridge
-1.957031855646156,1.061512898349854,1,bridge
3.3310772353187565,1.004687774319865,1,bridge
1.4314109254962044,-1.0944162421765387,1,bridge
3.187644060860788,1.0196724820246523,1,bridge
-0.4879295019371402,0.8119248857324637,1,bridge
-0.14494473842822994,0.6780715644920824,1,bridge
2.7860139461853612,-0.6542028570422413,1,bridge
0.2024665801942973,0.7616939642329891,1,bridge
1.4105041886933802,0.8049947882057985,1,bridge
-1.6568945859153723,-0.5044259567714751,1,bridge
-0.32328331393254484,1.0407325270376222,1,bridge
-2.7030973286807725,-1.0894648925626278,1,bridge
-2.111894901267106,-0.8679474542284924,1,bridge
-3.545742180631928,0.14893282133528635,1,bridge
-3.191246139914552,0.28770253353509295,1,bridge
3.276750373917632,0.27680078326038055,1,bridge
-1.820075350753068,-1.2554349039533679,1,bridge
1.1659101863488521,1.0926216380005433,1,bridge
2.3703895948699594,-1.1689093623794884,1,bridge
0.3675675904415853,-0.8543407332802884,1,bridge
-2.4812786349797444,-1.1289183522471669,1,bridge
1.6265577800230269,0.2351673347691685,1,bridge
0.6710992760732818,1.0475102493460975,1,bridge
1.602523141711728,0.3886154373506351,1,bridge
1.9001129463949094,0.6754586785243714,1,bridge
3.3330264848697584,-1.166815854240118,1,bridge
0.5161419611377491,0.1044010793788157,1,bridge
-1.146043552264625,-0.06510101327611029,1,bridge
1.0242744277417002,-0.03790133894655129,1,bridge
-3.0208058557597655,-1.0484409852073417,1,bridge
2.7130269665927496,0.3687447538011286,1,bridge
-2.6874595689482916,-0.10683564468348056,1,bridge
-1.1857161408476298,0.5809323851271943,1,bridge
2.1463458341905794,-0.11381876896453398,1,bridge
0.7390157308946944,-0.8246484582855323,1,bridge
4.807963766975796,2.6860356933690017,2,right_annulus
5.019607734411761,2.825073026369621,2,right_annulus
6.9363445281087275,-1.2673147071640618,2,right_annulus
5.03309472349257,2.5855527301593675,2,right_annulus
4.680543238440305,2.7295673999630568,2,right_annulus
5.185224254652919,-2.826324167985636,2,right_annulus
2.370507226516034,0.9175828768768196,2,right_annulus
5.285213883541242,-1.956067791394022,2,right_annulus
7.403496345095275,1.1193739643701563,2,right_annulus
2.922857357145058,0.15397412355351212,2,right_annulus
7.460873362509792,0.512852395172541,2,right_annulus
7.078991961056901,0.9244588426843996,2,right_annulus
6.907438524042858,-1.2853447053636775,2,right_annulus
6.493098921447796,1.8022290557248974,2,right_annulus
2.341592869562868,-0.4683365390663898,2,right_annulus
3.0066375029232213,1.2767232995890074,2,right_annulus
3.385132778545903,2.302942236919123,2,right_annulus
6.974926295978743,-1.3749695249730478,2,right_annulus
7.108843996749177,0.2859165085100752,2,right_annulus
3.510844932494028,-2.395348281142813,2,right_annulus
7.255392998256472,-0.4906799520177779,2,right_annulus
2.7108924240481866,-0.9526272843485255,2,right_annulus
7.416300974347387,-1.05093093323156,2,right_annulus
7.133186602263308,0.7736309476118394,2,right_annulus
3.2113795482450485,0.9629188016691484,2,right_annulus
4.87007928963021,2.533675950698348,2,right_annulus
4.74817770237544,-3.0022913878790964,2,right_annulus
7.674284535879174,-0.3796920927024997,2,right_annulus
4.929727409079449,2.775880520904003,2,right_annulus
3.4745872220960203,-2.169840881093719,2,right_annulus
5.730852733108008,2.065850088832117,2,right_annulus
2.820263310755187,-0.9545466273605845,2,right_annulus
2.1802751918709307,0.6990762751675322,2,right_annulus
7.110862000354941,-0.3730062097271057,2,right_annulus
3.304433046787342,-1.3332101569447854,2,right_annulus
3.656369320574091,1.7947961913344428,2,right_annulus
6.95356462726376,1.6654330292962334,2,right_annulus
6.703289677250913,2.4857705777237546,2,right_annulus
5.3201020676562525,2.10224039196603,2,right_annulus
4.986080361136362,2.557516962550024,2,right_annulus
6.196736718478002,-1.799728811174904,2,right_annulus
2.183572241049254,-1.094356511788159,2,right_annulus
2.831252552207907,-0.2721478870625327,2,right_annulus
6.88360146565192,1.6497549680524763,2,right_annulus
6.813047087179148,-2.083063619887533,2,right_annulus
4.549977065133801,-2.7537950690825257,2,right_annulus
7.293643436729936,1.0084962120389798,2,right_annulus
4.364867981593858,-2.357755316490744,2,right_annulus
2.704037102707975,-0.6803998952026318,2,right_annulus
7.009748190664729,1.183924575811647,2,right_annulus
2.8373850487699395,0.5861221336062029,2,right_annulus
2.4655963692949254,0.3735142337003795,2,right_annulus
6.2011355966519,2.004910319195558,2,right_annulus
7.1763329986563456,-0.7772542117087005,2,right_annulus
6.634826706026672,-2.178350173210678,2,right_annulus
3.494838114435328,-2.6288842209445455,2,right_annulus
2.36986202048283,0.6188567575965561,2,right_annulus
3.253998415424293,1.15873671175813,2,right_annulus
3.7760983551279144,-1.6945367955237287,2,right_annulus
2.1378142974407215,-0.8729833830042152,2,right_annulus
7.209798288473108,0.8470261136981496,2,right_annulus
2.864199622110165,-0.1882468615474067,2,right_annulus
5.907811682828154,-2.4767959290738926,2,right_annulus
2.4889762693552218,0.735519292837117,2,right_annulus
7.626017764572064,0.7960015913365917,2,right_annulus
5.600664063445381,-2.266431280140451,2,right_annulus
5.593262297097375,1.9324834880012673,2,right_annulus
4.900701815375327,2.8746608625715884,2,right_annulus
6.1230470220731945,1.9292101059348297,2,right_annulus
3.642687979740729,2.344844440017171,2,right_annulus
4.998873335090403,-2.7819876607549316,2,right_annulus
2.4481252714995025,-0.31302174449224757,2,right_annulus
5.616610332352956,2.256743227829689,2,right_annulus
6.658891441696253,-1.6347895214502866,2,right_annulus
6.876785641820434,-1.7932910918503606,2,right_annulus
7.018170561027671,-2.0106423490473686,2,right_annulus
5.189084756914599,3.0299214734031112,2,right_annulus
2.9055951499906487,0.5457511689502227,2,right_annulus
7.197353985464816,-0.176912667353902,2,right_annulus
5.335518554502064,-2.934284102939301,2,right_annulus
7.689610219454455,0.4785978552244794,2,right_annulus
7.55544695826584,1.1355762962920202,2,right_annulus
2.747043962329486,0.5089645374794293,2,right_annulus
7.225940165721944,-1.4146741863382213,2,right_annulus
2.242722423587977,-0.6886042793985376,2,right_annulus
2.205802738892937,-0.00742928384004108,2,right_annulus
6.937428783953042,1.4897388787742065,2,right_annulus
3.8566370351342263,-1.67087754463403,2,right_annulus
6.25056039334613,-2.334352336537505,2,right_annulus
3.4148133052573884,1.6090569460630304,2,right_annulus
5.357220467329727,-2.492659577260401,2,right_annulus
7.918761581234499,-0.6419899788910752,2,right_annulus
5.738778318031416,2.394043925049439,2,right_annulus
2.1374428306125743,-0.35994719328700225,2,right_annulus
4.411141669288502,2.1600247216062507,2,right_annulus
5.721193068575422,-2.626633654993642,2,right_annulus
2.3578676599378214,-1.3867836092151977,2,right_annulus
3.5697082974751124,-1.6466938111187888,2,right_annulus
5.618244783800776,-1.9296362035732353,2,right_annulus
2.990845854405597,1.5474073707707694,2,right_annulus
6.761421939913136,-1.0422801579389307,2,right_annulus
2.2827243339770513,-0.5868057187277346,2,right_annulus
6.619796047455534,2.4626507712609227,2,right_annulus
4.1129695690786425,-2.3830678297588275,2,right_annulus
5.664125770578297,-2.1811238112125944,2,right_annulus
3.899643308967184,2.2650759432716763,2,right_annulus
6.692378874367256,-2.171207732120026,2,right_annulus
6.6586728234313775,-1.1366181211565924,2,right_annulus
4.524742278472154,2.5950518190893517,2,right_annulus
7.615792359914738,-0.2971345489509561,2,right_annulus
6.7933155652047965,2.1063706595706617,2,right_annulus
5.635258422356328,2.159844502843466,2,right_annulus
6.22706377818428,2.599416580551266,2,right_annulus
6.681745403773312,-1.2312415730458683,2,right_annulus
3.7399995125143684,-1.8877077495498327,2,right_annulus
6.694966387609619,2.3687744780439957,2,right_annulus
2.5454715373489747,0.9833049890249524,2,right_annulus
3.4397652489181976,-1.3531012651576046,2,right_annulus
6.925816574267414,1.2465076710602299,2,right_annulus
6.627195997557925,-1.5319567975507118,2,right_annulus
5.76627320635003,-2.1658654056753877,2,right_annulus
2.62631227801465,-0.047793189569085695,2,right_annulus
7.033663276038209,-0.4759269486018482,2,right_annulus
2.9033109638112347,1.1967383658682422,2,right_annulus
7.762117983557099,-0.3362264997792854,2,right_annulus
3.677441407024397,-2.3514596920261566,2,right_annulus
3.170266131435475,-2.1743932147564538,2,right_annulus
6.1025379414354175,1.8402933761204465,2,right_annulus
7.140323197968182,-1.8967928099309876,2,right_annulus
2.522024453880702,1.266772243473879,2,right_annulus
6.580910054844304,2.342167509644195,2,right_annulus
7.852574095701241,0.19328371531612276,2,right_annulus
2.2610681026061057,-1.1022761241794785,2,right_annulus
2.497315871239532,-0.4950016754638959,2,right_annulus
4.626765202283328,-2.1520416023363764,2,right_annulus
7.013218085818275,-1.6527038204361717,2,right_annulus
7.412570551316351,1.2712054055013706,2,right_annulus
4.6122155016570705,-2.718036641664054,2,right_annulus
6.00543800577296,2.450587912982566,2,right_annulus
6.343129159152874,-1.5255890334153654,2,right_annulus
5.949914935757462,-2.0522892403090003,2,right_annulus
2.1398371092301067,-0.7887242467902011,2,right_annulus
4.282218666087083,-2.408141865999946,2,right_annulus
3.9374109324189277,2.3605348471247676,2,right_annulus
2.7536138332260682,0.38688363228917283,2,right_annulus
6.014904428485166,-2.1599798095248834,2,right_annulus
2.1683187029751543,0.7079651530291826,2,right_annulus
3.2216294229583164,2.130044456049524,2,right_annulus
2.193955350746552,0.036421035367095775,2,right_annulus
6.180048738752852,-2.219647466486714,2,right_annulus
3.5992761877858253,2.3642763950147363,2,right_annulus
6.045812967846439,2.028977785579597,2,right_annulus
4.36039251799422,-2.6587396642862413,2,right_annulus
6.097564510465545,-2.176751044393194,2,right_annulus
6.936805170595144,1.5316731408779987,2,right_annulus
5.261432864063635,2.6037453961362425,2,right_annulus
6.818183698617486,2.322579195216771,2,right_annulus
3.795319951711828,1.6837703480309831,2,right_annulus
2.3378922733598038,0.883116279156177,2,right_annulus
5.159218530755772,-2.284013089139702,2,right_annulus
3.486476944799099,-2.087843761294812,2,right_annulus
3.5528428963722978,-1.446948817695964,2,right_annulus
3.557317480013129,1.7806531453760326,2,right_annulus
6.36007953717589,-2.1697311232767325,2,right_annulus
2.9285397310829007,0.43776956174967,2,right_annulus
7.46261525157053,-0.3386425171768179,2,right_annulus
3.0427306550447133,-2.260799175943814,2,right_annulus
6.41875955420064,1.4921116394509364,2,right_annulus
3.796082931695444,-2.5757044297756226,2,right_annulus
3.8848010896055203,2.134298882315504,2,right_annulus
3.9705428040242126,-2.46494075900426,2,right_annulus
7.06219641767306,0.9169334892908914,2,right_annulus
5.977473647498686,2.0064716029583263,2,right_annulus
6.365520500923405,-1.7288755621031555,2,right_annulus
5.239911328554193,2.069125456937132,2,right_annulus
6.136565491485236,-1.9100842682010135,2,right_annulus
4.462106099266652,2.6987472441136404,2,right_annulus
3.147870256574459,-2.2282260906276816,2,right_annulus
3.9179406064276883,-2.65100746314636,2,right_annulus
2.350567252926416,-0.1882036233739376,2,right_annulus
4.239031722795692,1.9954243499750746,2,right_annulus
5.600890631370704,2.2967775815404337,2,right_annulus
7.3580442228442475,0.4707863169410211,2,right_annulus
4.173857948105632,2.1609867273381558,2,right_annulus
3.4799107020079596,-2.117738711757128,2,right_annulus
7.520427513086912,-0.999682301512382,2,right_annulus
6.747160857895689,-1.7751765283016625,2,right_annulus
5.240451771917012,-2.36625320527378,2,right_annulus
5.695522024494202,-2.705166794819903,2,right_annulus
3.53326657607064,-2.3676952465423975,2,right_annulus
4.86960662917565,2.285761057094016,2,right_annulus
7.407695309786771,-1.547366168730102,2,right_annulus
3.484141813484821,-2.6166768302279806,2,right_annulus
2.7294840166306455,-0.8498297929664859,2,right_annulus
6.842675081609071,1.4975952199726286,2,right_annulus
2.5284921885958016,0.8414644871460706,2,right_annulus
2.1371617364266235,0.743017083640978,2,right_annulus
6.854868474563202,-2.251117324086223,2,right_annulus
2.9271346854369065,-0.5833540548090816,2,right_annulus
3.2582720596387165,1.7345158677634387,2,right_annulus
7.586104302257039,-0.38657948400110975,2,right_annulus
6.9589262105896434,1.7039720497492539,2,right_annulus
3.0735439756937613,1.0330231372054317,2,right_annulus
7.8041600630359005,0.7941194845926514,2,right_annulus
4.900062287496268,-2.8229440555137675,2,right_annulus
7.467922510782031,-1.2879195056771588,2,right_annulus
4.438215391531835,2.903534870560924,2,right_annulus
6.68608228467123,-2.1764745214480414,2,right_annulus
4.325973259332432,2.3035186399035443,2,right_annulus
7.29737846784606,-1.397725755865318,2,right_annulus
5.1195427644500775,-2.2628245088364483,2,right_annulus
5.966005558108181,-2.532267236397895,2,right_annulus
7.108894380413237,0.27039190718005357,2,right_annulus
7.712965013246643,-0.6799123877557707,2,right_annulus
4.576684595978008,-2.18853887613937,2,right_annulus
4.322514068613494,2.056688066482038,2,right_annulus
6.0326513265285,-1.8803890235181937,2,right_annulus
4.641114429113733,1.963785706373429,2,right_annulus
6.854234967429484,-2.0466317133549414,2,right_annulus
7.1624786919445596,1.8476500098910862,2,right_annulus
4.191082271698564,-2.469828380476005,2,right_annulus
2.8454254921723234,-0.6240421665880891,2,right_annulus
6.677023166952539,1.2657220463731202,2,right_annulus
5.0153170213283005,2.1261159400138494,2,right_annulus
7.195495582892368,0.16902580876128206,2,right_annulus
2.2384855636638727,0.6748834612372961,2,right_annulus
4.410926147677888,2.169235418633305,2,right_annulus
3.0468346623970652,-1.4109646296204612,2,right_annulus
4.433581644755877,2.0030604128802096,2,right_annulus
4.3140317372511054,2.2324815732334398,2,right_annulus
4.915135926987583,-2.604950491556916,2,right_annulus
7.515503697902799,0.8271078697635201,2,right_annulus
6.883473685267694,-1.3378954176465325,2,right_annulus
6.267830753742025,-1.6809317928136025,2,right_annulus
3.766059249604834,-2.0705375934567667,2,right_annulus
3.1011899939365217,-1.2760766600137017,2,right_annulus
6.757399889980782,-1.4341132425101983,2,right_annulus
6.213754926686476,2.781472476518462,2,right_annulus
7.286900668301443,1.3467383396422266,2,right_annulus
5.168972334035634,2.6312656565729333,2,right_annulus
5.7771872583060455,-2.4021930040009027,2,right_annulus
7.478474175589764,0.5102019155653487,2,right_annulus
2.8207803722207965,-1.283233966253202,2,right_annulus
7.73544944316488,-0.06235689697983074,2,right_annulus
6.70522031299189,-2.207502125728738,2,right_annulus
2.8658984953331346,-0.2599591325893476,2,right_annulus
7.426500009187086,0.9968337142447934,2,right_annulus
6.10690771749308,-2.232643460313424,2,right_annulus
2.585239215891281,-1.7301585413688767,2,right_annulus
7.072969992971403,1.7431394707330048,2,right_annulus
7.131365967060956,1.4318335250795982,2,right_annulus
6.770064593214546,-1.0561087898411523,2,right_annulus
3.648470235199548,-2.3047977243205677,2,right_annulus
5.995504608384675,-1.9232530495283804,2,right_annulus
6.657628331986811,-1.6324172378712962,2,right_annulus
3.1503897232286695,-0.9638860654873757,2,right_annulus
2.2839047035207303,-0.2825716639233632,2,right_annulus
2.9649752763529875,0.978617572467633,2,right_annulus
4.03257093366697,2.288828879823338,2,right_annulus
2.378776010634335,1.1619671703979886,2,right_annulus
5.38225791990743,-2.133764356256817,2,right_annulus
3.0032173119240384,-1.4825463741798457,2,right_annulus
6.895629077448698,-1.5788644049327245,2,right_annulus
3.0892207331943933,0.8149335250882203,2,right_annulus
2.831519493616522,-1.742411577560841,2,right_annulus
3.559209479241599,-1.5729788004260328,2,right_annulus
2.8830874626674023,-1.2925042950117616,2,right_annulus
4.255079354183757,-2.3897795908237756,2,right_annulus
5.250053082392396,2.6624993040743097,2,right_annulus
2.191128720215388,-0.23690782117242534,2,right_annulus
6.855858160174766,1.3890657330620528,2,right_annulus
3.482857532836583,1.3712122767798556,2,right_annulus
2.283724185725347,0.2775461607508223,2,right_annulus
3.5492356599194737,-2.0831911184967606,2,right_annulus
7.803515712950446,-0.8696744925898441,2,right_annulus
2.7710490238512433,-1.6080912669566318,2,right_annulus
4.951982699835401,-2.8797867512262987,2,right_annulus
2.539296118152342,-0.04822742599480569,2,right_annulus
3.4300983892479535,-1.7913654421908263,2,right_annulus
7.547007319640103,1.2375855644297922,2,right_annulus
4.974631122116773,2.494663492825436,2,right_annulus
3.603332551301369,1.6892309722622285,2,right_annulus
2.1507945686150416,0.47582150966392855,2,right_annulus
7.802234690530406,0.8877982682570054,2,right_annulus
6.601874116002027,1.9024057875465525,2,right_annulus
4.606428273014528,2.025846917104419,2,right_annulus
7.462676198816946,-0.327530605371697,2,right_annulus
3.6176978159097595,2.5185666783035745,2,right_annulus
2.2039896021506595,0.20919830722867916,2,right_annulus
5.662926662290479,2.0844434254062265,2,right_annulus
3.3744498229288675,-1.4255851816796294,2,right_annulus
4.446771142005285,2.794802841236085,2,right_annulus
5.707859777077759,2.193230809242155,2,right_annulus
2.443866921271216,-0.27607035101844707,2,right_annulus
7.98701378382259,0.04573953580425339,2,right_annulus
7.022767444575285,0.10319229617802815,2,right_annulus
5.4618569846208285,2.559103331724549,2,right_annulus
7.0513061885791775,0.48223093125534344,2,right_annulus
6.818792918045455,1.501286501319995,2,right_annulus
3.4732086044353236,2.4768636990660386,2,right_annulus
5.830732693652794,-2.278523449361138,2,right_annulus
2.2551813029941323,-1.2718772162909733,2,right_annulus
2.481741673864402,-0.22359478699533109,2,right_annulus
4.422258669538839,2.37908673322782,2,right_annulus
6.975399207416926,-1.0166741368463017,2,right_annulus
3.03976800904193,1.3757426460609345,2,right_annulus
6.953434292763487,1.2556470736969019,2,right_annulus
3.4155737131308173,-1.285735236389681,2,right_annulus
6.863889443434891,1.5758102599999895,2,right_annulus
3.5632021447736286,2.06829882914543,2,right_annulus
2.266740172372378,-0.2005508842019682,2,right_annulus
6.822894475146966,-1.8703593605140263,2,right_annulus
2.295553314225487,0.15899764432205357,2,right_annulus
4.378185955299864,-1.881200505795536,2,right_annulus
7.254045657298739,-0.13323482404298423,2,right_annulus
6.827447808286883,1.9525937486975322,2,right_annulus
4.544277043276577,2.438575543493108,2,right_annulus
3.360077876092518,1.2382907232960272,2,right_annulus
2.5508314132705747,1.2818971831670205,2,right_annulus
2.6426170417984975,1.4285221075980474,2,right_annulus
7.223715638614599,-1.4452382966200248,2,right_annulus
4.549846922920315,-2.0529549712618556,2,right_annulus
2.8274416236839297,-1.7823044873354301,2,right_annulus
3.9550616103968763,2.4727265236616,2,right_annulus
6.244219052983449,-2.511578676897171,2,right_annulus
7.67377666253484,-0.7905066936966871,2,right_annulus
6.322322624809968,-2.5433384231164586,2,right_annulus
7.601331093303154,-0.02433222037493946,2,right_annulus
3.6572423351906025,-1.6337815050699775,2,right_annulus
7.603245584232217,0.8640118268561551,2,right_annulus
4.837101507922074,2.586830968051363,2,right_annulus
7.590809319620685,1.0643207202143823,2,right_annulus
3.261616848436037,-1.3805689070758629,2,right_annulus
4.087719299054424,-2.0512306615311138,2,right_annulus
7.167711970259639,1.9737828815517393,2,right_annulus
2.9149922651045896,1.9024703761645794,2,right_annulus
2.2675503919459326,0.7952461377611136,2,right_annulus
2.997056769638882,2.028269888073134,2,right_annulus
6.975307914999743,1.8690469276895745,2,right_annulus
2.598911784376433,1.3483365526940485,2,right_annulus
4.952906767772896,-2.9369769063493614,2,right_annulus
7.427629865703594,1.0932216122043399,2,right_annulus
7.380292401497424,1.1882950318353591,2,right_annulus
3.724864736823236,1.7375891589833883,2,right_annulus
7.396548093973076,-0.9077125526763186,2,right_annulus
3.7548775259602762,-2.344142794473685,2,right_annulus
4.0252090747775195,-2.067533236713818,2,right_annulus
3.5445434001297587,1.7742331663275037,2,right_annulus
3.0542255399894644,-1.3448590728053647,2,right_annulus
7.339547010122611,0.20207237747485068,2,right_annulus
3.4829798454493406,-1.7264244302215388,2,right_annulus
7.0838215071402955,-1.243710466270046,2,right_annulus
2.7633778232060826,-1.9717738390792883,2,right_annulus
6.687593357217851,-1.8106278616636455,2,right_annulus
4.645068068415648,-2.292103914458194,2,right_annulus
6.427118940378501,1.4254353877955461,2,right_annulus
7.239914068577374,-1.5513365143986402,2,right_annulus
7.266271317968787,0.9599710728718431,2,right_annulus
2.1931076902243007,-0.6556767979903129,2,right_annulus
6.777687828597092,2.1467029582741377,2,right_annulus
7.744439111107232,0.20243943700929054,2,right_annulus
3.0167280458314867,1.0648127087192079,2,right_annulus
4.270985866486931,2.6250654468110235,2,right_annulus
2.6165361451771023,0.3344621151157948,2,right_annulus
2.526906213264672,-1.3172334548823368,2,right_annulus
7.576147792318635,0.7853852223919949,2,right_annulus
6.653715516862021,1.6772978233188014,2,right_annulus
2.7723738300675733,-0.8245848841219667,2,right_annulus
3.7591387626158044,1.7354792815338669,2,right_annulus
4.636924234021294,-2.7442932825647843,2,right_annulus
3.7049892811167715,-1.868806825673143,2,right_annulus
6.478031226130105,-2.272667069939795,2,right_annulus
4.216026578791408,-2.216091165759494,2,right_annulus
2.534761280041844,1.0531852125104437,2,right_annulus
3.5809503187118357,-2.5171134903657464,2,right_annulus
4.546474112374095,2.814232124180937,2,right_annulus
3.913664444757202,2.675893410550752,2,right_annulus
5.556615489050617,-2.135222224356204,2,right_annulus
2.9617579621016583,0.648035359035875,2,right_annulus
5.82760949346444,-2.708740277745014,2,right_annulus
6.127964034840573,-2.2588660406238286,2,right_annulus
6.505350725053701,-2.00009056773275,2,right_annulus
6.818310180758913,-1.0640738957340008,2,right_annulus
2.8896517196746845,0.9591232763588935,2,right_annulus
4.231537559564132,1.8027849321511638,2,right_annulus
2.4621063202222135,-1.413912149990073,2,right_annulus
3.382197796516447,1.6418398366789153,2,right_annulus
2.9371526909839174,-1.5449174034995117,2,right_annulus
4.414040251054258,-1.9118979625249746,2,right_annulus
3.9357962740771555,-2.566896086414772,2,right_annulus
3.305241801237551,1.7012158155007384,2,right_annulus
6.4515457448659435,2.5244015482302156,2,right_annulus
2.43424291389892,1.2115793579484466,2,right_annulus
6.38528501419591,1.896332065759038,2,right_annulus
7.249334589770238,-1.8135983932050523,2,right_annulus
3.3331563398755786,2.4219430964535995,2,right_annulus
6.620055938663843,2.34328293993107,2,right_annulus
7.896726289700534,0.4706525920036307,2,right_annulus
3.6019686649772207,-1.8304970449775375,2,right_annulus
3.2793714151238964,-1.9593712121981377,2,right_annulus
3.907158681925957,1.7680174302993847,2,right_annulus
6.909168660327561,1.0128233370551218,2,right_annulus
2.4520289967049305,1.5363719020087212,2,right_annulus
4.135231844925389,2.19389451421074,2,right_annulus
3.737400465011657,-2.5410384136304796,2,right_annulus
2.738427490758262,-1.7179088544244836,2,right_annulus
3.0750333812885486,2.0837568480978623,2,right_annulus
5.668371619378761,2.954538673962785,2,right_annulus
7.114495496499914,-0.20288327745181625,2,right_annulus
3.054978703697913,0.5475095282135871,2,right_annulus
4.071044689710968,-2.3504410149193196,2,right_annulus
6.284766841896568,1.6431079683941279,2,right_annulus
2.9959541177194966,0.23758001879618437,2,right_annulus
7.3965858500872015,0.413424298507042,2,right_annulus
2.2171178436183436,-0.06504897888417804,2,right_annulus
7.414495844875996,-0.5026433283018034,2,right_annulus
3.3067620744628723,1.5818832519801793,2,right_annulus
7.579183451165398,0.6261901950477433,2,right_annulus
7.263079309593845,0.46240728739951964,2,right_annulus
3.4986320614291344,1.2786052898177576,2,right_annulus
6.4543645565758165,2.33638117306016,2,right_annulus
7.672446720392672,0.31407950165382886,2,right_annulus
5.089814444889649,-2.7464657935920522,2,right_annulus
2.9174936705119383,0.5084276146664243,2,right_annulus
4.360031074057428,2.783613338189653,2,right_annulus
7.117398777645833,-1.6166123838579483,2,right_annulus
6.903359473523619,1.7624102757502595,2,right_annulus
7.547038244828431,-0.7678900781871084,2,right_annulus
3.885125802704403,2.6478506283800027,2,right_annulus
7.009251555851414,-1.6549540275214376,2,right_annulus
2.930478803643894,-1.5440211151044898,2,right_annulus
6.319988326692287,-2.652465301855484,2,right_annulus
7.738737077189682,-0.36817807579739525,2,right_annulus
4.398611065416113,2.5697113278573807,2,right_annulus
7.758804202696452,-0.576461053231755,2,right_annulus
3.120503224578875,1.596583316303122,2,right_annulus
3.348102135434815,1.456795850777926,2,right_annulus
3.5804350848642774,2.2222382457442507,2,right_annulus
2.1352023659703923,-0.7833579060981223,2,right_annulus
6.653429374452984,2.4861914722324414,2,right_annulus
2.736901472130777,-0.7780483957889721,2,right_annulus
2.5416277193017787,-0.7066536925323191,2,right_annulus
5.236759948880553,-2.2662917803583156,2,right_annulus
6.521322027620147,-2.535876249796941,2,right_annulus
2.2816573557940876,1.170872224733924,2,right_annulus
4.082402889237213,2.6243102122055078,2,right_annulus
4.813239605569304,2.865307122451766,2,right_annulus
5.902232539280904,2.574803158552314,2,right_annulus
7.483753420902745,0.7731318438167502,2,right_annulus
3.848550046555311,1.7416796837741475,2,right_annulus
4.718691973611301,2.4844260176697763,2,right_annulus
7.608720597555123,-0.5617443435959368,2,right_annulus
2.46085438887053,-0.961393725586547,2,right_annulus
3.644513304905451,1.9171149347311742,2,right_annulus
2.3149331238317634,-1.401381027278203,2,right_annulus
6.516483581912167,1.7190797229433972,2,right_annulus
2.5919589520046076,0.912250892969407,2,right_annulus
2.9831802743360214,-1.8981839754312608,2,right_annulus
2.2785618274725126,0.2209027168142612,2,right_annulus
2.806805846773313,1.536982587797408,2,right_annulus
7.312888860160543,-0.09314184942009779,2,right_annulus
6.646448350765332,-1.4890899729337148,2,right_annulus
3.12380085962548,-1.8702339050198653,2,right_annulus
2.6171555593880482,-1.0669426726874376,2,right_annulus
3.4156974279189662,-1.4893094274116232,2,right_annulus
5.820970443294269,2.7198007552572165,2,right_annulus
3.1079764294766905,1.6440440214135086,2,right_annulus
7.552226461034519,0.6687746839196891,2,right_annulus
2.1794258326366553,0.246069287319607,2,right_annulus
2.8812579173384227,-0.5261945297369035,2,right_annulus
5.322674193517243,1.977025743979367,2,right_annulus
7.696240193190296,-0.6697552701589918,2,right_annulus
7.149533511751075,-1.4501612483334927,2,right_annulus
4.531004895036596,-2.718778894498911,2,right_annulus
2.2148484940955684,-0.5653573852396917,2,right_annulus
7.011971690052312,-2.1419922614036433,2,right_annulus
6.958824665644314,2.1174569718919973,2,right_annulus
5.708490512937981,-2.484080215891608,2,right_annulus
6.915171318677056,1.8239064618313432,2,right_annulus
5.653351224809165,-2.3253643476774153,2,right_annulus
4.583452469646858,2.1157702055636913,2,right_annulus
6.8562591732999385,-1.8768572054338382,2,right_annulus
7.17931286481537,-0.8245248904893105,2,right_annulus
6.770474809329627,2.3722857999798634,2,right_annulus
2.412596436754968,0.6853713534060301,2,right_annulus
7.6979295941832095,-0.41687434923112116,2,right_annulus
2.5542762297885715,0.23903736336534534,2,right_annulus
6.263777700517025,-1.6272279526585305,2,right_annulus
3.324848701079468,-1.161562638851269,2,right_annulus
3.1338372340707124,1.7935294294770538,2,right_annulus
4.520928131461981,2.0773512607804414,2,right_annulus
5.924216521166308,2.5609554755053,2,right_annulus
5.214113047870388,-2.8451011426195674,2,right_annulus
2.7495822183866783,1.8731890959772346,2,right_annulus
2.3029377475525576,-0.21282411992905267,2,right_annulus
2.751483194227323,0.2176725189431396,2,right_annulus
2.4577602564363747,-1.3580980930559345,2,right_annulus
6.961135142653015,-2.134233576032297,2,right_annulus
7.164041158632246,-0.269173918752485,2,right_annulus
2.766240023259359,1.428563575157679,2,right_annulus
6.1031483171318275,-2.161976840655808,2,right_annulus
5.29437512121395,-2.8479240750851655,2,right_annulus
2.2851600246451724,-1.283375871518449,2,right_annulus
7.024313797151006,-0.5160589454645094,2,right_annulus
5.8791161844339,2.8190089225857147,2,right_annulus
7.076712008654826,1.6411703843016936,2,right_annulus
6.763035729157641,-2.2839328841713638,2,right_annulus
2.616777292237772,0.8900534966547116,2,right_annulus
6.676833866447126,-2.3429484569911256,2,right_annulus
6.603209138630617,-1.2928331258309134,2,right_annulus
7.158711943097592,0.9024702090750234,2,right_annulus
6.51628233524,-1.3249797301409445,2,right_annulus
2.2112690047564225,0.9152993411824674,2,right_annulus
2.1312640259448083,-0.25372896772466835,2,right_annulus
2.981979888708257,-2.051813011055449,2,right_annulus
7.638832716778897,-1.3354201859324422,2,right_annulus
6.992667821293523,0.4209363492332745,2,right_annulus
2.5174232237356673,0.38682453127303906,2,right_annulus
4.220880408673096,-1.9496285905331263,2,right_annulus
4.579514390590477,-2.2679331940470755,2,right_annulus
4.25135363953803,-2.2163844442109606,2,right_annulus
6.720903802384356,1.8323705304846536,2,right_annulus
4.3300339941218144,2.2067653809731165,2,right_annulus
3.751316056402787,1.7176252331678248,2,right_annulus
5.733550753655816,-2.01593061372152,2,right_annulus
4.64131164095414,2.1523408245253925,2,right_annulus
5.698467600371699,2.8710296387808243,2,right_annulus
7.815629046253685,-0.724229165276313,2,right_annulus
8.067585886719174,0.13954863506826856,2,right_annulus
7.490079999706309,0.051830108342395695,2,right_annulus
3.9888925147764978,-2.0903349056892364,2,right_annulus
6.4059550865523756,-2.494547443108618,2,right_annulus
4.336040296175578,2.169590962309121,2,right_annulus
7.302241708825625,0.20082588933937817,2,right_annulus
4.870690512335276,-2.2236995417157877,2,right_annulus
6.091432270268538,-1.9150295483048712,2,right_annulus
4.871699269089112,-2.331751062866969,2,right_annulus
6.456897418663023,1.9186682423425214,2,right_annulus
4.972583302928216,-2.787972257213475,2,right_annulus
5.2581398093860425,-2.009182794475979,2,right_annulus
3.823472036528646,-1.9133498754234362,2,right_annulus
5.275430400888751,-2.8412911680810904,2,right_annulus
6.305266284674026,-1.848740578455039,2,right_annulus
3.1580675918218843,-1.5460029940421556,2,right_annulus
7.396619614507566,1.647446120815198,2,right_annulus
2.8181455333877476,0.20876580769679037,2,right_annulus
6.851630036125512,0.9415904100472908,2,right_annulus
2.9199335015226295,1.4475982679517156,2,right_annulus
3.002148331772217,1.2780017645161794,2,right_annulus
7.4579854111714585,1.1208392160808809,2,right_annulus
3.4508859433681156,2.3435707411900366,2,right_annulus
6.657254303633541,1.2430801757586953,2,right_annulus
6.002567040655528,-2.503720266327946,2,right_annulus
7.365310161566855,-0.7775030258771679,2,right_annulus
7.005958669117421,0.9611647906736541,2,right_annulus
7.6152838152933695,-0.7937735012365155,2,right_annulus
2.7495057330968504,-0.35924285774539155,2,right_annulus
4.2216638460694424,2.320174693518856,2,right_annulus
6.712406221345827,0.970937763205734,2,right_annulus
2.458367191352181,0.10069101097556912,2,right_annulus
5.618037469842693,-2.220435449590524,2,right_annulus
4.192404323745462,-2.635712522285702,2,right_annulus
6.973887322161929,0.6865795868499749,2,right_annulus
7.193001100775921,1.142916449595254,2,right_annulus
2.9031312789960024,1.53623968633907,2,right_annulus
4.171830409856511,2.66915550072047,2,right_annulus
5.253769254336046,2.595941231367869,2,right_annulus
4.531767915884596,2.7089179205413165,2,right_annulus
5.892917778570886,-2.5783130393137323,2,right_annulus
7.576779422416958,-1.2641076730990648,2,right_annulus
3.0244384458599964,1.289152100408551,2,right_annulus
7.166311108270836,-1.4319313968251424,2,right_annulus
3.7792294538700175,2.6211178608379355,2,right_annulus
1.889293046108857,0.481137478581005,2,right_annulus
5.487185116735062,2.802362641918955,2,right_annulus
3.5347136365724716,-1.7738167262011928,2,right_annulus
7.158723570976236,-0.3257956420875349,2,right_annulus
2.93046835517498,-1.5504123980713331,2,right_annulus
3.237312372613468,2.1181976716402033,2,right_annulus
3.4398618192874233,-1.9010925044527427,2,right_annulus
6.8255184999092435,1.7796270637812222,2,right_annulus
7.092448759587741,-1.8853828350321105,2,right_annulus
2.5347803100388786,-0.0034952066131681003,2,right_annulus
2.340822067200363,0.9398575615544191,2,right_annulus
2.8460662335615554,-1.271278496657674,2,right_annulus
3.380433138303754,-1.6351464292752962,2,right_annulus
7.27140530555428,1.050093975979023,2,right_annulus
3.761215072223742,-2.5728987327286363,2,right_annulus
5.140801955209997,2.0484706469620457,2,right_annulus
4.492883268302029,-2.2412518504478833,2,right_annulus
6.279702310486998,-2.566831525096814,2,right_annulus
5.746735788856757,-2.0007117093714886,2,right_annulus
2.5496491560748673,-0.8437951458566602,2,right_annulus
2.430307681366303,-0.24877612712448213,2,right_annulus
6.6419150951171355,1.9775001273080561,2,right_annulus
5.446628142650875,-2.6658588175172433,2,right_annulus
4.62689130562541,2.2514959645197714,2,right_annulus
2.3762415736895983,0.047747764879454285,2,right_annulus
4.629825892956957,2.354243258661598,2,right_annulus
6.838890370765472,2.0717994612993884,2,right_annulus
3.6290469892402992,-1.5697546406337715,2,right_annulus
7.536781110537271,0.9121237589555353,2,right_annulus
4.993197074970763,-2.167889202761107,2,right_annulus
4.058244193786646,2.135466712369449,2,right_annulus
7.255059420921385,-0.04660355866926157,2,right_annulus
2.7017303146811233,-0.22252972846337832,2,right_annulus
7.729318677648577,0.834662804191226,2,right_annulus
4.6791528229800425,2.2899337463996523,2,right_annulus
4.185270129962902,-2.8275537483824245,2,right_annulus
7.767626870379342,1.1408903780070954,2,right_annulus
6.43641632121662,-2.087467750522892,2,right_annulus
7.125296943833485,-0.014399779961412805,2,right_annulus
5.025793026230954,2.3233940799365427,2,right_annulus
4.787658088542557,-2.8051884510057503,2,right_annulus
3.981726411646361,2.1907267002863486,2,right_annulus
6.62454227148203,1.2738283376103898,2,right_annulus
3.291797262540578,2.0336281850661253,2,right_annulus
4.70448295328014,2.908724431640883,2,right_annulus
6.508261228350352,-2.4343031950205214,2,right_annulus
4.150471159055182,2.0076329439351808,2,right_annulus
5.632065651753371,-2.6114119678825998,2,right_annulus
6.816253597183511,-1.380766017499432,2,right_annulus
3.001513699229263,1.0211319243289922,2,right_annulus
7.485423000294793,-1.5033185292922273,2,right_annulus
3.371955740354821,1.5933254414643612,2,right_annulus
7.2356648090736995,-0.5605149612977138,2,right_annulus
6.6345205892582095,1.0363246609134165,2,right_annulus
3.983078472438156,-2.696493007676244,2,right_annulus
2.1422733505775655,0.14241334926348495,2,right_annulus
3.000174602575081,1.7459177610569858,2,right_annulus
3.1819731656706547,-2.12789746538433,2,right_annulus
4.348503927641536,-2.1125368485256213,2,right_annulus
7.559267853027158,0.11263465803179873,2,right_annulus
6.234062861398323,2.0974952431890945,2,right_annulus
4.599956353929423,-2.028812764255675,2,right_annulus
3.7047171782760775,-2.17474036645804,2,right_annulus
7.802421145712492,-0.5396833801951562,2,right_annulus
5.116746894231247,-2.0327333740880937,2,right_annulus
7.235672495842838,-0.730396647800584,2,right_annulus
4.343488020906628,-2.191216962090123,2,right_annulus
4.302859297481192,2.1877435105487244,2,right_annulus
7.209812448286359,1.674598396949893,2,right_annulus
5.523663880904554,-2.4770486261554514,2,right_annulus
3.54578575262155,-1.990244387963747,2,right_annulus
7.689524497795115,0.7646383142993037,2,right_annulus
3.637409013304491,1.636405459747106,2,right_annulus
7.4727275931855015,-0.6397199731924871,2,right_annulus
2.539955762759687,0.00528506228403029,2,right_annulus
2.6363355802544404,1.0891832272849016,2,right_annulus
2.125461551340651,0.8032099694693994,2,right_annulus
5.700049554145151,2.7129595949761343,2,right_annulus
3.2994480558251533,1.859705269831999,2,right_annulus
3.037200962588706,2.0879732641323248,2,right_annulus
7.1006531752732345,0.6388049285434765,2,right_annulus
5.2086646987322895,-1.9438162336600788,2,right_annulus
3.0760661315213493,1.1410127265689047,2,right_annulus
6.068172239576021,-2.1759697359698533,2,right_annulus
6.550833986871412,-2.130348629709262,2,right_annulus
5.6933256587131105,2.6043209659104365,2,right_annulus
3.3960027213850914,-2.4487449534546033,2,right_annulus
2.4141701193571334,0.5221562644353339,2,right_annulus
6.843887742454899,-1.7615789283827648,2,right_annulus
5.442611998802949,1.9723938718457692,2,right_annulus
4.01295201330244,-1.7918016252559517,2,right_annulus
3.043521597118875,-1.582073057653366,2,right_annulus
4.308422264052586,2.3964685989441934,2,right_annulus
6.890607202391255,2.20020693280713,2,right_annulus
3.7983837292718774,-1.7881572141505857,2,right_annulus
4.82310957743874,-2.0140712949837165,2,right_annulus
4.027181583435505,2.3478238498612782,2,right_annulus
3.5966669111593808,-1.7669099495964937,2,right_annulus
3.361180422863069,1.2534499266767845,2,right_annulus
4.328783522284261,-2.6199086162055427,2,right_annulus
5.7530158389723,1.908927456332759,2,right_annulus
7.0281427394416625,-1.586101536586686,2,right_annulus
4.493515835270038,2.1756913551916646,2,right_annulus
3.418494934914346,1.5977758683160477,2,right_annulus
7.327737085164039,0.8648953269477517,2,right_annulus
7.215699288557105,1.8170322978794418,2,right_annulus
2.5755796895256897,-0.19259545318175908,2,right_annulus
4.681478021156132,2.714686867892906,2,right_annulus
6.120604559605996,-1.8352314143261195,2,right_annulus
7.90675433021097,0.22961438778384244,2,right_annulus
3.2608859788767623,1.5828844364858552,2,right_annulus
3.6212535362393266,2.3155268282538572,2,right_annulus
7.548391548162261,0.32121414260580494,2,right_annulus
7.086388015625717,2.043385670056567,2,right_annulus
2.9010475708248062,1.23262499006631,2,right_annulus
2.8996115595534713,0.10763298742833335,2,right_annulus
3.330721951393439,1.192190085943258,2,right_annulus
2.144938470231753,-0.5808345110171403,2,right_annulus
2.9240400411543574,-1.491805274485204,2,right_annulus
7.711299391845056,0.20555144757467225,2,right_annulus
2.81038414893724,0.5070931627866673,2,right_annulus
7.313806243208208,-0.5024408669269741,2,right_annulus
2.918720805696053,-0.2883346623084284,2,right_annulus
3.705203341702281,-2.7544280625419426,2,right_annulus
3.895428865322532,2.480375568228042,2,right_annulus
5.444063824849809,-2.948745839927353,2,right_annulus
5.2601254472966055,-2.2881773001005468,2,right_annulus
2.3902487782558204,-0.386249016198152,2,right_annulus
7.641877850876204,-0.3711663185482461,2,right_annulus
6.643150449800278,1.6628496256046876,2,right_annulus
7.86907275157944,0.31262686085338126,2,right_annulus
5.3347275750311125,-2.9240823913942124,2,right_annulus
6.017169761671479,-2.7075554934702715,2,right_annulus
6.944027183436953,1.9003905623112627,2,right_annulus
4.804652031051761,2.3354745214730452,2,right_annulus
7.399645580856198,0.21616793457778222,2,right_annulus
4.341548403772082,2.930023095706387,2,right_annulus
5.296200853020258,-2.003400910863137,2,right_annulus
2.303697374127042,-0.3756180381852716,2,right_annulus
3.3245855646185096,2.248738236122963,2,right_annulus
3.2282401146435546,1.8816084965167257,2,right_annulus
8.030449236843957,0.05871146278453151,2,right_annulus
4.250002570162434,2.353828321148737,2,right_annulus
3.615933087107762,-1.9391068699754956,2,right_annulus
7.05613349525226,-0.3217990110674034,2,right_annulus
6.404831595258235,-2.131196327374183,2,right_annulus
7.301812620377471,0.3629152294963341,2,right_annulus
6.868411427440321,-1.4671233728714728,2,right_annulus
5.643092842897333,-2.8280937490316393,2,right_annulus
5.506015056626139,-2.9473210332663022,2,right_annulus
2.804307757882764,0.6157484041547322,2,right_annulus
3.0136578945352546,1.4979896070057523,2,right_annulus
4.078420336321734,2.780091291735304,2,right_annulus
6.870640197620884,0.7894971324391257,2,right_annulus
5.220560103780135,2.172053925887005,2,right_annulus
5.016533937286321,2.156052612243078,2,right_annulus
2.3703813315329794,0.1557035856965754,2,right_annulus
4.9059481804742555,-2.1567906520951037,2,right_annulus
2.0093042584906553,0.4318318406352941,2,right_annulus
7.4391840318318865,0.9370080391461711,2,right_annulus
7.418777209284832,-0.6877149312034959,2,right_annulus
7.124943887984874,-0.7754203026380674,2,right_annulus
5.534479084502406,-2.3894306572476687,2,right_annulus
7.678540951187914,-0.20768606065345435,2,right_annulus
2.3541948912192745,-0.7965673777794282,2,right_annulus
7.7588392815305225,-0.6499075326215985,2,right_annulus
7.318848979495196,1.2773836014826476,2,right_annulus
2.9983181460066537,2.148536811146804,2,right_annulus
5.501856090730647,2.780092916975868,2,right_annulus
5.926626429823168,2.654068003079937,2,right_annulus
6.396868205740525,1.5714525776265678,2,right_annulus
3.444549026105492,-1.3893867036413474,2,right_annulus
5.449708203853763,-2.2840878962834545,2,right_annulus
2.7116273595114584,-1.1670618005195954,2,right_annulus
6.466540997134282,1.8955524706464004,2,right_annulus
5.907420682807305,-2.289417823069957,2,right_annulus
3.108590340687045,-2.1900920678057427,2,right_annulus
2.7501199044340137,1.977334575011569,2,right_annulus
3.6430173728592767,-2.663659971419003,2,right_annulus
4.836332625251993,2.4545720128814246,2,right_annulus
3.43117027119564,2.2942940459379293,2,right_annulus
7.07202405509023,-1.1261975576394077,2,right_annulus
4.462753114344255,2.1046281516542757,2,right_annulus
2.8330434464391328,0.44448313297661424,2,right_annulus
6.8830534823262335,-1.5577759426991649,2,right_annulus
4.3357369643335355,-2.3295581152158924,2,right_annulus
7.601601000629658,1.039335986211827,2,right_annulus
6.259671860815764,1.7077782405265953,2,right_annulus
7.767039416453742,0.10867487138836228,2,right_annulus
3.191714964230931,-1.9404368676511348,2,right_annulus
2.7675891813621623,0.7901408928664341,2,right_annulus
6.664224348508041,1.9262191491174223,2,right_annulus
7.369935421787833,-0.5521980059034387,2,right_annulus
2.2650081113292644,-0.5785140899559791,2,right_annulus
5.117478551830982,2.533778550164001,2,right_annulus
2.8903889052876464,0.11694480126070057,2,right_annulus
4.089976554807219,-1.9574328122413687,2,right_annulus
7.3404963386162505,1.2907813803491783,2,right_annulus
4.553950269723206,2.8693108679251655,2,right_annulus
5.804488304355005,-2.3086623338779804,2,right_annulus
2.2077660412623032,0.6788797198158903,2,right_annulus
2.4244853204171823,-0.726698244682627,2,right_annulus
2.2770990265691973,1.1636080543597718,2,right_annulus
7.699278857109438,0.7453310870419608,2,right_annulus
6.295073430977806,2.2859052664547694,2,right_annulus
2.5446129422080963,0.9057933995536365,2,right_annulus
5.859382940315764,2.8480257165149503,2,right_annulus
7.3400961296701945,0.7683667403554406,2,right_annulus
6.294218280391062,-1.95042536053787,2,right_annulus
6.940565152423285,-0.2589949153434211,2,right_annulus
5.787044626470759,-2.7360749138205547,2,right_annulus
6.806121366480781,-2.295123110087189,2,right_annulus
5.094785905308446,2.1882839274202603,2,right_annulus
7.424962175467262,-0.6742079041961103,2,right_annulus
5.85638927806611,2.431893029371706,2,right_annulus
7.093495025437919,-0.6556442165486058,2,right_annulus
7.90288999106091,-0.08700836748804307,2,right_annulus
4.472313860097456,-2.2123579008273917,2,right_annulus
7.090310985633761,-0.29693416848582915,2,right_annulus
2.6035652621518115,-1.2047548071120973,2,right_annulus
4.794260040223969,2.7161163240151343,2,right_annulus
3.168425229722508,0.7705028929970702,2,right_annulus
2.732529839461912,-1.4871462155850945,2,right_annulus
7.239367627943697,1.1944550567148784,2,right_annulus
3.369933904883459,-1.4997135370920613,2,right_annulus
7.252774522546627,-0.3042767250006967,2,right_annulus
5.991949834855975,2.3601731018058065,2,right_annulus
5.623559966699132,-2.23396656322139,2,right_annulus
7.446118334787007,-1.5432616660947123,2,right_annulus
7.642351415120907,-0.9221785790742826,2,right_annulus
7.839300180797762,-0.7046949367861088,2,right_annulus
2.6975041396651998,-0.2774982799419757,2,right_annulus
7.838474065399536,-0.3378065940109805,2,right_annulus
5.077120001475783,-2.4619420445293736,2,right_annulus
6.246623839539478,2.0681156747284644,2,right_annulus
2.990197949752779,0.2821883250275647,2,right_annulus
4.589832905899151,-2.0922619722772753,2,right_annulus
5.0853877468421045,2.6967365406666524,2,right_annulus
3.4763318256700506,-1.9390054573083502,2,right_annulus
3.919329658136951,-1.9584925635982247,2,right_annulus
6.409960612038522,2.3651574320040365,2,right_annulus
2.8953818207283,-0.9082825220570994,2,right_annulus
5.306500684985033,-2.5413943482113766,2,right_annulus
2.6295577574186417,-0.005048987109205871,2,right_annulus
7.924921447586895,0.2008756587597522,2,right_annulus
7.859177428569917,0.09512570272095247,2,right_annulus
3.521587653629349,1.939853315483039,2,right_annulus
7.069150960093136,-1.0466036842784525,2,right_annulus
5.264343289901765,2.3897465114614693,2,right_annulus
3.160467805886249,-2.0707644081591754,2,right_annulus
5.42778952964581,2.3476573539352787,2,right_annulus
4.088042181228466,2.0046293633585415,2,right_annulus
6.214430165912163,-1.609186904551942,2,right_annulus
4.62332962113502,-2.499168196910175,2,right_annulus
7.079852079433428,1.4865538892101346,2,right_annulus
2.341650028079713,1.220619682790204,2,right_annulus
7.1654125570486205,0.4473187849240734,2,right_annulus
2.636106287166053,0.3374735215767647,2,right_annulus
3.560910940558947,-2.406917970667873,2,right_annulus
7.1134083743994205,1.8130817208625492,2,right_annulus
4.32523147718547,2.3623677770900784,2,right_annulus
2.972403181545317,1.5637945891397986,2,right_annulus
6.993595478462788,-1.1111845444293886,2,right_annulus
7.9994430628529996,-0.10240600804757807,2,right_annulus
7.0292286578954535,0.5106680894029496,2,right_annulus
5.149190455796806,-2.97325680670225,2,right_annulus
3.115490090843538,1.9858508955523915,2,right_annulus
2.95468482580992,1.634351208935385,2,right_annulus
5.128858925704877,-1.9789495544451772,2,right_annulus
7.164205565539244,-1.2457170670527324,2,right_annulus
7.271541289917015,-0.7254336895967253,2,right_annulus
2.9524649400535705,-1.0204174198066105,2,right_annulus
3.316244251885356,2.0606755937900796,2,right_annulus
5.6674970876172415,-3.0062138509947713,2,right_annulus
4.912134473453696,2.631277372461754,2,right_annulus
2.527440674045809,-1.0695594805830964,2,right_annulus
3.719487268230929,1.5864918710372748,2,right_annulus
3.632660686976646,-2.1358490472371754,2,right_annulus
5.197265281567142,2.1681055166233194,2,right_annulus
5.9867516534283425,2.467546357221545,2,right_annulus
7.526590196782942,-1.4210034171694426,2,right_annulus
7.11706405445953,1.7069616836326942,2,right_annulus
2.948561972064939,-0.18543403473812337,2,right_annulus
5.457400719578533,2.327614442935767,2,right_annulus
7.529846598401093,0.6188678791116041,2,right_annulus
7.347892007530428,0.6231066080681738,2,right_annulus
6.324357029684872,2.466490754932821,2,right_annulus
6.864844583639834,-2.013513551083799,2,right_annulus
4.456461148275119,2.608568724112237,2,right_annulus
7.378192724922806,-0.7466667155920974,2,right_annulus
2.9653761685501117,-1.1370014253331742,2,right_annulus
2.959683882907135,0.8035567828516265,2,right_annulus
2.8422397017213923,-1.1064313930124003,2,right_annulus
2.6003611116525955,-0.3113570421641688,2,right_annulus
5.162453534331872,-2.6950529169218562,2,right_annulus
4.446065781148399,2.6248509459566973,2,right_annulus
3.7164310949174526,1.6255307041325902,2,right_annulus
6.947359903617634,-1.3800103843729399,2,right_annulus
7.048943441091246,-0.7104474100441945,2,right_annulus
6.722780072826595,-1.3362742574468034,2,right_annulus
2.4685913533134647,1.4397317776559166,2,right_annulus
5.344199342992716,-2.085562728799238,2,right_annulus
2.5263768203039936,0.4533701673372872,2,right_annulus
2.7812610651945557,-0.09143899351012251,2,right_annulus
5.811581639560555,2.742571823314116,2,right_annulus
2.8223996538689065,-1.4342799785525773,2,right_annulus
5.702560299469414,2.1195818532037216,2,right_annulus
3.708310328355626,2.2349788238226274,2,right_annulus
6.676876771304729,-2.194540937112539,2,right_annulus
5.865227814980001,2.8571142537645184,2,right_annulus
6.9827802975345366,0.9277029188195208,2,right_annulus
7.64305589806147,1.145026153674386,2,right_annulus
7.818015996393186,-1.0341979163529291,2,right_annulus
2.007597978590282,-0.09265721409045594,2,right_annulus
2.763057582211539,1.5230537852274226,2,right_annulus
5.957879204181292,-2.5200479016731956,2,right_annulus
6.234266081001243,-2.0700488930991567,2,right_annulus
3.584180017892462,2.4085273495828776,2,right_annulus
4.068414053107066,-2.360281506514365,2,right_annulus
5.4957584872107175,-2.6429384179010547,2,right_annulus
3.644679870168381,-2.036184090652086,2,right_annulus
6.659097283424464,2.237936569851196,2,right_annulus
7.050986951890198,-1.9559773902803834,2,right_annulus
2.809628662014427,-0.4966485504032976,2,right_annulus
4.440791304595141,2.7638948180971457,2,right_annulus
2.7453954768750117,1.1055571479706576,2,right_annulus
7.745432584350225,0.6562548525741326,2,right_annulus
6.770875766457245,1.8615829072960024,2,right_annulus
5.272014775981002,-2.3591046500120147,2,right_annulus
8.020963936284845,-0.055402300491984295,2,right_annulus
2.9944194848128007,1.0891514641199096,2,right_annulus
2.106510487918398,-0.34044495317979573,2,right_annulus
7.36788014918269,0.7960313861054145,2,right_annulus
7.598487868559062,-0.40606417900668074,2,right_annulus
5.2604104914004335,2.2969757470418752,2,right_annulus
4.0214581803263965,2.5505426475981157,2,right_annulus
4.215852781413606,2.198472107427412,2,right_annulus
5.229294021599284,2.0901789721466613,2,right_annulus
7.315453003595032,0.03068175053896472,2,right_annulus
4.7874027396998295,-1.9784619578591862,2,right_annulus
7.889812247937766,-0.7152111468430077,2,right_annulus
5.384189582105396,2.8224990609502303,2,right_annulus
3.8321289916737995,-2.0997204618397673,2,right_annulus
4.809445263464538,-2.7484624881824216,2,right_annulus
6.334708542983244,-2.006498109878817,2,right_annulus
2.6572991935822734,1.212689887578958,2,right_annulus
4.055791505213285,2.706049498319843,2,right_annulus
3.6502730509450974,2.658839255349037,2,right_annulus
4.454083026942783,-2.389343136497492,2,right_annulus
6.200405297374767,-2.5305532125720744,2,right_annulus
5.945048533207143,2.0400356723596182,2,right_annulus
3.0150192029212466,2.151080743660448,2,right_annulus
6.551534906055796,-1.0918320455281085,2,right_annulus
5.9618047777930805,-2.4793664272274554,2,right_annulus
7.6472015647054326,-0.25030062717816864,2,right_annulus
5.141413748126304,-2.6114090939948005,2,right_annulus
3.327070118796092,1.2639856718411169,2,right_annulus
2.4833487086001975,-1.5499363242891748,2,right_annulus
3.858264900486904,-1.7944534941382697,2,right_annulus
7.394270132483413,1.2459363712825509,2,right_annulus
2.8586200923834015,-0.5810284757678197,2,right_annulus
4.353655909458939,-2.3255509575788427,2,right_annulus
6.263878726947754,2.2180274041234544,2,right_annulus
5.471676235663213,-2.402176151283268,2,right_annulus
3.103379742057162,-1.0608807939643365,2,right_annulus
7.142283062527134,-0.5955026350828257,2,right_annulus
7.280041663812243,0.7285418179219388,2,right_annulus
4.748422982715436,2.774114586350142,2,right_annulus
2.6450769402242664,-1.675899652869103,2,right_annulus
4.351726773513875,1.9960862323224273,2,right_annulus
4.421452968749978,-2.3365715261662685,2,right_annulus
5.109253694944018,-2.1078400156043777,2,right_annulus
6.435694180522993,1.2356755862550366,2,right_annulus
2.2717309979219515,-0.21386249178058275,2,right_annulus
2.3122749597050323,-0.22808190102014675,2,right_annulus
3.5317591187380595,1.5501653553582282,2,right_annulus
7.034341706336048,-0.924939673816488,2,right_annulus
5.9389408717912815,-1.8778564152787929,2,right_annulus
4.146047695598022,-2.6617433269935384,2,right_annulus
4.387611343593638,-2.860741109323601,2,right_annulus
2.944675265363354,0.5315833449813933,2,right_annulus
6.971883915598897,-1.1376555960581396,2,right_annulus
4.041883569909515,-2.646005852492107,2,right_annulus
4.601411818297401,-2.810635402884035,2,right_annulus
6.58440198015998,-1.8785523336008247,2,right_annulus
4.7097558168895475,2.064291147540383,2,right_annulus
5.689126497171953,-1.9082541281656378,2,right_annulus
5.958760145839992,2.493925773785129,2,right_annulus
3.6149212425189394,2.0109870002292194,2,right_annulus
3.988051505865522,1.7463254354244475,2,right_annulus
7.678755640673164,-0.30848388504015456,2,right_annulus
6.301338987480342,-1.4621559944162046,2,right_annulus
4.07869583303559,-2.7556878495893846,2,right_annulus
4.684353594336914,-2.3328490291842288,2,right_annulus
3.1467569620701967,-0.8383252565110634,2,right_annulus
7.535062058269931,-0.7802392794567422,2,right_annulus
2.4978860723451244,0.028132252553856384,2,right_annulus
2.7895963288183103,1.9594082581917915,2,right_annulus
6.396856302210275,2.246912377532758,2,right_annulus
5.48483949904795,-2.171709568418243,2,right_annulus
4.716925117050734,-2.7009236218239434,2,right_annulus
3.348789840767378,1.54794804130601,2,right_annulus
7.8802261183888715,0.4806102674985843,2,right_annulus
6.249348848596292,-1.9836720833893233,2,right_annulus
7.547386148580741,0.14251050657355682,2,right_annulus
4.4251279535490085,-1.9811894269171813,2,right_annulus
7.3662381550652185,-0.48266212164297073,2,right_annulus
2.347104596159852,1.0322149966038092,2,right_annulus
5.283780853417892,2.8043774530179957,2,right_annulus
4.431813366081046,-2.1173360423208862,2,right_annulus
5.960647076120988,-2.0382047483840973,2,right_annulus
2.240767078828167,-0.7856553226506411,2,right_annulus
7.937479283369268,-0.5975680392078915,2,right_annulus
6.990347602943913,0.7010608838654048,2,right_annulus
2.4392910450329044,-0.1153489675261739,2,right_annulus
4.5217964683353244,-2.3535828186317196,2,right_annulus
6.950903150023698,-2.186492052234572,2,right_annulus
5.912056172214274,1.9114481030805084,2,right_annulus
5.695489165942348,-2.1224000682674338,2,right_annulus
2.4471505446916306,-0.912811187309139,2,right_annulus
3.2859803869922013,1.2296564017206206,2,right_annulus
6.655891594781349,2.029702321040694,2,right_annulus
6.570730338448477,-1.8209425202898717,2,right_annulus
6.329018857804999,2.009348715001968,2,right_annulus
4.111678538087023,2.261858282993407,2,right_annulus
4.435125234092798,2.474942624278441,2,right_annulus
6.527149273145313,-1.5913699788917932,2,right_annulus
